[2026-08-20 14:36:42] [INFO] 成功读取MIT-BIH记录：D:/桌面/ECG-Auxiliary-Screening/data/mitbih/mit-bih-arrhythmia-database-1.0.0/100，采样率360Hz
[2026-08-20 14:36:49] [INFO] R峰检测完成，共2272个
[2026-08-20 14:36:49] [INFO] HRV特征计算完成：{'HR': 75.48, 'RR_mean': 794.93, 'RR_std': 53.05, 'SDNN': 53.05, 'RMSSD': 70.58}
[2026-08-20 14:36:49] [INFO] 波形时间特征计算完成：{'PR': 177.98, 'QRS': 54.29, 'QT': 278.02, 'QTc': 307.12}
[2026-08-20 14:36:49] [INFO] 波形振幅特征计算完成：{'ST_shift': -0.083, 'P_amp': 0.108, 'T_amp': 0.038}
[2026-08-20 14:36:49] [INFO] 12项特征提取完成：{'HR': 75.48, 'RR_mean': 794.93, 'RR_std': 53.05, 'SDNN': 53.05, 'RMSSD': 70.58, 'PR': 177.98, 'QRS': 54.29, 'QT': 278.02, 'QTc': 307.12, 'ST_shift': -0.083, 'P_amp': 0.108, 'T_amp': 0.038}
[2026-08-20 15:03:19] [INFO] 成功读取MIT-BIH记录：D:/桌面/ECG-Auxiliary-Screening/data/mitbih/mit-bih-arrhythmia-database-1.0.0/100，采样率360Hz
[2026-08-20 15:03:27] [INFO] R峰检测完成，共2272个
[2026-08-20 15:03:27] [INFO] HRV特征计算完成：{'HR': 75.48, 'RR_mean': 794.93, 'RR_std': 53.05, 'SDNN': 53.05, 'RMSSD': 70.58}
[2026-08-20 15:03:27] [INFO] 波形时间特征计算完成：{'PR': 177.98, 'QRS': 54.29, 'QT': 278.02, 'QTc': 307.12}
[2026-08-20 15:03:27] [INFO] 波形振幅特征计算完成：{'ST_shift': -0.083, 'P_amp': 0.108, 'T_amp': 0.038}
[2026-08-20 15:03:27] [INFO] 12项特征提取完成：{'HR': 75.48, 'RR_mean': 794.93, 'RR_std': 53.05, 'SDNN': 53.05, 'RMSSD': 70.58, 'PR': 177.98, 'QRS': 54.29, 'QT': 278.02, 'QTc': 307.12, 'ST_shift': -0.083, 'P_amp': 0.108, 'T_amp': 0.038}
[2026-08-20 15:03:27] [INFO] 规则推理完成：risk=低危, score=0.00
[2026-08-20 15:03:28] [INFO] 成功读取MIT-BIH记录：D:/桌面/ECG-Auxiliary-Screening/data/mitbih/mit-bih-arrhythmia-database-1.0.0/101，采样率360Hz
[2026-08-20 15:03:37] [INFO] R峰检测完成，共1833个
[2026-08-20 15:03:37] [INFO] HRV特征计算完成：{'HR': 60.91, 'RR_mean': 985.05, 'RR_std': 236.92, 'SDNN': 236.92, 'RMSSD': 328.86}
[2026-08-20 15:03:37] [INFO] 波形时间特征计算完成：{'PR': 117.47, 'QRS': 95.45, 'QT': 139.5, 'QTc': 147.5}
[2026-08-20 15:03:37] [INFO] 波形振幅特征计算完成：{'ST_shift': -0.137, 'P_amp': 0.136, 'T_amp': 0.198}
[2026-08-20 15:03:37] [INFO] 12项特征提取完成：{'HR': 60.91, 'RR_mean': 985.05, 'RR_std': 236.92, 'SDNN': 236.92, 'RMSSD': 328.86, 'PR': 117.47, 'QRS': 95.45, 'QT': 139.5, 'QTc': 147.5, 'ST_shift': -0.137, 'P_amp': 0.136, 'T_amp': 0.198}
[2026-08-20 15:03:37] [INFO] 规则推理完成：risk=低危, score=0.00
[2026-08-20 15:03:37] [INFO] 成功读取MIT-BIH记录：D:/桌面/ECG-Auxiliary-Screening/data/mitbih/mit-bih-arrhythmia-database-1.0.0/103，采样率360Hz
[2026-08-20 15:03:44] [INFO] R峰检测完成，共2077个
[2026-08-20 15:03:44] [INFO] HRV特征计算完成：{'HR': 69.03, 'RR_mean': 869.2, 'RR_std': 100.18, 'SDNN': 100.18, 'RMSSD': 136.5}
[2026-08-20 15:03:44] [INFO] 波形时间特征计算完成：{'PR': 188.41, 'QRS': 42.16, 'QT': 255.03, 'QTc': 278.9}
[2026-08-20 15:03:45] [INFO] 波形振幅特征计算完成：{'ST_shift': -0.188, 'P_amp': 0.01, 'T_amp': 0.326}
[2026-08-20 15:03:45] [INFO] 12项特征提取完成：{'HR': 69.03, 'RR_mean': 869.2, 'RR_std': 100.18, 'SDNN': 100.18, 'RMSSD': 136.5, 'PR': 188.41, 'QRS': 42.16, 'QT': 255.03, 'QTc': 278.9, 'ST_shift': -0.188, 'P_amp': 0.01, 'T_amp': 0.326}
[2026-08-20 15:03:45] [INFO] 规则推理完成：risk=低危, score=0.00
[2026-08-20 15:03:45] [INFO] 成功读取MIT-BIH记录：D:/桌面/ECG-Auxiliary-Screening/data/mitbih/mit-bih-arrhythmia-database-1.0.0/105，采样率360Hz
[2026-08-20 15:03:52] [INFO] R峰检测完成，共5个
[2026-08-20 15:03:52] [INFO] HRV特征计算完成：{'HR': 0.5, 'RR_mean': 119548.61, 'RR_std': 173592.35, 'SDNN': 173592.35, 'RMSSD': 319853.87}
[2026-08-20 15:03:52] [INFO] 波形时间特征计算完成：{'PR': 102.78, 'QRS': 62.04, 'QT': 63.89, 'QTc': 42.88}
[2026-08-20 15:03:52] [INFO] 波形振幅特征计算完成：{'ST_shift': 1.669, 'P_amp': 0.492, 'T_amp': 1.998}
[2026-08-20 15:03:52] [INFO] 12项特征提取完成：{'HR': 0.5, 'RR_mean': 119548.61, 'RR_std': 173592.35, 'SDNN': 173592.35, 'RMSSD': 319853.87, 'PR': 102.78, 'QRS': 62.04, 'QT': 63.89, 'QTc': 42.88, 'ST_shift': 1.669, 'P_amp': 0.492, 'T_amp': 1.998}
[2026-08-20 15:03:52] [INFO] 规则推理完成：risk=低危, score=0.25
[2026-08-20 15:03:53] [INFO] 成功读取MIT-BIH记录：D:/桌面/ECG-Auxiliary-Screening/data/mitbih/mit-bih-arrhythmia-database-1.0.0/106，采样率360Hz
[2026-08-20 15:04:10] [INFO] R峰检测完成，共1139个
[2026-08-20 15:04:10] [INFO] HRV特征计算完成：{'HR': 37.85, 'RR_mean': 1585.26, 'RR_std': 4798.05, 'SDNN': 4798.05, 'RMSSD': 6756.5}
[2026-08-20 15:04:11] [INFO] 波形时间特征计算完成：{'PR': 114.77, 'QRS': 41.57, 'QT': 159.05, 'QTc': 156.05}
[2026-08-20 15:04:11] [INFO] 波形振幅特征计算完成：{'ST_shift': -0.257, 'P_amp': 0.218, 'T_amp': 0.466}
[2026-08-20 15:04:11] [INFO] 12项特征提取完成：{'HR': 37.85, 'RR_mean': 1585.26, 'RR_std': 4798.05, 'SDNN': 4798.05, 'RMSSD': 6756.5, 'PR': 114.77, 'QRS': 41.57, 'QT': 159.05, 'QTc': 156.05, 'ST_shift': -0.257, 'P_amp': 0.218, 'T_amp': 0.466}
[2026-08-20 15:04:11] [INFO] 规则推理完成：risk=低危, score=0.25
[2026-08-20 15:04:11] [INFO] 成功读取MIT-BIH记录：D:/桌面/ECG-Auxiliary-Screening/data/mitbih/mit-bih-arrhythmia-database-1.0.0/108，采样率360Hz
[2026-08-20 15:04:19] [INFO] R峰检测完成，共794个
[2026-08-20 15:04:19] [INFO] HRV特征计算完成：{'HR': 29.3, 'RR_mean': 2047.95, 'RR_std': 6479.98, 'SDNN': 6479.98, 'RMSSD': 8957.88}
[2026-08-20 15:04:19] [INFO] 波形时间特征计算完成：{'PR': 63.82, 'QRS': 22.93, 'QT': 316.06, 'QTc': 209.54}
[2026-08-20 15:04:19] [INFO] 波形振幅特征计算完成：{'ST_shift': -0.163, 'P_amp': 0.262, 'T_amp': 0.059}
[2026-08-20 15:04:19] [INFO] 12项特征提取完成：{'HR': 29.3, 'RR_mean': 2047.95, 'RR_std': 6479.98, 'SDNN': 6479.98, 'RMSSD': 8957.88, 'PR': 63.82, 'QRS': 22.93, 'QT': 316.06, 'QTc': 209.54, 'ST_shift': -0.163, 'P_amp': 0.262, 'T_amp': 0.059}
[2026-08-20 15:04:19] [INFO] 规则推理完成：risk=低危, score=0.25
[2026-08-20 15:04:19] [INFO] 成功读取MIT-BIH记录：D:/桌面/ECG-Auxiliary-Screening/data/mitbih/mit-bih-arrhythmia-database-1.0.0/112，采样率360Hz
[2026-08-20 15:04:25] [INFO] R峰检测完成，共2533个
[2026-08-20 15:04:25] [INFO] HRV特征计算完成：{'HR': 84.17, 'RR_mean': 712.83, 'RR_std': 52.56, 'SDNN': 52.56, 'RMSSD': 65.27}
[2026-08-20 15:04:25] [INFO] 波形时间特征计算完成：{'PR': 168.14, 'QRS': 9.78, 'QT': 315.25, 'QTc': 360.69}
[2026-08-20 15:04:25] [INFO] 波形振幅特征计算完成：{'ST_shift': -0.13, 'P_amp': 0.176, 'T_amp': 0.152}
[2026-08-20 15:04:25] [INFO] 12项特征提取完成：{'HR': 84.17, 'RR_mean': 712.83, 'RR_std': 52.56, 'SDNN': 52.56, 'RMSSD': 65.27, 'PR': 168.14, 'QRS': 9.78, 'QT': 315.25, 'QTc': 360.69, 'ST_shift': -0.13, 'P_amp': 0.176, 'T_amp': 0.152}
[2026-08-20 15:04:25] [INFO] 规则推理完成：risk=低危, score=0.00
[2026-08-20 15:04:25] [INFO] 成功读取MIT-BIH记录：D:/桌面/ECG-Auxiliary-Screening/data/mitbih/mit-bih-arrhythmia-database-1.0.0/113，采样率360Hz
[2026-08-20 15:04:31] [INFO] R峰检测完成，共1795个
[2026-08-20 15:04:31] [INFO] HRV特征计算完成：{'HR': 59.63, 'RR_mean': 1006.17, 'RR_std': 99.12, 'SDNN': 99.12, 'RMSSD': 102.76}
[2026-08-20 15:04:31] [INFO] 波形时间特征计算完成：{'PR': 136.44, 'QRS': 47.87, 'QT': 45.11, 'QTc': 42.16}
[2026-08-20 15:04:31] [INFO] 波形振幅特征计算完成：{'ST_shift': -0.076, 'P_amp': -0.092, 'T_amp': 0.918}
[2026-08-20 15:04:31] [INFO] 12项特征提取完成：{'HR': 59.63, 'RR_mean': 1006.17, 'RR_std': 99.12, 'SDNN': 99.12, 'RMSSD': 102.76, 'PR': 136.44, 'QRS': 47.87, 'QT': 45.11, 'QTc': 42.16, 'ST_shift': -0.076, 'P_amp': -0.092, 'T_amp': 0.918}
[2026-08-20 15:04:31] [INFO] 规则推理完成：risk=低危, score=0.00
[2026-08-20 15:04:32] [INFO] 成功读取MIT-BIH记录：D:/桌面/ECG-Auxiliary-Screening/data/mitbih/mit-bih-arrhythmia-database-1.0.0/114，采样率360Hz
[2026-08-20 15:04:38] [INFO] R峰检测完成，共98个
[2026-08-20 15:04:38] [INFO] HRV特征计算完成：{'HR': 3.45, 'RR_mean': 17400.52, 'RR_std': 38726.75, 'SDNN': 38726.75, 'RMSSD': 54860.24}
[2026-08-20 15:04:38] [INFO] 波形时间特征计算完成：{'PR': 91.52, 'QRS': 15.28, 'QT': 267.97, 'QTc': 41.7}
[2026-08-20 15:04:38] [INFO] 波形振幅特征计算完成：{'ST_shift': -0.03, 'P_amp': 0.109, 'T_amp': 0.301}
[2026-08-20 15:04:38] [INFO] 12项特征提取完成：{'HR': 3.45, 'RR_mean': 17400.52, 'RR_std': 38726.75, 'SDNN': 38726.75, 'RMSSD': 54860.24, 'PR': 91.52, 'QRS': 15.28, 'QT': 267.97, 'QTc': 41.7, 'ST_shift': -0.03, 'P_amp': 0.109, 'T_amp': 0.301}
[2026-08-20 15:04:38] [INFO] 规则推理完成：risk=低危, score=0.25
[2026-08-20 15:04:38] [INFO] 成功读取MIT-BIH记录：D:/桌面/ECG-Auxiliary-Screening/data/mitbih/mit-bih-arrhythmia-database-1.0.0/115，采样率360Hz
[2026-08-20 15:04:44] [INFO] R峰检测完成，共1951个
[2026-08-20 15:04:44] [INFO] HRV特征计算完成：{'HR': 64.82, 'RR_mean': 925.63, 'RR_std': 91.91, 'SDNN': 91.91, 'RMSSD': 89.04}
[2026-08-20 15:04:44] [INFO] 波形时间特征计算完成：{'PR': 186.55, 'QRS': 7.96, 'QT': 318.79, 'QTc': 320.58}
[2026-08-20 15:04:44] [INFO] 波形振幅特征计算完成：{'ST_shift': -0.021, 'P_amp': 0.023, 'T_amp': 0.178}
[2026-08-20 15:04:44] [INFO] 12项特征提取完成：{'HR': 64.82, 'RR_mean': 925.63, 'RR_std': 91.91, 'SDNN': 91.91, 'RMSSD': 89.04, 'PR': 186.55, 'QRS': 7.96, 'QT': 318.79, 'QTc': 320.58, 'ST_shift': -0.021, 'P_amp': 0.023, 'T_amp': 0.178}
[2026-08-20 15:04:44] [INFO] 规则推理完成：risk=低危, score=0.00
[2026-08-20 15:11:23] [INFO] 成功读取MIT-BIH记录：D:/桌面/ECG-Auxiliary-Screening/data/mitbih/mit-bih-arrhythmia-database-1.0.0/100，采样率360Hz
[2026-08-20 15:11:29] [INFO] R峰检测完成，共2272个
[2026-08-20 15:11:29] [INFO] HRV特征计算完成：{'HR': 75.48, 'RR_mean': 794.93, 'RR_std': 53.05, 'SDNN': 53.05, 'RMSSD': 70.58}
[2026-08-20 15:11:29] [INFO] 波形时间特征计算完成：{'PR': 177.98, 'QRS': 54.29, 'QT': 278.02, 'QTc': 307.12}
[2026-08-20 15:11:29] [INFO] 波形振幅特征计算完成：{'ST_shift': -0.083, 'P_amp': 0.108, 'T_amp': 0.038}
[2026-08-20 15:11:29] [INFO] 12项特征提取完成：{'HR': 75.48, 'RR_mean': 794.93, 'RR_std': 53.05, 'SDNN': 53.05, 'RMSSD': 70.58, 'PR': 177.98, 'QRS': 54.29, 'QT': 278.02, 'QTc': 307.12, 'ST_shift': -0.083, 'P_amp': 0.108, 'T_amp': 0.038}
[2026-08-20 15:11:29] [INFO] 规则推理完成：risk=低危, score=0.00
[2026-08-20 15:11:29] [INFO] 成功读取MIT-BIH记录：D:/桌面/ECG-Auxiliary-Screening/data/mitbih/mit-bih-arrhythmia-database-1.0.0/106，采样率360Hz
[2026-08-20 15:11:35] [INFO] R峰检测完成，共1139个
[2026-08-20 15:11:35] [INFO] HRV特征计算完成：{'HR': 37.85, 'RR_mean': 1585.26, 'RR_std': 4798.05, 'SDNN': 4798.05, 'RMSSD': 6756.5}
[2026-08-20 15:11:35] [INFO] 波形时间特征计算完成：{'PR': 114.77, 'QRS': 41.57, 'QT': 159.05, 'QTc': 156.05}
[2026-08-20 15:11:35] [INFO] 波形振幅特征计算完成：{'ST_shift': -0.257, 'P_amp': 0.218, 'T_amp': 0.466}
[2026-08-20 15:11:35] [INFO] 12项特征提取完成：{'HR': 37.85, 'RR_mean': 1585.26, 'RR_std': 4798.05, 'SDNN': 4798.05, 'RMSSD': 6756.5, 'PR': 114.77, 'QRS': 41.57, 'QT': 159.05, 'QTc': 156.05, 'ST_shift': -0.257, 'P_amp': 0.218, 'T_amp': 0.466}
[2026-08-20 15:11:35] [INFO] 规则推理完成：risk=中危, score=0.25
[2026-08-20 15:11:35] [INFO] 成功读取MIT-BIH记录：D:/桌面/ECG-Auxiliary-Screening/data/mitbih/mit-bih-arrhythmia-database-1.0.0/108，采样率360Hz
[2026-08-20 15:11:41] [INFO] R峰检测完成，共794个
[2026-08-20 15:11:41] [INFO] HRV特征计算完成：{'HR': 29.3, 'RR_mean': 2047.95, 'RR_std': 6479.98, 'SDNN': 6479.98, 'RMSSD': 8957.88}
[2026-08-20 15:11:41] [INFO] 波形时间特征计算完成：{'PR': 63.82, 'QRS': 22.93, 'QT': 316.06, 'QTc': 209.54}
[2026-08-20 15:11:41] [INFO] 波形振幅特征计算完成：{'ST_shift': -0.163, 'P_amp': 0.262, 'T_amp': 0.059}
[2026-08-20 15:11:41] [INFO] 12项特征提取完成：{'HR': 29.3, 'RR_mean': 2047.95, 'RR_std': 6479.98, 'SDNN': 6479.98, 'RMSSD': 8957.88, 'PR': 63.82, 'QRS': 22.93, 'QT': 316.06, 'QTc': 209.54, 'ST_shift': -0.163, 'P_amp': 0.262, 'T_amp': 0.059}
[2026-08-20 15:11:41] [INFO] 规则推理完成：risk=中危, score=0.25
[2026-08-20 15:11:41] [INFO] 成功读取MIT-BIH记录：D:/桌面/ECG-Auxiliary-Screening/data/mitbih/mit-bih-arrhythmia-database-1.0.0/109，采样率360Hz
[2026-08-20 15:11:47] [INFO] R峰检测完成，共660个
[2026-08-20 15:11:47] [INFO] HRV特征计算完成：{'HR': 22.11, 'RR_mean': 2713.2, 'RR_std': 6439.96, 'SDNN': 6439.96, 'RMSSD': 8307.56}
[2026-08-20 15:11:47] [INFO] 波形时间特征计算完成：{'PR': 68.06, 'QRS': 9.58, 'QT': 296.07, 'QTc': 42.56}
[2026-08-20 15:11:47] [INFO] 波形振幅特征计算完成：{'ST_shift': -0.489, 'P_amp': 1.256, 'T_amp': 0.207}
[2026-08-20 15:11:47] [INFO] 12项特征提取完成：{'HR': 22.11, 'RR_mean': 2713.2, 'RR_std': 6439.96, 'SDNN': 6439.96, 'RMSSD': 8307.56, 'PR': 68.06, 'QRS': 9.58, 'QT': 296.07, 'QTc': 42.56, 'ST_shift': -0.489, 'P_amp': 1.256, 'T_amp': 0.207}
[2026-08-20 15:11:47] [INFO] 规则推理完成：risk=中危, score=0.25
[2026-08-20 15:11:47] [INFO] 成功读取MIT-BIH记录：D:/桌面/ECG-Auxiliary-Screening/data/mitbih/mit-bih-arrhythmia-database-1.0.0/111，采样率360Hz
[2026-08-20 15:11:53] [INFO] R峰检测完成，共1509个
[2026-08-20 15:11:53] [INFO] HRV特征计算完成：{'HR': 50.28, 'RR_mean': 1193.27, 'RR_std': 1295.28, 'SDNN': 1295.28, 'RMSSD': 1606.93}
[2026-08-20 15:11:53] [INFO] 波形时间特征计算完成：{'PR': 76.1, 'QRS': 5.09, 'QT': 218.98, 'QTc': 168.5}
[2026-08-20 15:11:53] [INFO] 波形振幅特征计算完成：{'ST_shift': -0.109, 'P_amp': 0.324, 'T_amp': 0.335}
[2026-08-20 15:11:53] [INFO] 12项特征提取完成：{'HR': 50.28, 'RR_mean': 1193.27, 'RR_std': 1295.28, 'SDNN': 1295.28, 'RMSSD': 1606.93, 'PR': 76.1, 'QRS': 5.09, 'QT': 218.98, 'QTc': 168.5, 'ST_shift': -0.109, 'P_amp': 0.324, 'T_amp': 0.335}
[2026-08-20 15:11:53] [INFO] 规则推理完成：risk=低危, score=0.10
[2026-08-20 15:11:53] [INFO] 成功读取MIT-BIH记录：D:/桌面/ECG-Auxiliary-Screening/data/mitbih/mit-bih-arrhythmia-database-1.0.0/116，采样率360Hz
[2026-08-20 15:11:59] [INFO] R峰检测完成，共1925个
[2026-08-20 15:11:59] [INFO] HRV特征计算完成：{'HR': 66.5, 'RR_mean': 902.23, 'RR_std': 2838.98, 'SDNN': 2838.98, 'RMSSD': 2986.34}
[2026-08-20 15:11:59] [INFO] 波形时间特征计算完成：{'PR': 154.09, 'QRS': 34.43, 'QT': 243.11, 'QTc': 277.15}
[2026-08-20 15:11:59] [INFO] 波形振幅特征计算完成：{'ST_shift': -0.216, 'P_amp': 0.04, 'T_amp': 0.387}
[2026-08-20 15:11:59] [INFO] 12项特征提取完成：{'HR': 66.5, 'RR_mean': 902.23, 'RR_std': 2838.98, 'SDNN': 2838.98, 'RMSSD': 2986.34, 'PR': 154.09, 'QRS': 34.43, 'QT': 243.11, 'QTc': 277.15, 'ST_shift': -0.216, 'P_amp': 0.04, 'T_amp': 0.387}
[2026-08-20 15:11:59] [INFO] 规则推理完成：risk=低危, score=0.00
[2026-08-20 15:11:59] [INFO] 成功读取MIT-BIH记录：D:/桌面/ECG-Auxiliary-Screening/data/mitbih/mit-bih-arrhythmia-database-1.0.0/119，采样率360Hz
[2026-08-20 15:12:06] [INFO] R峰检测完成，共1987个
[2026-08-20 15:12:06] [INFO] HRV特征计算完成：{'HR': 66.05, 'RR_mean': 908.41, 'RR_std': 226.06, 'SDNN': 226.06, 'RMSSD': 406.55}
[2026-08-20 15:12:06] [INFO] 波形时间特征计算完成：{'PR': 138.87, 'QRS': 74.8, 'QT': 104.77, 'QTc': 134.02}
[2026-08-20 15:12:06] [INFO] 波形振幅特征计算完成：{'ST_shift': -0.254, 'P_amp': 0.537, 'T_amp': 0.269}
[2026-08-20 15:12:06] [INFO] 12项特征提取完成：{'HR': 66.05, 'RR_mean': 908.41, 'RR_std': 226.06, 'SDNN': 226.06, 'RMSSD': 406.55, 'PR': 138.87, 'QRS': 74.8, 'QT': 104.77, 'QTc': 134.02, 'ST_shift': -0.254, 'P_amp': 0.537, 'T_amp': 0.269}
[2026-08-20 15:12:06] [INFO] 规则推理完成：risk=低危, score=0.00
[2026-08-20 15:12:06] [INFO] 成功读取MIT-BIH记录：D:/桌面/ECG-Auxiliary-Screening/data/mitbih/mit-bih-arrhythmia-database-1.0.0/200，采样率360Hz
[2026-08-20 15:12:13] [INFO] R峰检测完成，共1833个
[2026-08-20 15:12:13] [INFO] HRV特征计算完成：{'HR': 61.12, 'RR_mean': 981.74, 'RR_std': 870.45, 'SDNN': 870.45, 'RMSSD': 1108.77}
[2026-08-20 15:12:13] [INFO] 波形时间特征计算完成：{'PR': 112.24, 'QRS': 12.1, 'QT': 256.68, 'QTc': 303.8}
[2026-08-20 15:12:13] [INFO] 波形振幅特征计算完成：{'ST_shift': -0.069, 'P_amp': 0.086, 'T_amp': 0.372}
[2026-08-20 15:12:13] [INFO] 12项特征提取完成：{'HR': 61.12, 'RR_mean': 981.74, 'RR_std': 870.45, 'SDNN': 870.45, 'RMSSD': 1108.77, 'PR': 112.24, 'QRS': 12.1, 'QT': 256.68, 'QTc': 303.8, 'ST_shift': -0.069, 'P_amp': 0.086, 'T_amp': 0.372}
[2026-08-20 15:12:13] [INFO] 规则推理完成：risk=低危, score=0.00
[2026-08-20 15:12:14] [INFO] 成功读取MIT-BIH记录：D:/桌面/ECG-Auxiliary-Screening/data/mitbih/mit-bih-arrhythmia-database-1.0.0/201，采样率360Hz
[2026-08-20 15:12:22] [INFO] R峰检测完成，共1742个
[2026-08-20 15:12:22] [INFO] HRV特征计算完成：{'HR': 57.89, 'RR_mean': 1036.51, 'RR_std': 535.26, 'SDNN': 535.26, 'RMSSD': 542.6}
[2026-08-20 15:12:22] [INFO] 波形时间特征计算完成：{'PR': 110.36, 'QRS': 79.01, 'QT': 272.52, 'QTc': 323.8}
[2026-08-20 15:12:22] [INFO] 波形振幅特征计算完成：{'ST_shift': -0.07, 'P_amp': 0.087, 'T_amp': 0.153}
[2026-08-20 15:12:22] [INFO] 12项特征提取完成：{'HR': 57.89, 'RR_mean': 1036.51, 'RR_std': 535.26, 'SDNN': 535.26, 'RMSSD': 542.6, 'PR': 110.36, 'QRS': 79.01, 'QT': 272.52, 'QTc': 323.8, 'ST_shift': -0.07, 'P_amp': 0.087, 'T_amp': 0.153}
[2026-08-20 15:12:22] [INFO] 规则推理完成：risk=低危, score=0.00
[2026-08-20 15:12:22] [INFO] 成功读取MIT-BIH记录：D:/桌面/ECG-Auxiliary-Screening/data/mitbih/mit-bih-arrhythmia-database-1.0.0/203，采样率360Hz
[2026-08-20 15:12:30] [INFO] R峰检测完成，共201个
[2026-08-20 15:12:30] [INFO] HRV特征计算完成：{'HR': 6.71, 'RR_mean': 8936.06, 'RR_std': 11728.17, 'SDNN': 11728.17, 'RMSSD': 14908.48}
[2026-08-20 15:12:30] [INFO] 波形时间特征计算完成：{'PR': 109.66, 'QRS': 44.61, 'QT': 212.81, 'QTc': 189.72}
[2026-08-20 15:12:30] [INFO] 波形振幅特征计算完成：{'ST_shift': 0.35, 'P_amp': 0.456, 'T_amp': 1.269}
[2026-08-20 15:12:30] [INFO] 12项特征提取完成：{'HR': 6.71, 'RR_mean': 8936.06, 'RR_std': 11728.17, 'SDNN': 11728.17, 'RMSSD': 14908.48, 'PR': 109.66, 'QRS': 44.61, 'QT': 212.81, 'QTc': 189.72, 'ST_shift': 0.35, 'P_amp': 0.456, 'T_amp': 1.269}
[2026-08-20 15:12:30] [INFO] 规则推理完成：risk=中危, score=0.25
[2026-08-20 15:12:30] [INFO] 成功读取MIT-BIH记录：D:/桌面/ECG-Auxiliary-Screening/data/mitbih/mit-bih-arrhythmia-database-1.0.0/207，采样率360Hz
[2026-08-20 15:12:37] [INFO] R峰检测完成，共83个
[2026-08-20 15:12:37] [INFO] HRV特征计算完成：{'HR': 3.24, 'RR_mean': 18498.95, 'RR_std': 65276.67, 'SDNN': 65276.67, 'RMSSD': 93259.41}
[2026-08-20 15:12:37] [INFO] 波形时间特征计算完成：{'PR': 141.29, 'QRS': 67.9, 'QT': 277.16, 'QTc': 61.34}
[2026-08-20 15:12:37] [INFO] 波形振幅特征计算完成：{'ST_shift': -0.002, 'P_amp': 0.224, 'T_amp': 0.429}
[2026-08-20 15:12:37] [INFO] 12项特征提取完成：{'HR': 3.24, 'RR_mean': 18498.95, 'RR_std': 65276.67, 'SDNN': 65276.67, 'RMSSD': 93259.41, 'PR': 141.29, 'QRS': 67.9, 'QT': 277.16, 'QTc': 61.34, 'ST_shift': -0.002, 'P_amp': 0.224, 'T_amp': 0.429}
[2026-08-20 15:12:37] [INFO] 规则推理完成：risk=中危, score=0.25
[2026-08-20 15:12:37] [INFO] 成功读取MIT-BIH记录：D:/桌面/ECG-Auxiliary-Screening/data/mitbih/mit-bih-arrhythmia-database-1.0.0/208，采样率360Hz
[2026-08-20 15:12:43] [INFO] R峰检测完成，共1578个
[2026-08-20 15:12:43] [INFO] HRV特征计算完成：{'HR': 52.41, 'RR_mean': 1144.73, 'RR_std': 818.44, 'SDNN': 818.44, 'RMSSD': 1084.25}
[2026-08-20 15:12:43] [INFO] 波形时间特征计算完成：{'PR': 141.33, 'QRS': 59.24, 'QT': 277.97, 'QTc': 252.88}
[2026-08-20 15:12:43] [INFO] 波形振幅特征计算完成：{'ST_shift': -0.156, 'P_amp': 0.15, 'T_amp': 0.276}
[2026-08-20 15:12:43] [INFO] 12项特征提取完成：{'HR': 52.41, 'RR_mean': 1144.73, 'RR_std': 818.44, 'SDNN': 818.44, 'RMSSD': 1084.25, 'PR': 141.33, 'QRS': 59.24, 'QT': 277.97, 'QTc': 252.88, 'ST_shift': -0.156, 'P_amp': 0.15, 'T_amp': 0.276}
[2026-08-20 15:12:43] [INFO] 规则推理完成：risk=低危, score=0.10
[2026-08-20 15:12:44] [INFO] 成功读取MIT-BIH记录：D:/桌面/ECG-Auxiliary-Screening/data/mitbih/mit-bih-arrhythmia-database-1.0.0/210，采样率360Hz
[2026-08-20 15:12:50] [INFO] 成功读取MIT-BIH记录：D:/桌面/ECG-Auxiliary-Screening/data/mitbih/mit-bih-arrhythmia-database-1.0.0/213，采样率360Hz
[2026-08-20 15:12:56] [INFO] R峰检测完成，共3226个
[2026-08-20 15:12:56] [INFO] HRV特征计算完成：{'HR': 107.19, 'RR_mean': 559.77, 'RR_std': 73.0, 'SDNN': 73.0, 'RMSSD': 98.53}
[2026-08-20 15:12:57] [INFO] 波形时间特征计算完成：{'PR': 137.14, 'QRS': 30.27, 'QT': 214.64, 'QTc': 323.99}
[2026-08-20 15:12:57] [INFO] 波形振幅特征计算完成：{'ST_shift': -0.609, 'P_amp': 0.36, 'T_amp': 0.52}
[2026-08-20 15:12:57] [INFO] 12项特征提取完成：{'HR': 107.19, 'RR_mean': 559.77, 'RR_std': 73.0, 'SDNN': 73.0, 'RMSSD': 98.53, 'PR': 137.14, 'QRS': 30.27, 'QT': 214.64, 'QTc': 323.99, 'ST_shift': -0.609, 'P_amp': 0.36, 'T_amp': 0.52}
[2026-08-20 15:12:57] [INFO] 规则推理完成：risk=中危, score=0.25
[2026-08-20 15:12:57] [INFO] 成功读取MIT-BIH记录：D:/桌面/ECG-Auxiliary-Screening/data/mitbih/mit-bih-arrhythmia-database-1.0.0/214，采样率360Hz
[2026-08-20 15:13:03] [INFO] R峰检测完成，共2002个
[2026-08-20 15:13:03] [INFO] HRV特征计算完成：{'HR': 66.51, 'RR_mean': 902.09, 'RR_std': 615.89, 'SDNN': 615.89, 'RMSSD': 826.61}
[2026-08-20 15:13:03] [INFO] 波形时间特征计算完成：{'PR': 70.89, 'QRS': 89.21, 'QT': 193.79, 'QTc': 217.43}
[2026-08-20 15:13:03] [INFO] 波形振幅特征计算完成：{'ST_shift': -0.279, 'P_amp': 1.331, 'T_amp': 0.129}
[2026-08-20 15:13:03] [INFO] 12项特征提取完成：{'HR': 66.51, 'RR_mean': 902.09, 'RR_std': 615.89, 'SDNN': 615.89, 'RMSSD': 826.61, 'PR': 70.89, 'QRS': 89.21, 'QT': 193.79, 'QTc': 217.43, 'ST_shift': -0.279, 'P_amp': 1.331, 'T_amp': 0.129}
[2026-08-20 15:13:03] [INFO] 规则推理完成：risk=低危, score=0.00
[2026-08-20 15:13:03] [INFO] 成功读取MIT-BIH记录：D:/桌面/ECG-Auxiliary-Screening/data/mitbih/mit-bih-arrhythmia-database-1.0.0/215，采样率360Hz
[2026-08-20 15:13:11] [INFO] R峰检测完成，共1206个
[2026-08-20 15:13:11] [INFO] HRV特征计算完成：{'HR': 40.42, 'RR_mean': 1484.6, 'RR_std': 1981.2, 'SDNN': 1981.2, 'RMSSD': 2566.91}
[2026-08-20 15:13:11] [INFO] 波形时间特征计算完成：{'PR': 118.69, 'QRS': 27.13, 'QT': 183.64, 'QTc': 248.24}
[2026-08-20 15:13:11] [INFO] 波形振幅特征计算完成：{'ST_shift': 0.111, 'P_amp': 0.292, 'T_amp': 0.369}
[2026-08-20 15:13:11] [INFO] 12项特征提取完成：{'HR': 40.42, 'RR_mean': 1484.6, 'RR_std': 1981.2, 'SDNN': 1981.2, 'RMSSD': 2566.91, 'PR': 118.69, 'QRS': 27.13, 'QT': 183.64, 'QTc': 248.24, 'ST_shift': 0.111, 'P_amp': 0.292, 'T_amp': 0.369}
[2026-08-20 15:13:11] [INFO] 规则推理完成：risk=中危, score=0.25
[2026-08-20 15:13:12] [INFO] 成功读取MIT-BIH记录：D:/桌面/ECG-Auxiliary-Screening/data/mitbih/mit-bih-arrhythmia-database-1.0.0/219，采样率360Hz
[2026-08-20 15:13:19] [INFO] R峰检测完成，共2119个
[2026-08-20 15:13:19] [INFO] HRV特征计算完成：{'HR': 70.44, 'RR_mean': 851.74, 'RR_std': 259.79, 'SDNN': 259.79, 'RMSSD': 337.86}
[2026-08-20 15:13:19] [INFO] 波形时间特征计算完成：{'PR': 127.8, 'QRS': 60.21, 'QT': 290.12, 'QTc': 310.64}
[2026-08-20 15:13:19] [INFO] 波形振幅特征计算完成：{'ST_shift': -0.154, 'P_amp': 0.137, 'T_amp': -0.0}
[2026-08-20 15:13:19] [INFO] 12项特征提取完成：{'HR': 70.44, 'RR_mean': 851.74, 'RR_std': 259.79, 'SDNN': 259.79, 'RMSSD': 337.86, 'PR': 127.8, 'QRS': 60.21, 'QT': 290.12, 'QTc': 310.64, 'ST_shift': -0.154, 'P_amp': 0.137, 'T_amp': -0.0}
[2026-08-20 15:13:19] [INFO] 规则推理完成：risk=低危, score=0.00
[2026-08-20 15:13:19] [INFO] 成功读取MIT-BIH记录：D:/桌面/ECG-Auxiliary-Screening/data/mitbih/mit-bih-arrhythmia-database-1.0.0/221，采样率360Hz
[2026-08-20 15:13:26] [INFO] R峰检测完成，共2016个
[2026-08-20 15:13:26] [INFO] HRV特征计算完成：{'HR': 67.0, 'RR_mean': 895.49, 'RR_std': 380.29, 'SDNN': 380.29, 'RMSSD': 557.66}
[2026-08-20 15:13:26] [INFO] 波形时间特征计算完成：{'PR': 79.12, 'QRS': 55.14, 'QT': 286.56, 'QTc': 364.09}
[2026-08-20 15:13:26] [INFO] 波形振幅特征计算完成：{'ST_shift': -0.154, 'P_amp': 0.013, 'T_amp': 0.09}
[2026-08-20 15:13:26] [INFO] 12项特征提取完成：{'HR': 67.0, 'RR_mean': 895.49, 'RR_std': 380.29, 'SDNN': 380.29, 'RMSSD': 557.66, 'PR': 79.12, 'QRS': 55.14, 'QT': 286.56, 'QTc': 364.09, 'ST_shift': -0.154, 'P_amp': 0.013, 'T_amp': 0.09}
[2026-08-20 15:13:26] [INFO] 规则推理完成：risk=低危, score=0.00
[2026-08-20 15:13:26] [INFO] 成功读取MIT-BIH记录：D:/桌面/ECG-Auxiliary-Screening/data/mitbih/mit-bih-arrhythmia-database-1.0.0/222，采样率360Hz
[2026-08-20 15:13:33] [INFO] R峰检测完成，共1515个
[2026-08-20 15:13:33] [INFO] HRV特征计算完成：{'HR': 50.33, 'RR_mean': 1192.16, 'RR_std': 3504.69, 'SDNN': 3504.69, 'RMSSD': 4691.92}
[2026-08-20 15:13:33] [INFO] 波形时间特征计算完成：{'PR': 130.75, 'QRS': 55.03, 'QT': 194.94, 'QTc': 221.43}
[2026-08-20 15:13:33] [INFO] 波形振幅特征计算完成：{'ST_shift': 0.006, 'P_amp': 0.117, 'T_amp': 0.08}
[2026-08-20 15:13:33] [INFO] 12项特征提取完成：{'HR': 50.33, 'RR_mean': 1192.16, 'RR_std': 3504.69, 'SDNN': 3504.69, 'RMSSD': 4691.92, 'PR': 130.75, 'QRS': 55.03, 'QT': 194.94, 'QTc': 221.43, 'ST_shift': 0.006, 'P_amp': 0.117, 'T_amp': 0.08}
[2026-08-20 15:13:33] [INFO] 规则推理完成：risk=低危, score=0.10
[2026-08-20 15:13:33] [INFO] 成功读取MIT-BIH记录：D:/桌面/ECG-Auxiliary-Screening/data/mitbih/mit-bih-arrhythmia-database-1.0.0/223，采样率360Hz
[2026-08-20 15:13:40] [INFO] R峰检测完成，共1964个
[2026-08-20 15:13:40] [INFO] HRV特征计算完成：{'HR': 65.27, 'RR_mean': 919.29, 'RR_std': 4758.99, 'SDNN': 4758.99, 'RMSSD': 6655.02}
[2026-08-20 15:13:40] [INFO] 波形时间特征计算完成：{'PR': 65.04, 'QRS': 18.53, 'QT': 299.35, 'QTc': 341.27}
[2026-08-20 15:13:40] [INFO] 波形振幅特征计算完成：{'ST_shift': -0.22, 'P_amp': 0.199, 'T_amp': 0.006}
[2026-08-20 15:13:40] [INFO] 12项特征提取完成：{'HR': 65.27, 'RR_mean': 919.29, 'RR_std': 4758.99, 'SDNN': 4758.99, 'RMSSD': 6655.02, 'PR': 65.04, 'QRS': 18.53, 'QT': 299.35, 'QTc': 341.27, 'ST_shift': -0.22, 'P_amp': 0.199, 'T_amp': 0.006}
[2026-08-20 15:13:40] [INFO] 规则推理完成：risk=低危, score=0.00
[2026-08-20 15:38:16] [INFO] 规则推理完成：risk=低危, score=0.00
[2026-08-20 15:49:09] [ERROR] 模型加载失败：[15:49:09] C:\actions-runner\_work\xgboost\xgboost\src\c_api\c_api.cc:1527: Check failed: str.size() >= 2 (0 vs. 2) : Invalid model format in: `models/ecg_risk_xgb_model.json`.
[2026-08-20 15:49:09] [ERROR] 模型加载失败：[15:49:09] C:\actions-runner\_work\xgboost\xgboost\src\c_api\c_api.cc:1527: Check failed: str.size() >= 2 (0 vs. 2) : Invalid model format in: `models/ecg_risk_xgb_model.json`.
[2026-08-20 15:49:09] [INFO] 规则推理完成：risk=低危, score=0.00
[2026-08-20 15:56:58] [INFO] 成功读取MIT-BIH记录：D:/桌面/ECG-Auxiliary-Screening/data/mitbih/mit-bih-arrhythmia-database-1.0.0/100，采样率360Hz
[2026-08-20 15:57:05] [INFO] R峰检测完成，共2272个
[2026-08-20 15:57:05] [INFO] HRV特征计算完成：{'HR': 75.48, 'RR_mean': 794.93, 'RR_std': 53.05, 'SDNN': 53.05, 'RMSSD': 70.58}
[2026-08-20 15:57:05] [INFO] 波形时间特征计算完成：{'PR': 177.98, 'QRS': 54.29, 'QT': 278.02, 'QTc': 307.12}
[2026-08-20 15:57:05] [INFO] 波形振幅特征计算完成：{'ST_shift': -0.083, 'P_amp': 0.108, 'T_amp': 0.038}
[2026-08-20 15:57:05] [INFO] 12项特征提取完成：{'HR': 75.48, 'RR_mean': 794.93, 'RR_std': 53.05, 'SDNN': 53.05, 'RMSSD': 70.58, 'PR': 177.98, 'QRS': 54.29, 'QT': 278.02, 'QTc': 307.12, 'ST_shift': -0.083, 'P_amp': 0.108, 'T_amp': 0.038}
[2026-08-20 15:57:05] [INFO] 规则推理完成：risk=低危, score=0.00
[2026-08-20 15:57:05] [INFO] 成功读取MIT-BIH记录：D:/桌面/ECG-Auxiliary-Screening/data/mitbih/mit-bih-arrhythmia-database-1.0.0/106，采样率360Hz
[2026-08-20 15:57:12] [INFO] R峰检测完成，共1139个
[2026-08-20 15:57:12] [INFO] HRV特征计算完成：{'HR': 37.85, 'RR_mean': 1585.26, 'RR_std': 4798.05, 'SDNN': 4798.05, 'RMSSD': 6756.5}
[2026-08-20 15:57:12] [INFO] 波形时间特征计算完成：{'PR': 114.77, 'QRS': 41.57, 'QT': 159.05, 'QTc': 156.05}
[2026-08-20 15:57:12] [INFO] 波形振幅特征计算完成：{'ST_shift': -0.257, 'P_amp': 0.218, 'T_amp': 0.466}
[2026-08-20 15:57:12] [INFO] 12项特征提取完成：{'HR': 37.85, 'RR_mean': 1585.26, 'RR_std': 4798.05, 'SDNN': 4798.05, 'RMSSD': 6756.5, 'PR': 114.77, 'QRS': 41.57, 'QT': 159.05, 'QTc': 156.05, 'ST_shift': -0.257, 'P_amp': 0.218, 'T_amp': 0.466}
[2026-08-20 15:57:12] [INFO] 规则推理完成：risk=中危, score=0.25
[2026-08-20 15:57:12] [INFO] 成功读取MIT-BIH记录：D:/桌面/ECG-Auxiliary-Screening/data/mitbih/mit-bih-arrhythmia-database-1.0.0/108，采样率360Hz
[2026-08-20 15:57:18] [INFO] R峰检测完成，共794个
[2026-08-20 15:57:18] [INFO] HRV特征计算完成：{'HR': 29.3, 'RR_mean': 2047.95, 'RR_std': 6479.98, 'SDNN': 6479.98, 'RMSSD': 8957.88}
[2026-08-20 15:57:18] [INFO] 波形时间特征计算完成：{'PR': 63.82, 'QRS': 22.93, 'QT': 316.06, 'QTc': 209.54}
[2026-08-20 15:57:18] [INFO] 波形振幅特征计算完成：{'ST_shift': -0.163, 'P_amp': 0.262, 'T_amp': 0.059}
[2026-08-20 15:57:18] [INFO] 12项特征提取完成：{'HR': 29.3, 'RR_mean': 2047.95, 'RR_std': 6479.98, 'SDNN': 6479.98, 'RMSSD': 8957.88, 'PR': 63.82, 'QRS': 22.93, 'QT': 316.06, 'QTc': 209.54, 'ST_shift': -0.163, 'P_amp': 0.262, 'T_amp': 0.059}
[2026-08-20 15:57:18] [INFO] 规则推理完成：risk=中危, score=0.25
[2026-08-20 15:57:18] [INFO] 成功读取MIT-BIH记录：D:/桌面/ECG-Auxiliary-Screening/data/mitbih/mit-bih-arrhythmia-database-1.0.0/109，采样率360Hz
[2026-08-20 15:57:24] [INFO] R峰检测完成，共660个
[2026-08-20 15:57:24] [INFO] HRV特征计算完成：{'HR': 22.11, 'RR_mean': 2713.2, 'RR_std': 6439.96, 'SDNN': 6439.96, 'RMSSD': 8307.56}
[2026-08-20 15:57:24] [INFO] 波形时间特征计算完成：{'PR': 68.06, 'QRS': 9.58, 'QT': 296.07, 'QTc': 42.56}
[2026-08-20 15:57:24] [INFO] 波形振幅特征计算完成：{'ST_shift': -0.489, 'P_amp': 1.256, 'T_amp': 0.207}
[2026-08-20 15:57:24] [INFO] 12项特征提取完成：{'HR': 22.11, 'RR_mean': 2713.2, 'RR_std': 6439.96, 'SDNN': 6439.96, 'RMSSD': 8307.56, 'PR': 68.06, 'QRS': 9.58, 'QT': 296.07, 'QTc': 42.56, 'ST_shift': -0.489, 'P_amp': 1.256, 'T_amp': 0.207}
[2026-08-20 15:57:24] [INFO] 规则推理完成：risk=中危, score=0.25
[2026-08-20 15:57:24] [INFO] 成功读取MIT-BIH记录：D:/桌面/ECG-Auxiliary-Screening/data/mitbih/mit-bih-arrhythmia-database-1.0.0/111，采样率360Hz
[2026-08-20 15:57:30] [INFO] R峰检测完成，共1509个
[2026-08-20 15:57:30] [INFO] HRV特征计算完成：{'HR': 50.28, 'RR_mean': 1193.27, 'RR_std': 1295.28, 'SDNN': 1295.28, 'RMSSD': 1606.93}
[2026-08-20 15:57:30] [INFO] 波形时间特征计算完成：{'PR': 76.1, 'QRS': 5.09, 'QT': 218.98, 'QTc': 168.5}
[2026-08-20 15:57:30] [INFO] 波形振幅特征计算完成：{'ST_shift': -0.109, 'P_amp': 0.324, 'T_amp': 0.335}
[2026-08-20 15:57:30] [INFO] 12项特征提取完成：{'HR': 50.28, 'RR_mean': 1193.27, 'RR_std': 1295.28, 'SDNN': 1295.28, 'RMSSD': 1606.93, 'PR': 76.1, 'QRS': 5.09, 'QT': 218.98, 'QTc': 168.5, 'ST_shift': -0.109, 'P_amp': 0.324, 'T_amp': 0.335}
[2026-08-20 15:57:30] [INFO] 规则推理完成：risk=低危, score=0.10
[2026-08-20 15:57:30] [INFO] 成功读取MIT-BIH记录：D:/桌面/ECG-Auxiliary-Screening/data/mitbih/mit-bih-arrhythmia-database-1.0.0/116，采样率360Hz
[2026-08-20 15:57:36] [INFO] R峰检测完成，共1925个
[2026-08-20 15:57:36] [INFO] HRV特征计算完成：{'HR': 66.5, 'RR_mean': 902.23, 'RR_std': 2838.98, 'SDNN': 2838.98, 'RMSSD': 2986.34}
[2026-08-20 15:57:36] [INFO] 波形时间特征计算完成：{'PR': 154.09, 'QRS': 34.43, 'QT': 243.11, 'QTc': 277.15}
[2026-08-20 15:57:36] [INFO] 波形振幅特征计算完成：{'ST_shift': -0.216, 'P_amp': 0.04, 'T_amp': 0.387}
[2026-08-20 15:57:36] [INFO] 12项特征提取完成：{'HR': 66.5, 'RR_mean': 902.23, 'RR_std': 2838.98, 'SDNN': 2838.98, 'RMSSD': 2986.34, 'PR': 154.09, 'QRS': 34.43, 'QT': 243.11, 'QTc': 277.15, 'ST_shift': -0.216, 'P_amp': 0.04, 'T_amp': 0.387}
[2026-08-20 15:57:36] [INFO] 规则推理完成：risk=低危, score=0.00
[2026-08-20 15:57:36] [INFO] 成功读取MIT-BIH记录：D:/桌面/ECG-Auxiliary-Screening/data/mitbih/mit-bih-arrhythmia-database-1.0.0/119，采样率360Hz
[2026-08-20 15:57:42] [INFO] R峰检测完成，共1987个
[2026-08-20 15:57:42] [INFO] HRV特征计算完成：{'HR': 66.05, 'RR_mean': 908.41, 'RR_std': 226.06, 'SDNN': 226.06, 'RMSSD': 406.55}
[2026-08-20 15:57:42] [INFO] 波形时间特征计算完成：{'PR': 138.87, 'QRS': 74.8, 'QT': 104.77, 'QTc': 134.02}
[2026-08-20 15:57:42] [INFO] 波形振幅特征计算完成：{'ST_shift': -0.254, 'P_amp': 0.537, 'T_amp': 0.269}
[2026-08-20 15:57:42] [INFO] 12项特征提取完成：{'HR': 66.05, 'RR_mean': 908.41, 'RR_std': 226.06, 'SDNN': 226.06, 'RMSSD': 406.55, 'PR': 138.87, 'QRS': 74.8, 'QT': 104.77, 'QTc': 134.02, 'ST_shift': -0.254, 'P_amp': 0.537, 'T_amp': 0.269}
[2026-08-20 15:57:42] [INFO] 规则推理完成：risk=低危, score=0.00
[2026-08-20 15:57:43] [INFO] 成功读取MIT-BIH记录：D:/桌面/ECG-Auxiliary-Screening/data/mitbih/mit-bih-arrhythmia-database-1.0.0/200，采样率360Hz
[2026-08-20 15:57:49] [INFO] R峰检测完成，共1833个
[2026-08-20 15:57:49] [INFO] HRV特征计算完成：{'HR': 61.12, 'RR_mean': 981.74, 'RR_std': 870.45, 'SDNN': 870.45, 'RMSSD': 1108.77}
[2026-08-20 15:57:49] [INFO] 波形时间特征计算完成：{'PR': 112.24, 'QRS': 12.1, 'QT': 256.68, 'QTc': 303.8}
[2026-08-20 15:57:49] [INFO] 波形振幅特征计算完成：{'ST_shift': -0.069, 'P_amp': 0.086, 'T_amp': 0.372}
[2026-08-20 15:57:49] [INFO] 12项特征提取完成：{'HR': 61.12, 'RR_mean': 981.74, 'RR_std': 870.45, 'SDNN': 870.45, 'RMSSD': 1108.77, 'PR': 112.24, 'QRS': 12.1, 'QT': 256.68, 'QTc': 303.8, 'ST_shift': -0.069, 'P_amp': 0.086, 'T_amp': 0.372}
[2026-08-20 15:57:49] [INFO] 规则推理完成：risk=低危, score=0.00
[2026-08-20 15:57:49] [INFO] 成功读取MIT-BIH记录：D:/桌面/ECG-Auxiliary-Screening/data/mitbih/mit-bih-arrhythmia-database-1.0.0/201，采样率360Hz
[2026-08-20 15:57:56] [INFO] R峰检测完成，共1742个
[2026-08-20 15:57:56] [INFO] HRV特征计算完成：{'HR': 57.89, 'RR_mean': 1036.51, 'RR_std': 535.26, 'SDNN': 535.26, 'RMSSD': 542.6}
[2026-08-20 15:57:56] [INFO] 波形时间特征计算完成：{'PR': 110.36, 'QRS': 79.01, 'QT': 272.52, 'QTc': 323.8}
[2026-08-20 15:57:57] [INFO] 波形振幅特征计算完成：{'ST_shift': -0.07, 'P_amp': 0.087, 'T_amp': 0.153}
[2026-08-20 15:57:57] [INFO] 12项特征提取完成：{'HR': 57.89, 'RR_mean': 1036.51, 'RR_std': 535.26, 'SDNN': 535.26, 'RMSSD': 542.6, 'PR': 110.36, 'QRS': 79.01, 'QT': 272.52, 'QTc': 323.8, 'ST_shift': -0.07, 'P_amp': 0.087, 'T_amp': 0.153}
[2026-08-20 15:57:57] [INFO] 规则推理完成：risk=低危, score=0.00
[2026-08-20 15:57:57] [INFO] 成功读取MIT-BIH记录：D:/桌面/ECG-Auxiliary-Screening/data/mitbih/mit-bih-arrhythmia-database-1.0.0/203，采样率360Hz
[2026-08-20 15:58:03] [INFO] R峰检测完成，共201个
[2026-08-20 15:58:03] [INFO] HRV特征计算完成：{'HR': 6.71, 'RR_mean': 8936.06, 'RR_std': 11728.17, 'SDNN': 11728.17, 'RMSSD': 14908.48}
[2026-08-20 15:58:03] [INFO] 波形时间特征计算完成：{'PR': 109.66, 'QRS': 44.61, 'QT': 212.81, 'QTc': 189.72}
[2026-08-20 15:58:03] [INFO] 波形振幅特征计算完成：{'ST_shift': 0.35, 'P_amp': 0.456, 'T_amp': 1.269}
[2026-08-20 15:58:03] [INFO] 12项特征提取完成：{'HR': 6.71, 'RR_mean': 8936.06, 'RR_std': 11728.17, 'SDNN': 11728.17, 'RMSSD': 14908.48, 'PR': 109.66, 'QRS': 44.61, 'QT': 212.81, 'QTc': 189.72, 'ST_shift': 0.35, 'P_amp': 0.456, 'T_amp': 1.269}
[2026-08-20 15:58:03] [INFO] 规则推理完成：risk=中危, score=0.25
[2026-08-20 15:58:03] [INFO] 成功读取MIT-BIH记录：D:/桌面/ECG-Auxiliary-Screening/data/mitbih/mit-bih-arrhythmia-database-1.0.0/207，采样率360Hz
[2026-08-20 15:58:09] [INFO] R峰检测完成，共83个
[2026-08-20 15:58:09] [INFO] HRV特征计算完成：{'HR': 3.24, 'RR_mean': 18498.95, 'RR_std': 65276.67, 'SDNN': 65276.67, 'RMSSD': 93259.41}
[2026-08-20 15:58:09] [INFO] 波形时间特征计算完成：{'PR': 141.29, 'QRS': 67.9, 'QT': 277.16, 'QTc': 61.34}
[2026-08-20 15:58:09] [INFO] 波形振幅特征计算完成：{'ST_shift': -0.002, 'P_amp': 0.224, 'T_amp': 0.429}
[2026-08-20 15:58:09] [INFO] 12项特征提取完成：{'HR': 3.24, 'RR_mean': 18498.95, 'RR_std': 65276.67, 'SDNN': 65276.67, 'RMSSD': 93259.41, 'PR': 141.29, 'QRS': 67.9, 'QT': 277.16, 'QTc': 61.34, 'ST_shift': -0.002, 'P_amp': 0.224, 'T_amp': 0.429}
[2026-08-20 15:58:09] [INFO] 规则推理完成：risk=中危, score=0.25
[2026-08-20 15:58:09] [INFO] 成功读取MIT-BIH记录：D:/桌面/ECG-Auxiliary-Screening/data/mitbih/mit-bih-arrhythmia-database-1.0.0/208，采样率360Hz
[2026-08-20 15:58:15] [INFO] R峰检测完成，共1578个
[2026-08-20 15:58:15] [INFO] HRV特征计算完成：{'HR': 52.41, 'RR_mean': 1144.73, 'RR_std': 818.44, 'SDNN': 818.44, 'RMSSD': 1084.25}
[2026-08-20 15:58:15] [INFO] 波形时间特征计算完成：{'PR': 141.33, 'QRS': 59.24, 'QT': 277.97, 'QTc': 252.88}
[2026-08-20 15:58:15] [INFO] 波形振幅特征计算完成：{'ST_shift': -0.156, 'P_amp': 0.15, 'T_amp': 0.276}
[2026-08-20 15:58:15] [INFO] 12项特征提取完成：{'HR': 52.41, 'RR_mean': 1144.73, 'RR_std': 818.44, 'SDNN': 818.44, 'RMSSD': 1084.25, 'PR': 141.33, 'QRS': 59.24, 'QT': 277.97, 'QTc': 252.88, 'ST_shift': -0.156, 'P_amp': 0.15, 'T_amp': 0.276}
[2026-08-20 15:58:15] [INFO] 规则推理完成：risk=低危, score=0.10
[2026-08-20 15:58:15] [INFO] 成功读取MIT-BIH记录：D:/桌面/ECG-Auxiliary-Screening/data/mitbih/mit-bih-arrhythmia-database-1.0.0/210，采样率360Hz
[2026-08-20 15:58:21] [INFO] 成功读取MIT-BIH记录：D:/桌面/ECG-Auxiliary-Screening/data/mitbih/mit-bih-arrhythmia-database-1.0.0/213，采样率360Hz
[2026-08-20 15:58:29] [INFO] R峰检测完成，共3226个
[2026-08-20 15:58:29] [INFO] HRV特征计算完成：{'HR': 107.19, 'RR_mean': 559.77, 'RR_std': 73.0, 'SDNN': 73.0, 'RMSSD': 98.53}
[2026-08-20 15:58:29] [INFO] 波形时间特征计算完成：{'PR': 137.14, 'QRS': 30.27, 'QT': 214.64, 'QTc': 323.99}
[2026-08-20 15:58:29] [INFO] 波形振幅特征计算完成：{'ST_shift': -0.609, 'P_amp': 0.36, 'T_amp': 0.52}
[2026-08-20 15:58:29] [INFO] 12项特征提取完成：{'HR': 107.19, 'RR_mean': 559.77, 'RR_std': 73.0, 'SDNN': 73.0, 'RMSSD': 98.53, 'PR': 137.14, 'QRS': 30.27, 'QT': 214.64, 'QTc': 323.99, 'ST_shift': -0.609, 'P_amp': 0.36, 'T_amp': 0.52}
[2026-08-20 15:58:29] [INFO] 规则推理完成：risk=中危, score=0.25
[2026-08-20 15:58:29] [INFO] 成功读取MIT-BIH记录：D:/桌面/ECG-Auxiliary-Screening/data/mitbih/mit-bih-arrhythmia-database-1.0.0/214，采样率360Hz
[2026-08-20 15:58:36] [INFO] R峰检测完成，共2002个
[2026-08-20 15:58:36] [INFO] HRV特征计算完成：{'HR': 66.51, 'RR_mean': 902.09, 'RR_std': 615.89, 'SDNN': 615.89, 'RMSSD': 826.61}
[2026-08-20 15:58:36] [INFO] 波形时间特征计算完成：{'PR': 70.89, 'QRS': 89.21, 'QT': 193.79, 'QTc': 217.43}
[2026-08-20 15:58:36] [INFO] 波形振幅特征计算完成：{'ST_shift': -0.279, 'P_amp': 1.331, 'T_amp': 0.129}
[2026-08-20 15:58:36] [INFO] 12项特征提取完成：{'HR': 66.51, 'RR_mean': 902.09, 'RR_std': 615.89, 'SDNN': 615.89, 'RMSSD': 826.61, 'PR': 70.89, 'QRS': 89.21, 'QT': 193.79, 'QTc': 217.43, 'ST_shift': -0.279, 'P_amp': 1.331, 'T_amp': 0.129}
[2026-08-20 15:58:36] [INFO] 规则推理完成：risk=低危, score=0.00
[2026-08-20 15:58:36] [INFO] 成功读取MIT-BIH记录：D:/桌面/ECG-Auxiliary-Screening/data/mitbih/mit-bih-arrhythmia-database-1.0.0/215，采样率360Hz
[2026-08-20 15:58:43] [INFO] R峰检测完成，共1206个
[2026-08-20 15:58:43] [INFO] HRV特征计算完成：{'HR': 40.42, 'RR_mean': 1484.6, 'RR_std': 1981.2, 'SDNN': 1981.2, 'RMSSD': 2566.91}
[2026-08-20 15:58:43] [INFO] 波形时间特征计算完成：{'PR': 118.69, 'QRS': 27.13, 'QT': 183.64, 'QTc': 248.24}
[2026-08-20 15:58:43] [INFO] 波形振幅特征计算完成：{'ST_shift': 0.111, 'P_amp': 0.292, 'T_amp': 0.369}
[2026-08-20 15:58:43] [INFO] 12项特征提取完成：{'HR': 40.42, 'RR_mean': 1484.6, 'RR_std': 1981.2, 'SDNN': 1981.2, 'RMSSD': 2566.91, 'PR': 118.69, 'QRS': 27.13, 'QT': 183.64, 'QTc': 248.24, 'ST_shift': 0.111, 'P_amp': 0.292, 'T_amp': 0.369}
[2026-08-20 15:58:43] [INFO] 规则推理完成：risk=中危, score=0.25
[2026-08-20 15:58:44] [INFO] 成功读取MIT-BIH记录：D:/桌面/ECG-Auxiliary-Screening/data/mitbih/mit-bih-arrhythmia-database-1.0.0/219，采样率360Hz
[2026-08-20 15:58:52] [INFO] R峰检测完成，共2119个
[2026-08-20 15:58:52] [INFO] HRV特征计算完成：{'HR': 70.44, 'RR_mean': 851.74, 'RR_std': 259.79, 'SDNN': 259.79, 'RMSSD': 337.86}
[2026-08-20 15:58:52] [INFO] 波形时间特征计算完成：{'PR': 127.8, 'QRS': 60.21, 'QT': 290.12, 'QTc': 310.64}
[2026-08-20 15:58:52] [INFO] 波形振幅特征计算完成：{'ST_shift': -0.154, 'P_amp': 0.137, 'T_amp': -0.0}
[2026-08-20 15:58:52] [INFO] 12项特征提取完成：{'HR': 70.44, 'RR_mean': 851.74, 'RR_std': 259.79, 'SDNN': 259.79, 'RMSSD': 337.86, 'PR': 127.8, 'QRS': 60.21, 'QT': 290.12, 'QTc': 310.64, 'ST_shift': -0.154, 'P_amp': 0.137, 'T_amp': -0.0}
[2026-08-20 15:58:52] [INFO] 规则推理完成：risk=低危, score=0.00
[2026-08-20 15:58:52] [INFO] 成功读取MIT-BIH记录：D:/桌面/ECG-Auxiliary-Screening/data/mitbih/mit-bih-arrhythmia-database-1.0.0/221，采样率360Hz
[2026-08-20 15:58:58] [INFO] R峰检测完成，共2016个
[2026-08-20 15:58:58] [INFO] HRV特征计算完成：{'HR': 67.0, 'RR_mean': 895.49, 'RR_std': 380.29, 'SDNN': 380.29, 'RMSSD': 557.66}
[2026-08-20 15:58:59] [INFO] 波形时间特征计算完成：{'PR': 79.12, 'QRS': 55.14, 'QT': 286.56, 'QTc': 364.09}
[2026-08-20 15:58:59] [INFO] 波形振幅特征计算完成：{'ST_shift': -0.154, 'P_amp': 0.013, 'T_amp': 0.09}
[2026-08-20 15:58:59] [INFO] 12项特征提取完成：{'HR': 67.0, 'RR_mean': 895.49, 'RR_std': 380.29, 'SDNN': 380.29, 'RMSSD': 557.66, 'PR': 79.12, 'QRS': 55.14, 'QT': 286.56, 'QTc': 364.09, 'ST_shift': -0.154, 'P_amp': 0.013, 'T_amp': 0.09}
[2026-08-20 15:58:59] [INFO] 规则推理完成：risk=低危, score=0.00
[2026-08-20 15:58:59] [INFO] 成功读取MIT-BIH记录：D:/桌面/ECG-Auxiliary-Screening/data/mitbih/mit-bih-arrhythmia-database-1.0.0/222，采样率360Hz
[2026-08-20 15:59:05] [INFO] R峰检测完成，共1515个
[2026-08-20 15:59:05] [INFO] HRV特征计算完成：{'HR': 50.33, 'RR_mean': 1192.16, 'RR_std': 3504.69, 'SDNN': 3504.69, 'RMSSD': 4691.92}
[2026-08-20 15:59:05] [INFO] 波形时间特征计算完成：{'PR': 130.75, 'QRS': 55.03, 'QT': 194.94, 'QTc': 221.43}
[2026-08-20 15:59:05] [INFO] 波形振幅特征计算完成：{'ST_shift': 0.006, 'P_amp': 0.117, 'T_amp': 0.08}
[2026-08-20 15:59:05] [INFO] 12项特征提取完成：{'HR': 50.33, 'RR_mean': 1192.16, 'RR_std': 3504.69, 'SDNN': 3504.69, 'RMSSD': 4691.92, 'PR': 130.75, 'QRS': 55.03, 'QT': 194.94, 'QTc': 221.43, 'ST_shift': 0.006, 'P_amp': 0.117, 'T_amp': 0.08}
[2026-08-20 15:59:05] [INFO] 规则推理完成：risk=低危, score=0.10
[2026-08-20 15:59:05] [INFO] 成功读取MIT-BIH记录：D:/桌面/ECG-Auxiliary-Screening/data/mitbih/mit-bih-arrhythmia-database-1.0.0/223，采样率360Hz
[2026-08-20 15:59:11] [INFO] R峰检测完成，共1964个
[2026-08-20 15:59:11] [INFO] HRV特征计算完成：{'HR': 65.27, 'RR_mean': 919.29, 'RR_std': 4758.99, 'SDNN': 4758.99, 'RMSSD': 6655.02}
[2026-08-20 15:59:11] [INFO] 波形时间特征计算完成：{'PR': 65.04, 'QRS': 18.53, 'QT': 299.35, 'QTc': 341.27}
[2026-08-20 15:59:11] [INFO] 波形振幅特征计算完成：{'ST_shift': -0.22, 'P_amp': 0.199, 'T_amp': 0.006}
[2026-08-20 15:59:11] [INFO] 12项特征提取完成：{'HR': 65.27, 'RR_mean': 919.29, 'RR_std': 4758.99, 'SDNN': 4758.99, 'RMSSD': 6655.02, 'PR': 65.04, 'QRS': 18.53, 'QT': 299.35, 'QTc': 341.27, 'ST_shift': -0.22, 'P_amp': 0.199, 'T_amp': 0.006}
[2026-08-20 15:59:11] [INFO] 规则推理完成：risk=低危, score=0.00
[2026-08-20 16:00:53] [INFO] 成功读取MIT-BIH记录：D:/桌面/ECG-Auxiliary-Screening/data/mitbih/mit-bih-arrhythmia-database-1.0.0/100，采样率360Hz
[2026-08-20 16:00:59] [INFO] R峰检测完成，共2272个
[2026-08-20 16:00:59] [INFO] HRV特征计算完成：{'HR': 75.48, 'RR_mean': 794.93, 'RR_std': 53.05, 'SDNN': 53.05, 'RMSSD': 70.58}
[2026-08-20 16:00:59] [INFO] 波形时间特征计算完成：{'PR': 177.98, 'QRS': 54.29, 'QT': 278.02, 'QTc': 307.12}
[2026-08-20 16:00:59] [INFO] 波形振幅特征计算完成：{'ST_shift': -0.083, 'P_amp': 0.108, 'T_amp': 0.038}
[2026-08-20 16:00:59] [INFO] 12项特征提取完成：{'HR': 75.48, 'RR_mean': 794.93, 'RR_std': 53.05, 'SDNN': 53.05, 'RMSSD': 70.58, 'PR': 177.98, 'QRS': 54.29, 'QT': 278.02, 'QTc': 307.12, 'ST_shift': -0.083, 'P_amp': 0.108, 'T_amp': 0.038}
[2026-08-20 16:00:59] [INFO] 规则推理完成：risk=低危, score=0.00
[2026-08-20 16:00:59] [INFO] 成功读取MIT-BIH记录：D:/桌面/ECG-Auxiliary-Screening/data/mitbih/mit-bih-arrhythmia-database-1.0.0/106，采样率360Hz
[2026-08-20 16:01:05] [INFO] R峰检测完成，共1139个
[2026-08-20 16:01:05] [INFO] HRV特征计算完成：{'HR': 37.85, 'RR_mean': 1585.26, 'RR_std': 4798.05, 'SDNN': 4798.05, 'RMSSD': 6756.5}
[2026-08-20 16:01:05] [INFO] 波形时间特征计算完成：{'PR': 114.77, 'QRS': 41.57, 'QT': 159.05, 'QTc': 156.05}
[2026-08-20 16:01:05] [INFO] 波形振幅特征计算完成：{'ST_shift': -0.257, 'P_amp': 0.218, 'T_amp': 0.466}
[2026-08-20 16:01:05] [INFO] 12项特征提取完成：{'HR': 37.85, 'RR_mean': 1585.26, 'RR_std': 4798.05, 'SDNN': 4798.05, 'RMSSD': 6756.5, 'PR': 114.77, 'QRS': 41.57, 'QT': 159.05, 'QTc': 156.05, 'ST_shift': -0.257, 'P_amp': 0.218, 'T_amp': 0.466}
[2026-08-20 16:01:05] [INFO] 规则推理完成：risk=中危, score=0.25
[2026-08-20 16:01:05] [INFO] 成功读取MIT-BIH记录：D:/桌面/ECG-Auxiliary-Screening/data/mitbih/mit-bih-arrhythmia-database-1.0.0/108，采样率360Hz
[2026-08-20 16:01:11] [INFO] R峰检测完成，共794个
[2026-08-20 16:01:11] [INFO] HRV特征计算完成：{'HR': 29.3, 'RR_mean': 2047.95, 'RR_std': 6479.98, 'SDNN': 6479.98, 'RMSSD': 8957.88}
[2026-08-20 16:01:11] [INFO] 波形时间特征计算完成：{'PR': 63.82, 'QRS': 22.93, 'QT': 316.06, 'QTc': 209.54}
[2026-08-20 16:01:11] [INFO] 波形振幅特征计算完成：{'ST_shift': -0.163, 'P_amp': 0.262, 'T_amp': 0.059}
[2026-08-20 16:01:11] [INFO] 12项特征提取完成：{'HR': 29.3, 'RR_mean': 2047.95, 'RR_std': 6479.98, 'SDNN': 6479.98, 'RMSSD': 8957.88, 'PR': 63.82, 'QRS': 22.93, 'QT': 316.06, 'QTc': 209.54, 'ST_shift': -0.163, 'P_amp': 0.262, 'T_amp': 0.059}
[2026-08-20 16:01:11] [INFO] 规则推理完成：risk=中危, score=0.25
[2026-08-20 16:01:11] [INFO] 成功读取MIT-BIH记录：D:/桌面/ECG-Auxiliary-Screening/data/mitbih/mit-bih-arrhythmia-database-1.0.0/109，采样率360Hz
[2026-08-20 16:01:19] [INFO] R峰检测完成，共660个
[2026-08-20 16:01:19] [INFO] HRV特征计算完成：{'HR': 22.11, 'RR_mean': 2713.2, 'RR_std': 6439.96, 'SDNN': 6439.96, 'RMSSD': 8307.56}
[2026-08-20 16:01:19] [INFO] 波形时间特征计算完成：{'PR': 68.06, 'QRS': 9.58, 'QT': 296.07, 'QTc': 42.56}
[2026-08-20 16:01:19] [INFO] 波形振幅特征计算完成：{'ST_shift': -0.489, 'P_amp': 1.256, 'T_amp': 0.207}
[2026-08-20 16:01:19] [INFO] 12项特征提取完成：{'HR': 22.11, 'RR_mean': 2713.2, 'RR_std': 6439.96, 'SDNN': 6439.96, 'RMSSD': 8307.56, 'PR': 68.06, 'QRS': 9.58, 'QT': 296.07, 'QTc': 42.56, 'ST_shift': -0.489, 'P_amp': 1.256, 'T_amp': 0.207}
[2026-08-20 16:01:19] [INFO] 规则推理完成：risk=中危, score=0.25
[2026-08-20 16:01:19] [INFO] 成功读取MIT-BIH记录：D:/桌面/ECG-Auxiliary-Screening/data/mitbih/mit-bih-arrhythmia-database-1.0.0/111，采样率360Hz
[2026-08-20 16:01:25] [INFO] R峰检测完成，共1509个
[2026-08-20 16:01:25] [INFO] HRV特征计算完成：{'HR': 50.28, 'RR_mean': 1193.27, 'RR_std': 1295.28, 'SDNN': 1295.28, 'RMSSD': 1606.93}
[2026-08-20 16:01:25] [INFO] 波形时间特征计算完成：{'PR': 76.1, 'QRS': 5.09, 'QT': 218.98, 'QTc': 168.5}
[2026-08-20 16:01:25] [INFO] 波形振幅特征计算完成：{'ST_shift': -0.109, 'P_amp': 0.324, 'T_amp': 0.335}
[2026-08-20 16:01:25] [INFO] 12项特征提取完成：{'HR': 50.28, 'RR_mean': 1193.27, 'RR_std': 1295.28, 'SDNN': 1295.28, 'RMSSD': 1606.93, 'PR': 76.1, 'QRS': 5.09, 'QT': 218.98, 'QTc': 168.5, 'ST_shift': -0.109, 'P_amp': 0.324, 'T_amp': 0.335}
[2026-08-20 16:01:25] [INFO] 规则推理完成：risk=低危, score=0.10
[2026-08-20 16:01:26] [INFO] 成功读取MIT-BIH记录：D:/桌面/ECG-Auxiliary-Screening/data/mitbih/mit-bih-arrhythmia-database-1.0.0/116，采样率360Hz
[2026-08-20 16:01:32] [INFO] R峰检测完成，共1925个
[2026-08-20 16:01:32] [INFO] HRV特征计算完成：{'HR': 66.5, 'RR_mean': 902.23, 'RR_std': 2838.98, 'SDNN': 2838.98, 'RMSSD': 2986.34}
[2026-08-20 16:01:32] [INFO] 波形时间特征计算完成：{'PR': 154.09, 'QRS': 34.43, 'QT': 243.11, 'QTc': 277.15}
[2026-08-20 16:01:32] [INFO] 波形振幅特征计算完成：{'ST_shift': -0.216, 'P_amp': 0.04, 'T_amp': 0.387}
[2026-08-20 16:01:32] [INFO] 12项特征提取完成：{'HR': 66.5, 'RR_mean': 902.23, 'RR_std': 2838.98, 'SDNN': 2838.98, 'RMSSD': 2986.34, 'PR': 154.09, 'QRS': 34.43, 'QT': 243.11, 'QTc': 277.15, 'ST_shift': -0.216, 'P_amp': 0.04, 'T_amp': 0.387}
[2026-08-20 16:01:32] [INFO] 规则推理完成：risk=低危, score=0.00
[2026-08-20 16:01:32] [INFO] 成功读取MIT-BIH记录：D:/桌面/ECG-Auxiliary-Screening/data/mitbih/mit-bih-arrhythmia-database-1.0.0/119，采样率360Hz
[2026-08-20 16:01:38] [INFO] R峰检测完成，共1987个
[2026-08-20 16:01:38] [INFO] HRV特征计算完成：{'HR': 66.05, 'RR_mean': 908.41, 'RR_std': 226.06, 'SDNN': 226.06, 'RMSSD': 406.55}
[2026-08-20 16:01:38] [INFO] 波形时间特征计算完成：{'PR': 138.87, 'QRS': 74.8, 'QT': 104.77, 'QTc': 134.02}
[2026-08-20 16:01:38] [INFO] 波形振幅特征计算完成：{'ST_shift': -0.254, 'P_amp': 0.537, 'T_amp': 0.269}
[2026-08-20 16:01:38] [INFO] 12项特征提取完成：{'HR': 66.05, 'RR_mean': 908.41, 'RR_std': 226.06, 'SDNN': 226.06, 'RMSSD': 406.55, 'PR': 138.87, 'QRS': 74.8, 'QT': 104.77, 'QTc': 134.02, 'ST_shift': -0.254, 'P_amp': 0.537, 'T_amp': 0.269}
[2026-08-20 16:01:38] [INFO] 规则推理完成：risk=低危, score=0.00
[2026-08-20 16:01:38] [INFO] 成功读取MIT-BIH记录：D:/桌面/ECG-Auxiliary-Screening/data/mitbih/mit-bih-arrhythmia-database-1.0.0/200，采样率360Hz
[2026-08-20 16:01:44] [INFO] R峰检测完成，共1833个
[2026-08-20 16:01:44] [INFO] HRV特征计算完成：{'HR': 61.12, 'RR_mean': 981.74, 'RR_std': 870.45, 'SDNN': 870.45, 'RMSSD': 1108.77}
[2026-08-20 16:01:44] [INFO] 波形时间特征计算完成：{'PR': 112.24, 'QRS': 12.1, 'QT': 256.68, 'QTc': 303.8}
[2026-08-20 16:01:44] [INFO] 波形振幅特征计算完成：{'ST_shift': -0.069, 'P_amp': 0.086, 'T_amp': 0.372}
[2026-08-20 16:01:44] [INFO] 12项特征提取完成：{'HR': 61.12, 'RR_mean': 981.74, 'RR_std': 870.45, 'SDNN': 870.45, 'RMSSD': 1108.77, 'PR': 112.24, 'QRS': 12.1, 'QT': 256.68, 'QTc': 303.8, 'ST_shift': -0.069, 'P_amp': 0.086, 'T_amp': 0.372}
[2026-08-20 16:01:44] [INFO] 规则推理完成：risk=低危, score=0.00
[2026-08-20 16:01:44] [INFO] 成功读取MIT-BIH记录：D:/桌面/ECG-Auxiliary-Screening/data/mitbih/mit-bih-arrhythmia-database-1.0.0/201，采样率360Hz
[2026-08-20 16:01:51] [INFO] R峰检测完成，共1742个
[2026-08-20 16:01:51] [INFO] HRV特征计算完成：{'HR': 57.89, 'RR_mean': 1036.51, 'RR_std': 535.26, 'SDNN': 535.26, 'RMSSD': 542.6}
[2026-08-20 16:01:51] [INFO] 波形时间特征计算完成：{'PR': 110.36, 'QRS': 79.01, 'QT': 272.52, 'QTc': 323.8}
[2026-08-20 16:01:51] [INFO] 波形振幅特征计算完成：{'ST_shift': -0.07, 'P_amp': 0.087, 'T_amp': 0.153}
[2026-08-20 16:01:51] [INFO] 12项特征提取完成：{'HR': 57.89, 'RR_mean': 1036.51, 'RR_std': 535.26, 'SDNN': 535.26, 'RMSSD': 542.6, 'PR': 110.36, 'QRS': 79.01, 'QT': 272.52, 'QTc': 323.8, 'ST_shift': -0.07, 'P_amp': 0.087, 'T_amp': 0.153}
[2026-08-20 16:01:51] [INFO] 规则推理完成：risk=低危, score=0.00
[2026-08-20 16:01:51] [INFO] 成功读取MIT-BIH记录：D:/桌面/ECG-Auxiliary-Screening/data/mitbih/mit-bih-arrhythmia-database-1.0.0/203，采样率360Hz
[2026-08-20 16:01:57] [INFO] R峰检测完成，共201个
[2026-08-20 16:01:57] [INFO] HRV特征计算完成：{'HR': 6.71, 'RR_mean': 8936.06, 'RR_std': 11728.17, 'SDNN': 11728.17, 'RMSSD': 14908.48}
[2026-08-20 16:01:57] [INFO] 波形时间特征计算完成：{'PR': 109.66, 'QRS': 44.61, 'QT': 212.81, 'QTc': 189.72}
[2026-08-20 16:01:57] [INFO] 波形振幅特征计算完成：{'ST_shift': 0.35, 'P_amp': 0.456, 'T_amp': 1.269}
[2026-08-20 16:01:57] [INFO] 12项特征提取完成：{'HR': 6.71, 'RR_mean': 8936.06, 'RR_std': 11728.17, 'SDNN': 11728.17, 'RMSSD': 14908.48, 'PR': 109.66, 'QRS': 44.61, 'QT': 212.81, 'QTc': 189.72, 'ST_shift': 0.35, 'P_amp': 0.456, 'T_amp': 1.269}
[2026-08-20 16:01:57] [INFO] 规则推理完成：risk=中危, score=0.25
[2026-08-20 16:01:58] [INFO] 成功读取MIT-BIH记录：D:/桌面/ECG-Auxiliary-Screening/data/mitbih/mit-bih-arrhythmia-database-1.0.0/207，采样率360Hz
[2026-08-20 16:02:06] [INFO] R峰检测完成，共83个
[2026-08-20 16:02:06] [INFO] HRV特征计算完成：{'HR': 3.24, 'RR_mean': 18498.95, 'RR_std': 65276.67, 'SDNN': 65276.67, 'RMSSD': 93259.41}
[2026-08-20 16:02:06] [INFO] 波形时间特征计算完成：{'PR': 141.29, 'QRS': 67.9, 'QT': 277.16, 'QTc': 61.34}
[2026-08-20 16:02:06] [INFO] 波形振幅特征计算完成：{'ST_shift': -0.002, 'P_amp': 0.224, 'T_amp': 0.429}
[2026-08-20 16:02:06] [INFO] 12项特征提取完成：{'HR': 3.24, 'RR_mean': 18498.95, 'RR_std': 65276.67, 'SDNN': 65276.67, 'RMSSD': 93259.41, 'PR': 141.29, 'QRS': 67.9, 'QT': 277.16, 'QTc': 61.34, 'ST_shift': -0.002, 'P_amp': 0.224, 'T_amp': 0.429}
[2026-08-20 16:02:06] [INFO] 规则推理完成：risk=中危, score=0.25
[2026-08-20 16:02:06] [INFO] 成功读取MIT-BIH记录：D:/桌面/ECG-Auxiliary-Screening/data/mitbih/mit-bih-arrhythmia-database-1.0.0/208，采样率360Hz
[2026-08-20 16:02:12] [INFO] R峰检测完成，共1578个
[2026-08-20 16:02:12] [INFO] HRV特征计算完成：{'HR': 52.41, 'RR_mean': 1144.73, 'RR_std': 818.44, 'SDNN': 818.44, 'RMSSD': 1084.25}
[2026-08-20 16:02:12] [INFO] 波形时间特征计算完成：{'PR': 141.33, 'QRS': 59.24, 'QT': 277.97, 'QTc': 252.88}
[2026-08-20 16:02:12] [INFO] 波形振幅特征计算完成：{'ST_shift': -0.156, 'P_amp': 0.15, 'T_amp': 0.276}
[2026-08-20 16:02:12] [INFO] 12项特征提取完成：{'HR': 52.41, 'RR_mean': 1144.73, 'RR_std': 818.44, 'SDNN': 818.44, 'RMSSD': 1084.25, 'PR': 141.33, 'QRS': 59.24, 'QT': 277.97, 'QTc': 252.88, 'ST_shift': -0.156, 'P_amp': 0.15, 'T_amp': 0.276}
[2026-08-20 16:02:12] [INFO] 规则推理完成：risk=低危, score=0.10
[2026-08-20 16:02:12] [INFO] 成功读取MIT-BIH记录：D:/桌面/ECG-Auxiliary-Screening/data/mitbih/mit-bih-arrhythmia-database-1.0.0/210，采样率360Hz
[2026-08-20 16:02:18] [INFO] 成功读取MIT-BIH记录：D:/桌面/ECG-Auxiliary-Screening/data/mitbih/mit-bih-arrhythmia-database-1.0.0/213，采样率360Hz
[2026-08-20 16:02:24] [INFO] R峰检测完成，共3226个
[2026-08-20 16:02:24] [INFO] HRV特征计算完成：{'HR': 107.19, 'RR_mean': 559.77, 'RR_std': 73.0, 'SDNN': 73.0, 'RMSSD': 98.53}
[2026-08-20 16:02:24] [INFO] 波形时间特征计算完成：{'PR': 137.14, 'QRS': 30.27, 'QT': 214.64, 'QTc': 323.99}
[2026-08-20 16:02:25] [INFO] 波形振幅特征计算完成：{'ST_shift': -0.609, 'P_amp': 0.36, 'T_amp': 0.52}
[2026-08-20 16:02:25] [INFO] 12项特征提取完成：{'HR': 107.19, 'RR_mean': 559.77, 'RR_std': 73.0, 'SDNN': 73.0, 'RMSSD': 98.53, 'PR': 137.14, 'QRS': 30.27, 'QT': 214.64, 'QTc': 323.99, 'ST_shift': -0.609, 'P_amp': 0.36, 'T_amp': 0.52}
[2026-08-20 16:02:25] [INFO] 规则推理完成：risk=中危, score=0.25
[2026-08-20 16:02:25] [INFO] 成功读取MIT-BIH记录：D:/桌面/ECG-Auxiliary-Screening/data/mitbih/mit-bih-arrhythmia-database-1.0.0/214，采样率360Hz
[2026-08-20 16:02:32] [INFO] R峰检测完成，共2002个
[2026-08-20 16:02:32] [INFO] HRV特征计算完成：{'HR': 66.51, 'RR_mean': 902.09, 'RR_std': 615.89, 'SDNN': 615.89, 'RMSSD': 826.61}
[2026-08-20 16:02:32] [INFO] 波形时间特征计算完成：{'PR': 70.89, 'QRS': 89.21, 'QT': 193.79, 'QTc': 217.43}
[2026-08-20 16:02:32] [INFO] 波形振幅特征计算完成：{'ST_shift': -0.279, 'P_amp': 1.331, 'T_amp': 0.129}
[2026-08-20 16:02:32] [INFO] 12项特征提取完成：{'HR': 66.51, 'RR_mean': 902.09, 'RR_std': 615.89, 'SDNN': 615.89, 'RMSSD': 826.61, 'PR': 70.89, 'QRS': 89.21, 'QT': 193.79, 'QTc': 217.43, 'ST_shift': -0.279, 'P_amp': 1.331, 'T_amp': 0.129}
[2026-08-20 16:02:32] [INFO] 规则推理完成：risk=低危, score=0.00
[2026-08-20 16:02:32] [INFO] 成功读取MIT-BIH记录：D:/桌面/ECG-Auxiliary-Screening/data/mitbih/mit-bih-arrhythmia-database-1.0.0/215，采样率360Hz
[2026-08-20 16:02:38] [INFO] R峰检测完成，共1206个
[2026-08-20 16:02:38] [INFO] HRV特征计算完成：{'HR': 40.42, 'RR_mean': 1484.6, 'RR_std': 1981.2, 'SDNN': 1981.2, 'RMSSD': 2566.91}
[2026-08-20 16:02:38] [INFO] 波形时间特征计算完成：{'PR': 118.69, 'QRS': 27.13, 'QT': 183.64, 'QTc': 248.24}
[2026-08-20 16:02:38] [INFO] 波形振幅特征计算完成：{'ST_shift': 0.111, 'P_amp': 0.292, 'T_amp': 0.369}
[2026-08-20 16:02:38] [INFO] 12项特征提取完成：{'HR': 40.42, 'RR_mean': 1484.6, 'RR_std': 1981.2, 'SDNN': 1981.2, 'RMSSD': 2566.91, 'PR': 118.69, 'QRS': 27.13, 'QT': 183.64, 'QTc': 248.24, 'ST_shift': 0.111, 'P_amp': 0.292, 'T_amp': 0.369}
[2026-08-20 16:02:38] [INFO] 规则推理完成：risk=中危, score=0.25
[2026-08-20 16:02:38] [INFO] 成功读取MIT-BIH记录：D:/桌面/ECG-Auxiliary-Screening/data/mitbih/mit-bih-arrhythmia-database-1.0.0/219，采样率360Hz
[2026-08-20 16:02:46] [INFO] R峰检测完成，共2119个
[2026-08-20 16:02:46] [INFO] HRV特征计算完成：{'HR': 70.44, 'RR_mean': 851.74, 'RR_std': 259.79, 'SDNN': 259.79, 'RMSSD': 337.86}
[2026-08-20 16:02:46] [INFO] 波形时间特征计算完成：{'PR': 127.8, 'QRS': 60.21, 'QT': 290.12, 'QTc': 310.64}
[2026-08-20 16:02:46] [INFO] 波形振幅特征计算完成：{'ST_shift': -0.154, 'P_amp': 0.137, 'T_amp': -0.0}
[2026-08-20 16:02:46] [INFO] 12项特征提取完成：{'HR': 70.44, 'RR_mean': 851.74, 'RR_std': 259.79, 'SDNN': 259.79, 'RMSSD': 337.86, 'PR': 127.8, 'QRS': 60.21, 'QT': 290.12, 'QTc': 310.64, 'ST_shift': -0.154, 'P_amp': 0.137, 'T_amp': -0.0}
[2026-08-20 16:02:46] [INFO] 规则推理完成：risk=低危, score=0.00
[2026-08-20 16:02:46] [INFO] 成功读取MIT-BIH记录：D:/桌面/ECG-Auxiliary-Screening/data/mitbih/mit-bih-arrhythmia-database-1.0.0/221，采样率360Hz
[2026-08-20 16:02:52] [INFO] R峰检测完成，共2016个
[2026-08-20 16:02:52] [INFO] HRV特征计算完成：{'HR': 67.0, 'RR_mean': 895.49, 'RR_std': 380.29, 'SDNN': 380.29, 'RMSSD': 557.66}
[2026-08-20 16:02:52] [INFO] 波形时间特征计算完成：{'PR': 79.12, 'QRS': 55.14, 'QT': 286.56, 'QTc': 364.09}
[2026-08-20 16:02:52] [INFO] 波形振幅特征计算完成：{'ST_shift': -0.154, 'P_amp': 0.013, 'T_amp': 0.09}
[2026-08-20 16:02:52] [INFO] 12项特征提取完成：{'HR': 67.0, 'RR_mean': 895.49, 'RR_std': 380.29, 'SDNN': 380.29, 'RMSSD': 557.66, 'PR': 79.12, 'QRS': 55.14, 'QT': 286.56, 'QTc': 364.09, 'ST_shift': -0.154, 'P_amp': 0.013, 'T_amp': 0.09}
[2026-08-20 16:02:52] [INFO] 规则推理完成：risk=低危, score=0.00
[2026-08-20 16:02:52] [INFO] 成功读取MIT-BIH记录：D:/桌面/ECG-Auxiliary-Screening/data/mitbih/mit-bih-arrhythmia-database-1.0.0/222，采样率360Hz
[2026-08-20 16:02:59] [INFO] R峰检测完成，共1515个
[2026-08-20 16:02:59] [INFO] HRV特征计算完成：{'HR': 50.33, 'RR_mean': 1192.16, 'RR_std': 3504.69, 'SDNN': 3504.69, 'RMSSD': 4691.92}
[2026-08-20 16:02:59] [INFO] 波形时间特征计算完成：{'PR': 130.75, 'QRS': 55.03, 'QT': 194.94, 'QTc': 221.43}
[2026-08-20 16:02:59] [INFO] 波形振幅特征计算完成：{'ST_shift': 0.006, 'P_amp': 0.117, 'T_amp': 0.08}
[2026-08-20 16:02:59] [INFO] 12项特征提取完成：{'HR': 50.33, 'RR_mean': 1192.16, 'RR_std': 3504.69, 'SDNN': 3504.69, 'RMSSD': 4691.92, 'PR': 130.75, 'QRS': 55.03, 'QT': 194.94, 'QTc': 221.43, 'ST_shift': 0.006, 'P_amp': 0.117, 'T_amp': 0.08}
[2026-08-20 16:02:59] [INFO] 规则推理完成：risk=低危, score=0.10
[2026-08-20 16:02:59] [INFO] 成功读取MIT-BIH记录：D:/桌面/ECG-Auxiliary-Screening/data/mitbih/mit-bih-arrhythmia-database-1.0.0/223，采样率360Hz
[2026-08-20 16:03:05] [INFO] R峰检测完成，共1964个
[2026-08-20 16:03:05] [INFO] HRV特征计算完成：{'HR': 65.27, 'RR_mean': 919.29, 'RR_std': 4758.99, 'SDNN': 4758.99, 'RMSSD': 6655.02}
[2026-08-20 16:03:05] [INFO] 波形时间特征计算完成：{'PR': 65.04, 'QRS': 18.53, 'QT': 299.35, 'QTc': 341.27}
[2026-08-20 16:03:05] [INFO] 波形振幅特征计算完成：{'ST_shift': -0.22, 'P_amp': 0.199, 'T_amp': 0.006}
[2026-08-20 16:03:05] [INFO] 12项特征提取完成：{'HR': 65.27, 'RR_mean': 919.29, 'RR_std': 4758.99, 'SDNN': 4758.99, 'RMSSD': 6655.02, 'PR': 65.04, 'QRS': 18.53, 'QT': 299.35, 'QTc': 341.27, 'ST_shift': -0.22, 'P_amp': 0.199, 'T_amp': 0.006}
[2026-08-20 16:03:05] [INFO] 规则推理完成：risk=低危, score=0.00
[2026-08-20 16:05:48] [INFO] 成功读取MIT-BIH记录：D:/桌面/ECG-Auxiliary-Screening/data/mitbih/mit-bih-arrhythmia-database-1.0.0/100，采样率360Hz
[2026-08-20 16:05:53] [INFO] R峰检测完成，共2272个
[2026-08-20 16:05:53] [INFO] HRV特征计算完成：{'HR': 75.48, 'RR_mean': 794.93, 'RR_std': 53.05, 'SDNN': 53.05, 'RMSSD': 70.58}
[2026-08-20 16:05:53] [INFO] 波形时间特征计算完成：{'PR': 177.98, 'QRS': 54.29, 'QT': 278.02, 'QTc': 307.12}
[2026-08-20 16:05:53] [INFO] 波形振幅特征计算完成：{'ST_shift': -0.083, 'P_amp': 0.108, 'T_amp': 0.038}
[2026-08-20 16:05:53] [INFO] 12项特征提取完成：{'HR': 75.48, 'RR_mean': 794.93, 'RR_std': 53.05, 'SDNN': 53.05, 'RMSSD': 70.58, 'PR': 177.98, 'QRS': 54.29, 'QT': 278.02, 'QTc': 307.12, 'ST_shift': -0.083, 'P_amp': 0.108, 'T_amp': 0.038}
[2026-08-20 16:05:53] [INFO] 规则推理完成：risk=低危, score=0.00
[2026-08-20 16:05:54] [INFO] 成功读取MIT-BIH记录：D:/桌面/ECG-Auxiliary-Screening/data/mitbih/mit-bih-arrhythmia-database-1.0.0/101，采样率360Hz
[2026-08-20 16:06:00] [INFO] R峰检测完成，共1833个
[2026-08-20 16:06:00] [INFO] HRV特征计算完成：{'HR': 60.91, 'RR_mean': 985.05, 'RR_std': 236.92, 'SDNN': 236.92, 'RMSSD': 328.86}
[2026-08-20 16:06:00] [INFO] 波形时间特征计算完成：{'PR': 117.47, 'QRS': 95.45, 'QT': 139.5, 'QTc': 147.5}
[2026-08-20 16:06:00] [INFO] 波形振幅特征计算完成：{'ST_shift': -0.137, 'P_amp': 0.136, 'T_amp': 0.198}
[2026-08-20 16:06:00] [INFO] 12项特征提取完成：{'HR': 60.91, 'RR_mean': 985.05, 'RR_std': 236.92, 'SDNN': 236.92, 'RMSSD': 328.86, 'PR': 117.47, 'QRS': 95.45, 'QT': 139.5, 'QTc': 147.5, 'ST_shift': -0.137, 'P_amp': 0.136, 'T_amp': 0.198}
[2026-08-20 16:06:00] [INFO] 规则推理完成：risk=低危, score=0.00
[2026-08-20 16:06:01] [INFO] 成功读取MIT-BIH记录：D:/桌面/ECG-Auxiliary-Screening/data/mitbih/mit-bih-arrhythmia-database-1.0.0/102，采样率360Hz
[2026-08-20 16:06:07] [INFO] R峰检测完成，共2086个
[2026-08-20 16:06:07] [INFO] HRV特征计算完成：{'HR': 69.32, 'RR_mean': 865.61, 'RR_std': 1274.6, 'SDNN': 1274.6, 'RMSSD': 1777.3}
[2026-08-20 16:06:07] [INFO] 波形时间特征计算完成：{'PR': 134.63, 'QRS': 139.87, 'QT': 83.95, 'QTc': 89.05}
[2026-08-20 16:06:07] [INFO] 波形振幅特征计算完成：{'ST_shift': -0.08, 'P_amp': -0.037, 'T_amp': 0.126}
[2026-08-20 16:06:07] [INFO] 12项特征提取完成：{'HR': 69.32, 'RR_mean': 865.61, 'RR_std': 1274.6, 'SDNN': 1274.6, 'RMSSD': 1777.3, 'PR': 134.63, 'QRS': 139.87, 'QT': 83.95, 'QTc': 89.05, 'ST_shift': -0.08, 'P_amp': -0.037, 'T_amp': 0.126}
[2026-08-20 16:06:07] [INFO] 规则推理完成：risk=中危, score=0.25
[2026-08-20 16:06:07] [INFO] 成功读取MIT-BIH记录：D:/桌面/ECG-Auxiliary-Screening/data/mitbih/mit-bih-arrhythmia-database-1.0.0/103，采样率360Hz
[2026-08-20 16:06:14] [INFO] R峰检测完成，共2077个
[2026-08-20 16:06:14] [INFO] HRV特征计算完成：{'HR': 69.03, 'RR_mean': 869.2, 'RR_std': 100.18, 'SDNN': 100.18, 'RMSSD': 136.5}
[2026-08-20 16:06:14] [INFO] 波形时间特征计算完成：{'PR': 188.41, 'QRS': 42.16, 'QT': 255.03, 'QTc': 278.9}
[2026-08-20 16:06:14] [INFO] 波形振幅特征计算完成：{'ST_shift': -0.188, 'P_amp': 0.01, 'T_amp': 0.326}
[2026-08-20 16:06:14] [INFO] 12项特征提取完成：{'HR': 69.03, 'RR_mean': 869.2, 'RR_std': 100.18, 'SDNN': 100.18, 'RMSSD': 136.5, 'PR': 188.41, 'QRS': 42.16, 'QT': 255.03, 'QTc': 278.9, 'ST_shift': -0.188, 'P_amp': 0.01, 'T_amp': 0.326}
[2026-08-20 16:06:14] [INFO] 规则推理完成：risk=低危, score=0.00
[2026-08-20 16:06:14] [INFO] 成功读取MIT-BIH记录：D:/桌面/ECG-Auxiliary-Screening/data/mitbih/mit-bih-arrhythmia-database-1.0.0/104，采样率360Hz
[2026-08-20 16:06:23] [INFO] R峰检测完成，共27个
[2026-08-20 16:06:23] [INFO] HRV特征计算完成：{'HR': 6.27, 'RR_mean': 9567.41, 'RR_std': 17184.57, 'SDNN': 17184.57, 'RMSSD': 25077.19}
[2026-08-20 16:06:23] [INFO] 波形时间特征计算完成：{'PR': 101.56, 'QRS': 74.78, 'QT': 314.67, 'QTc': 383.0}
[2026-08-20 16:06:23] [INFO] 波形振幅特征计算完成：{'ST_shift': -0.119, 'P_amp': 0.35, 'T_amp': 0.401}
[2026-08-20 16:06:23] [INFO] 12项特征提取完成：{'HR': 6.27, 'RR_mean': 9567.41, 'RR_std': 17184.57, 'SDNN': 17184.57, 'RMSSD': 25077.19, 'PR': 101.56, 'QRS': 74.78, 'QT': 314.67, 'QTc': 383.0, 'ST_shift': -0.119, 'P_amp': 0.35, 'T_amp': 0.401}
[2026-08-20 16:06:23] [INFO] 规则推理完成：risk=中危, score=0.25
[2026-08-20 16:06:23] [INFO] 成功读取MIT-BIH记录：D:/桌面/ECG-Auxiliary-Screening/data/mitbih/mit-bih-arrhythmia-database-1.0.0/105，采样率360Hz
[2026-08-20 16:06:29] [INFO] R峰检测完成，共5个
[2026-08-20 16:06:29] [INFO] HRV特征计算完成：{'HR': 0.5, 'RR_mean': 119548.61, 'RR_std': 173592.35, 'SDNN': 173592.35, 'RMSSD': 319853.87}
[2026-08-20 16:06:29] [INFO] 波形时间特征计算完成：{'PR': 102.78, 'QRS': 62.04, 'QT': 63.89, 'QTc': 42.88}
[2026-08-20 16:06:29] [INFO] 波形振幅特征计算完成：{'ST_shift': 1.669, 'P_amp': 0.492, 'T_amp': 1.998}
[2026-08-20 16:06:29] [INFO] 12项特征提取完成：{'HR': 0.5, 'RR_mean': 119548.61, 'RR_std': 173592.35, 'SDNN': 173592.35, 'RMSSD': 319853.87, 'PR': 102.78, 'QRS': 62.04, 'QT': 63.89, 'QTc': 42.88, 'ST_shift': 1.669, 'P_amp': 0.492, 'T_amp': 1.998}
[2026-08-20 16:06:29] [INFO] 规则推理完成：risk=中危, score=0.25
[2026-08-20 16:06:29] [INFO] 成功读取MIT-BIH记录：D:/桌面/ECG-Auxiliary-Screening/data/mitbih/mit-bih-arrhythmia-database-1.0.0/106，采样率360Hz
[2026-08-20 16:06:36] [INFO] R峰检测完成，共1139个
[2026-08-20 16:06:36] [INFO] HRV特征计算完成：{'HR': 37.85, 'RR_mean': 1585.26, 'RR_std': 4798.05, 'SDNN': 4798.05, 'RMSSD': 6756.5}
[2026-08-20 16:06:36] [INFO] 波形时间特征计算完成：{'PR': 114.77, 'QRS': 41.57, 'QT': 159.05, 'QTc': 156.05}
[2026-08-20 16:06:36] [INFO] 波形振幅特征计算完成：{'ST_shift': -0.257, 'P_amp': 0.218, 'T_amp': 0.466}
[2026-08-20 16:06:36] [INFO] 12项特征提取完成：{'HR': 37.85, 'RR_mean': 1585.26, 'RR_std': 4798.05, 'SDNN': 4798.05, 'RMSSD': 6756.5, 'PR': 114.77, 'QRS': 41.57, 'QT': 159.05, 'QTc': 156.05, 'ST_shift': -0.257, 'P_amp': 0.218, 'T_amp': 0.466}
[2026-08-20 16:06:36] [INFO] 规则推理完成：risk=中危, score=0.25
[2026-08-20 16:06:36] [INFO] 成功读取MIT-BIH记录：D:/桌面/ECG-Auxiliary-Screening/data/mitbih/mit-bih-arrhythmia-database-1.0.0/107，采样率360Hz
[2026-08-20 16:06:43] [INFO] R峰检测完成，共2098个
[2026-08-20 16:06:43] [INFO] HRV特征计算完成：{'HR': 69.74, 'RR_mean': 860.28, 'RR_std': 102.14, 'SDNN': 102.14, 'RMSSD': 149.75}
[2026-08-20 16:06:43] [INFO] 波形时间特征计算完成：{'PR': 105.04, 'QRS': 71.89, 'QT': 165.42, 'QTc': 181.51}
[2026-08-20 16:06:43] [INFO] 波形振幅特征计算完成：{'ST_shift': -0.766, 'P_amp': 0.98, 'T_amp': 1.169}
[2026-08-20 16:06:43] [INFO] 12项特征提取完成：{'HR': 69.74, 'RR_mean': 860.28, 'RR_std': 102.14, 'SDNN': 102.14, 'RMSSD': 149.75, 'PR': 105.04, 'QRS': 71.89, 'QT': 165.42, 'QTc': 181.51, 'ST_shift': -0.766, 'P_amp': 0.98, 'T_amp': 1.169}
[2026-08-20 16:06:43] [INFO] 规则推理完成：risk=低危, score=0.00
[2026-08-20 16:06:43] [INFO] 成功读取MIT-BIH记录：D:/桌面/ECG-Auxiliary-Screening/data/mitbih/mit-bih-arrhythmia-database-1.0.0/108，采样率360Hz
[2026-08-20 16:06:50] [INFO] R峰检测完成，共794个
[2026-08-20 16:06:50] [INFO] HRV特征计算完成：{'HR': 29.3, 'RR_mean': 2047.95, 'RR_std': 6479.98, 'SDNN': 6479.98, 'RMSSD': 8957.88}
[2026-08-20 16:06:50] [INFO] 波形时间特征计算完成：{'PR': 63.82, 'QRS': 22.93, 'QT': 316.06, 'QTc': 209.54}
[2026-08-20 16:06:50] [INFO] 波形振幅特征计算完成：{'ST_shift': -0.163, 'P_amp': 0.262, 'T_amp': 0.059}
[2026-08-20 16:06:50] [INFO] 12项特征提取完成：{'HR': 29.3, 'RR_mean': 2047.95, 'RR_std': 6479.98, 'SDNN': 6479.98, 'RMSSD': 8957.88, 'PR': 63.82, 'QRS': 22.93, 'QT': 316.06, 'QTc': 209.54, 'ST_shift': -0.163, 'P_amp': 0.262, 'T_amp': 0.059}
[2026-08-20 16:06:50] [INFO] 规则推理完成：risk=中危, score=0.25
[2026-08-20 16:06:50] [INFO] 成功读取MIT-BIH记录：D:/桌面/ECG-Auxiliary-Screening/data/mitbih/mit-bih-arrhythmia-database-1.0.0/109，采样率360Hz
[2026-08-20 16:07:03] [INFO] R峰检测完成，共660个
[2026-08-20 16:07:03] [INFO] HRV特征计算完成：{'HR': 22.11, 'RR_mean': 2713.2, 'RR_std': 6439.96, 'SDNN': 6439.96, 'RMSSD': 8307.56}
[2026-08-20 16:07:03] [INFO] 波形时间特征计算完成：{'PR': 68.06, 'QRS': 9.58, 'QT': 296.07, 'QTc': 42.56}
[2026-08-20 16:07:03] [INFO] 波形振幅特征计算完成：{'ST_shift': -0.489, 'P_amp': 1.256, 'T_amp': 0.207}
[2026-08-20 16:07:03] [INFO] 12项特征提取完成：{'HR': 22.11, 'RR_mean': 2713.2, 'RR_std': 6439.96, 'SDNN': 6439.96, 'RMSSD': 8307.56, 'PR': 68.06, 'QRS': 9.58, 'QT': 296.07, 'QTc': 42.56, 'ST_shift': -0.489, 'P_amp': 1.256, 'T_amp': 0.207}
[2026-08-20 16:07:03] [INFO] 规则推理完成：risk=中危, score=0.25
[2026-08-20 16:07:03] [INFO] 成功读取MIT-BIH记录：D:/桌面/ECG-Auxiliary-Screening/data/mitbih/mit-bih-arrhythmia-database-1.0.0/111，采样率360Hz
[2026-08-20 16:07:14] [INFO] R峰检测完成，共1509个
[2026-08-20 16:07:14] [INFO] HRV特征计算完成：{'HR': 50.28, 'RR_mean': 1193.27, 'RR_std': 1295.28, 'SDNN': 1295.28, 'RMSSD': 1606.93}
[2026-08-20 16:07:14] [INFO] 波形时间特征计算完成：{'PR': 76.1, 'QRS': 5.09, 'QT': 218.98, 'QTc': 168.5}
[2026-08-20 16:07:14] [INFO] 波形振幅特征计算完成：{'ST_shift': -0.109, 'P_amp': 0.324, 'T_amp': 0.335}
[2026-08-20 16:07:14] [INFO] 12项特征提取完成：{'HR': 50.28, 'RR_mean': 1193.27, 'RR_std': 1295.28, 'SDNN': 1295.28, 'RMSSD': 1606.93, 'PR': 76.1, 'QRS': 5.09, 'QT': 218.98, 'QTc': 168.5, 'ST_shift': -0.109, 'P_amp': 0.324, 'T_amp': 0.335}
[2026-08-20 16:07:14] [INFO] 规则推理完成：risk=低危, score=0.10
[2026-08-20 16:07:14] [INFO] 成功读取MIT-BIH记录：D:/桌面/ECG-Auxiliary-Screening/data/mitbih/mit-bih-arrhythmia-database-1.0.0/112，采样率360Hz
[2026-08-20 16:07:20] [INFO] R峰检测完成，共2533个
[2026-08-20 16:07:20] [INFO] HRV特征计算完成：{'HR': 84.17, 'RR_mean': 712.83, 'RR_std': 52.56, 'SDNN': 52.56, 'RMSSD': 65.27}
[2026-08-20 16:07:21] [INFO] 波形时间特征计算完成：{'PR': 168.14, 'QRS': 9.78, 'QT': 315.25, 'QTc': 360.69}
[2026-08-20 16:07:21] [INFO] 波形振幅特征计算完成：{'ST_shift': -0.13, 'P_amp': 0.176, 'T_amp': 0.152}
[2026-08-20 16:07:21] [INFO] 12项特征提取完成：{'HR': 84.17, 'RR_mean': 712.83, 'RR_std': 52.56, 'SDNN': 52.56, 'RMSSD': 65.27, 'PR': 168.14, 'QRS': 9.78, 'QT': 315.25, 'QTc': 360.69, 'ST_shift': -0.13, 'P_amp': 0.176, 'T_amp': 0.152}
[2026-08-20 16:07:21] [INFO] 规则推理完成：risk=低危, score=0.00
[2026-08-20 16:07:21] [INFO] 成功读取MIT-BIH记录：D:/桌面/ECG-Auxiliary-Screening/data/mitbih/mit-bih-arrhythmia-database-1.0.0/113，采样率360Hz
[2026-08-20 16:07:27] [INFO] R峰检测完成，共1795个
[2026-08-20 16:07:27] [INFO] HRV特征计算完成：{'HR': 59.63, 'RR_mean': 1006.17, 'RR_std': 99.12, 'SDNN': 99.12, 'RMSSD': 102.76}
[2026-08-20 16:07:27] [INFO] 波形时间特征计算完成：{'PR': 136.44, 'QRS': 47.87, 'QT': 45.11, 'QTc': 42.16}
[2026-08-20 16:07:27] [INFO] 波形振幅特征计算完成：{'ST_shift': -0.076, 'P_amp': -0.092, 'T_amp': 0.918}
[2026-08-20 16:07:27] [INFO] 12项特征提取完成：{'HR': 59.63, 'RR_mean': 1006.17, 'RR_std': 99.12, 'SDNN': 99.12, 'RMSSD': 102.76, 'PR': 136.44, 'QRS': 47.87, 'QT': 45.11, 'QTc': 42.16, 'ST_shift': -0.076, 'P_amp': -0.092, 'T_amp': 0.918}
[2026-08-20 16:07:27] [INFO] 规则推理完成：risk=低危, score=0.00
[2026-08-20 16:07:27] [INFO] 成功读取MIT-BIH记录：D:/桌面/ECG-Auxiliary-Screening/data/mitbih/mit-bih-arrhythmia-database-1.0.0/114，采样率360Hz
[2026-08-20 16:07:34] [INFO] R峰检测完成，共98个
[2026-08-20 16:07:34] [INFO] HRV特征计算完成：{'HR': 3.45, 'RR_mean': 17400.52, 'RR_std': 38726.75, 'SDNN': 38726.75, 'RMSSD': 54860.24}
[2026-08-20 16:07:34] [INFO] 波形时间特征计算完成：{'PR': 91.52, 'QRS': 15.28, 'QT': 267.97, 'QTc': 41.7}
[2026-08-20 16:07:34] [INFO] 波形振幅特征计算完成：{'ST_shift': -0.03, 'P_amp': 0.109, 'T_amp': 0.301}
[2026-08-20 16:07:34] [INFO] 12项特征提取完成：{'HR': 3.45, 'RR_mean': 17400.52, 'RR_std': 38726.75, 'SDNN': 38726.75, 'RMSSD': 54860.24, 'PR': 91.52, 'QRS': 15.28, 'QT': 267.97, 'QTc': 41.7, 'ST_shift': -0.03, 'P_amp': 0.109, 'T_amp': 0.301}
[2026-08-20 16:07:34] [INFO] 规则推理完成：risk=中危, score=0.25
[2026-08-20 16:07:34] [INFO] 成功读取MIT-BIH记录：D:/桌面/ECG-Auxiliary-Screening/data/mitbih/mit-bih-arrhythmia-database-1.0.0/115，采样率360Hz
[2026-08-20 16:07:41] [INFO] R峰检测完成，共1951个
[2026-08-20 16:07:41] [INFO] HRV特征计算完成：{'HR': 64.82, 'RR_mean': 925.63, 'RR_std': 91.91, 'SDNN': 91.91, 'RMSSD': 89.04}
[2026-08-20 16:07:41] [INFO] 波形时间特征计算完成：{'PR': 186.55, 'QRS': 7.96, 'QT': 318.79, 'QTc': 320.58}
[2026-08-20 16:07:41] [INFO] 波形振幅特征计算完成：{'ST_shift': -0.021, 'P_amp': 0.023, 'T_amp': 0.178}
[2026-08-20 16:07:41] [INFO] 12项特征提取完成：{'HR': 64.82, 'RR_mean': 925.63, 'RR_std': 91.91, 'SDNN': 91.91, 'RMSSD': 89.04, 'PR': 186.55, 'QRS': 7.96, 'QT': 318.79, 'QTc': 320.58, 'ST_shift': -0.021, 'P_amp': 0.023, 'T_amp': 0.178}
[2026-08-20 16:07:41] [INFO] 规则推理完成：risk=低危, score=0.00
[2026-08-20 16:07:41] [INFO] 成功读取MIT-BIH记录：D:/桌面/ECG-Auxiliary-Screening/data/mitbih/mit-bih-arrhythmia-database-1.0.0/116，采样率360Hz
[2026-08-20 16:07:48] [INFO] R峰检测完成，共1925个
[2026-08-20 16:07:48] [INFO] HRV特征计算完成：{'HR': 66.5, 'RR_mean': 902.23, 'RR_std': 2838.98, 'SDNN': 2838.98, 'RMSSD': 2986.34}
[2026-08-20 16:07:48] [INFO] 波形时间特征计算完成：{'PR': 154.09, 'QRS': 34.43, 'QT': 243.11, 'QTc': 277.15}
[2026-08-20 16:07:48] [INFO] 波形振幅特征计算完成：{'ST_shift': -0.216, 'P_amp': 0.04, 'T_amp': 0.387}
[2026-08-20 16:07:48] [INFO] 12项特征提取完成：{'HR': 66.5, 'RR_mean': 902.23, 'RR_std': 2838.98, 'SDNN': 2838.98, 'RMSSD': 2986.34, 'PR': 154.09, 'QRS': 34.43, 'QT': 243.11, 'QTc': 277.15, 'ST_shift': -0.216, 'P_amp': 0.04, 'T_amp': 0.387}
[2026-08-20 16:07:48] [INFO] 规则推理完成：risk=低危, score=0.00
[2026-08-20 16:07:48] [INFO] 成功读取MIT-BIH记录：D:/桌面/ECG-Auxiliary-Screening/data/mitbih/mit-bih-arrhythmia-database-1.0.0/117，采样率360Hz
[2026-08-20 16:07:54] [INFO] R峰检测完成，共1535个
[2026-08-20 16:07:54] [INFO] HRV特征计算完成：{'HR': 51.0, 'RR_mean': 1176.56, 'RR_std': 46.06, 'SDNN': 46.06, 'RMSSD': 46.07}
[2026-08-20 16:07:54] [INFO] 波形时间特征计算完成：{'PR': 164.41, 'QRS': 8.51, 'QT': 283.75, 'QTc': 265.89}
[2026-08-20 16:07:54] [INFO] 波形振幅特征计算完成：{'ST_shift': -0.014, 'P_amp': 0.094, 'T_amp': 0.524}
[2026-08-20 16:07:54] [INFO] 12项特征提取完成：{'HR': 51.0, 'RR_mean': 1176.56, 'RR_std': 46.06, 'SDNN': 46.06, 'RMSSD': 46.07, 'PR': 164.41, 'QRS': 8.51, 'QT': 283.75, 'QTc': 265.89, 'ST_shift': -0.014, 'P_amp': 0.094, 'T_amp': 0.524}
[2026-08-20 16:07:54] [INFO] 规则推理完成：risk=低危, score=0.10
[2026-08-20 16:07:55] [INFO] 成功读取MIT-BIH记录：D:/桌面/ECG-Auxiliary-Screening/data/mitbih/mit-bih-arrhythmia-database-1.0.0/118，采样率360Hz
[2026-08-20 16:08:01] [INFO] R峰检测完成，共2263个
[2026-08-20 16:08:01] [INFO] HRV特征计算完成：{'HR': 75.21, 'RR_mean': 797.81, 'RR_std': 134.58, 'SDNN': 134.58, 'RMSSD': 178.2}
[2026-08-20 16:08:01] [INFO] 波形时间特征计算完成：{'PR': 82.6, 'QRS': 10.79, 'QT': 307.05, 'QTc': 335.24}
[2026-08-20 16:08:01] [INFO] 波形振幅特征计算完成：{'ST_shift': -0.028, 'P_amp': 0.33, 'T_amp': 0.149}
[2026-08-20 16:08:01] [INFO] 12项特征提取完成：{'HR': 75.21, 'RR_mean': 797.81, 'RR_std': 134.58, 'SDNN': 134.58, 'RMSSD': 178.2, 'PR': 82.6, 'QRS': 10.79, 'QT': 307.05, 'QTc': 335.24, 'ST_shift': -0.028, 'P_amp': 0.33, 'T_amp': 0.149}
[2026-08-20 16:08:01] [INFO] 规则推理完成：risk=低危, score=0.00
[2026-08-20 16:08:01] [INFO] 成功读取MIT-BIH记录：D:/桌面/ECG-Auxiliary-Screening/data/mitbih/mit-bih-arrhythmia-database-1.0.0/119，采样率360Hz
[2026-08-20 16:08:08] [INFO] R峰检测完成，共1987个
[2026-08-20 16:08:08] [INFO] HRV特征计算完成：{'HR': 66.05, 'RR_mean': 908.41, 'RR_std': 226.06, 'SDNN': 226.06, 'RMSSD': 406.55}
[2026-08-20 16:08:08] [INFO] 波形时间特征计算完成：{'PR': 138.87, 'QRS': 74.8, 'QT': 104.77, 'QTc': 134.02}
[2026-08-20 16:08:08] [INFO] 波形振幅特征计算完成：{'ST_shift': -0.254, 'P_amp': 0.537, 'T_amp': 0.269}
[2026-08-20 16:08:08] [INFO] 12项特征提取完成：{'HR': 66.05, 'RR_mean': 908.41, 'RR_std': 226.06, 'SDNN': 226.06, 'RMSSD': 406.55, 'PR': 138.87, 'QRS': 74.8, 'QT': 104.77, 'QTc': 134.02, 'ST_shift': -0.254, 'P_amp': 0.537, 'T_amp': 0.269}
[2026-08-20 16:08:08] [INFO] 规则推理完成：risk=低危, score=0.00
[2026-08-20 16:08:09] [INFO] 成功读取MIT-BIH记录：D:/桌面/ECG-Auxiliary-Screening/data/mitbih/mit-bih-arrhythmia-database-1.0.0/121，采样率360Hz
[2026-08-20 16:08:16] [INFO] R峰检测完成，共1618个
[2026-08-20 16:08:16] [INFO] HRV特征计算完成：{'HR': 53.76, 'RR_mean': 1116.11, 'RR_std': 854.34, 'SDNN': 854.34, 'RMSSD': 1142.43}
[2026-08-20 16:08:16] [INFO] 波形时间特征计算完成：{'PR': 64.83, 'QRS': 17.29, 'QT': 205.26, 'QTc': 208.47}
[2026-08-20 16:08:16] [INFO] 波形振幅特征计算完成：{'ST_shift': 0.015, 'P_amp': 0.128, 'T_amp': 0.116}
[2026-08-20 16:08:16] [INFO] 12项特征提取完成：{'HR': 53.76, 'RR_mean': 1116.11, 'RR_std': 854.34, 'SDNN': 854.34, 'RMSSD': 1142.43, 'PR': 64.83, 'QRS': 17.29, 'QT': 205.26, 'QTc': 208.47, 'ST_shift': 0.015, 'P_amp': 0.128, 'T_amp': 0.116}
[2026-08-20 16:08:16] [INFO] 规则推理完成：risk=低危, score=0.10
[2026-08-20 16:08:16] [INFO] 成功读取MIT-BIH记录：D:/桌面/ECG-Auxiliary-Screening/data/mitbih/mit-bih-arrhythmia-database-1.0.0/122，采样率360Hz
[2026-08-20 16:08:23] [INFO] R峰检测完成，共2476个
[2026-08-20 16:08:23] [INFO] HRV特征计算完成：{'HR': 82.27, 'RR_mean': 729.31, 'RR_std': 40.23, 'SDNN': 40.23, 'RMSSD': 19.85}
[2026-08-20 16:08:23] [INFO] 波形时间特征计算完成：{'PR': 160.81, 'QRS': 111.4, 'QT': 44.12, 'QTc': 54.84}
[2026-08-20 16:08:23] [INFO] 波形振幅特征计算完成：{'ST_shift': -0.191, 'P_amp': 0.149, 'T_amp': -0.013}
[2026-08-20 16:08:23] [INFO] 12项特征提取完成：{'HR': 82.27, 'RR_mean': 729.31, 'RR_std': 40.23, 'SDNN': 40.23, 'RMSSD': 19.85, 'PR': 160.81, 'QRS': 111.4, 'QT': 44.12, 'QTc': 54.84, 'ST_shift': -0.191, 'P_amp': 0.149, 'T_amp': -0.013}
[2026-08-20 16:08:23] [INFO] 规则推理完成：risk=中危, score=0.25
[2026-08-20 16:08:23] [INFO] 成功读取MIT-BIH记录：D:/桌面/ECG-Auxiliary-Screening/data/mitbih/mit-bih-arrhythmia-database-1.0.0/123，采样率360Hz
[2026-08-20 16:08:30] [INFO] R峰检测完成，共1515个
[2026-08-20 16:08:30] [INFO] HRV特征计算完成：{'HR': 50.34, 'RR_mean': 1191.88, 'RR_std': 116.7, 'SDNN': 116.7, 'RMSSD': 107.33}
[2026-08-20 16:08:30] [INFO] 波形时间特征计算完成：{'PR': 195.43, 'QRS': 9.79, 'QT': 300.21, 'QTc': 259.99}
[2026-08-20 16:08:30] [INFO] 波形振幅特征计算完成：{'ST_shift': -0.103, 'P_amp': 0.079, 'T_amp': 0.358}
[2026-08-20 16:08:30] [INFO] 12项特征提取完成：{'HR': 50.34, 'RR_mean': 1191.88, 'RR_std': 116.7, 'SDNN': 116.7, 'RMSSD': 107.33, 'PR': 195.43, 'QRS': 9.79, 'QT': 300.21, 'QTc': 259.99, 'ST_shift': -0.103, 'P_amp': 0.079, 'T_amp': 0.358}
[2026-08-20 16:08:30] [INFO] 规则推理完成：risk=低危, score=0.10
[2026-08-20 16:08:30] [INFO] 成功读取MIT-BIH记录：D:/桌面/ECG-Auxiliary-Screening/data/mitbih/mit-bih-arrhythmia-database-1.0.0/124，采样率360Hz
[2026-08-20 16:08:36] [INFO] R峰检测完成，共1574个
[2026-08-20 16:08:36] [INFO] HRV特征计算完成：{'HR': 52.3, 'RR_mean': 1147.22, 'RR_std': 482.08, 'SDNN': 482.08, 'RMSSD': 660.84}
[2026-08-20 16:08:36] [INFO] 波形时间特征计算完成：{'PR': 84.57, 'QRS': 70.57, 'QT': 174.77, 'QTc': 156.32}
[2026-08-20 16:08:36] [INFO] 波形振幅特征计算完成：{'ST_shift': -0.177, 'P_amp': 0.182, 'T_amp': 0.023}
[2026-08-20 16:08:36] [INFO] 12项特征提取完成：{'HR': 52.3, 'RR_mean': 1147.22, 'RR_std': 482.08, 'SDNN': 482.08, 'RMSSD': 660.84, 'PR': 84.57, 'QRS': 70.57, 'QT': 174.77, 'QTc': 156.32, 'ST_shift': -0.177, 'P_amp': 0.182, 'T_amp': 0.023}
[2026-08-20 16:08:36] [INFO] 规则推理完成：risk=低危, score=0.10
[2026-08-20 16:08:36] [INFO] 成功读取MIT-BIH记录：D:/桌面/ECG-Auxiliary-Screening/data/mitbih/mit-bih-arrhythmia-database-1.0.0/200，采样率360Hz
[2026-08-20 16:08:43] [INFO] R峰检测完成，共1833个
[2026-08-20 16:08:43] [INFO] HRV特征计算完成：{'HR': 61.12, 'RR_mean': 981.74, 'RR_std': 870.45, 'SDNN': 870.45, 'RMSSD': 1108.77}
[2026-08-20 16:08:43] [INFO] 波形时间特征计算完成：{'PR': 112.24, 'QRS': 12.1, 'QT': 256.68, 'QTc': 303.8}
[2026-08-20 16:08:43] [INFO] 波形振幅特征计算完成：{'ST_shift': -0.069, 'P_amp': 0.086, 'T_amp': 0.372}
[2026-08-20 16:08:43] [INFO] 12项特征提取完成：{'HR': 61.12, 'RR_mean': 981.74, 'RR_std': 870.45, 'SDNN': 870.45, 'RMSSD': 1108.77, 'PR': 112.24, 'QRS': 12.1, 'QT': 256.68, 'QTc': 303.8, 'ST_shift': -0.069, 'P_amp': 0.086, 'T_amp': 0.372}
[2026-08-20 16:08:43] [INFO] 规则推理完成：risk=低危, score=0.00
[2026-08-20 16:08:43] [INFO] 成功读取MIT-BIH记录：D:/桌面/ECG-Auxiliary-Screening/data/mitbih/mit-bih-arrhythmia-database-1.0.0/201，采样率360Hz
[2026-08-20 16:08:50] [INFO] R峰检测完成，共1742个
[2026-08-20 16:08:50] [INFO] HRV特征计算完成：{'HR': 57.89, 'RR_mean': 1036.51, 'RR_std': 535.26, 'SDNN': 535.26, 'RMSSD': 542.6}
[2026-08-20 16:08:50] [INFO] 波形时间特征计算完成：{'PR': 110.36, 'QRS': 79.01, 'QT': 272.52, 'QTc': 323.8}
[2026-08-20 16:08:50] [INFO] 波形振幅特征计算完成：{'ST_shift': -0.07, 'P_amp': 0.087, 'T_amp': 0.153}
[2026-08-20 16:08:50] [INFO] 12项特征提取完成：{'HR': 57.89, 'RR_mean': 1036.51, 'RR_std': 535.26, 'SDNN': 535.26, 'RMSSD': 542.6, 'PR': 110.36, 'QRS': 79.01, 'QT': 272.52, 'QTc': 323.8, 'ST_shift': -0.07, 'P_amp': 0.087, 'T_amp': 0.153}
[2026-08-20 16:08:50] [INFO] 规则推理完成：risk=低危, score=0.00
[2026-08-20 16:08:50] [INFO] 成功读取MIT-BIH记录：D:/桌面/ECG-Auxiliary-Screening/data/mitbih/mit-bih-arrhythmia-database-1.0.0/202，采样率360Hz
[2026-08-20 16:08:57] [INFO] R峰检测完成，共2036个
[2026-08-20 16:08:57] [INFO] HRV特征计算完成：{'HR': 67.67, 'RR_mean': 886.63, 'RR_std': 424.45, 'SDNN': 424.45, 'RMSSD': 400.09}
[2026-08-20 16:08:57] [INFO] 波形时间特征计算完成：{'PR': 71.87, 'QRS': 70.84, 'QT': 246.07, 'QTc': 231.71}
[2026-08-20 16:08:57] [INFO] 波形振幅特征计算完成：{'ST_shift': -0.125, 'P_amp': 0.455, 'T_amp': 0.179}
[2026-08-20 16:08:57] [INFO] 12项特征提取完成：{'HR': 67.67, 'RR_mean': 886.63, 'RR_std': 424.45, 'SDNN': 424.45, 'RMSSD': 400.09, 'PR': 71.87, 'QRS': 70.84, 'QT': 246.07, 'QTc': 231.71, 'ST_shift': -0.125, 'P_amp': 0.455, 'T_amp': 0.179}
[2026-08-20 16:08:57] [INFO] 规则推理完成：risk=低危, score=0.00
[2026-08-20 16:08:57] [INFO] 成功读取MIT-BIH记录：D:/桌面/ECG-Auxiliary-Screening/data/mitbih/mit-bih-arrhythmia-database-1.0.0/203，采样率360Hz
[2026-08-20 16:09:04] [INFO] R峰检测完成，共201个
[2026-08-20 16:09:04] [INFO] HRV特征计算完成：{'HR': 6.71, 'RR_mean': 8936.06, 'RR_std': 11728.17, 'SDNN': 11728.17, 'RMSSD': 14908.48}
[2026-08-20 16:09:04] [INFO] 波形时间特征计算完成：{'PR': 109.66, 'QRS': 44.61, 'QT': 212.81, 'QTc': 189.72}
[2026-08-20 16:09:04] [INFO] 波形振幅特征计算完成：{'ST_shift': 0.35, 'P_amp': 0.456, 'T_amp': 1.269}
[2026-08-20 16:09:04] [INFO] 12项特征提取完成：{'HR': 6.71, 'RR_mean': 8936.06, 'RR_std': 11728.17, 'SDNN': 11728.17, 'RMSSD': 14908.48, 'PR': 109.66, 'QRS': 44.61, 'QT': 212.81, 'QTc': 189.72, 'ST_shift': 0.35, 'P_amp': 0.456, 'T_amp': 1.269}
[2026-08-20 16:09:04] [INFO] 规则推理完成：risk=中危, score=0.25
[2026-08-20 16:09:04] [INFO] 成功读取MIT-BIH记录：D:/桌面/ECG-Auxiliary-Screening/data/mitbih/mit-bih-arrhythmia-database-1.0.0/205，采样率360Hz
[2026-08-20 16:09:13] [INFO] R峰检测完成，共2627个
[2026-08-20 16:09:13] [INFO] HRV特征计算完成：{'HR': 87.31, 'RR_mean': 687.18, 'RR_std': 150.89, 'SDNN': 150.89, 'RMSSD': 205.32}
[2026-08-20 16:09:13] [INFO] 波形时间特征计算完成：{'PR': 154.86, 'QRS': 66.07, 'QT': 275.87, 'QTc': 337.16}
[2026-08-20 16:09:13] [INFO] 波形振幅特征计算完成：{'ST_shift': -0.05, 'P_amp': 0.034, 'T_amp': 0.1}
[2026-08-20 16:09:13] [INFO] 12项特征提取完成：{'HR': 87.31, 'RR_mean': 687.18, 'RR_std': 150.89, 'SDNN': 150.89, 'RMSSD': 205.32, 'PR': 154.86, 'QRS': 66.07, 'QT': 275.87, 'QTc': 337.16, 'ST_shift': -0.05, 'P_amp': 0.034, 'T_amp': 0.1}
[2026-08-20 16:09:13] [INFO] 规则推理完成：risk=低危, score=0.00
[2026-08-20 16:09:13] [INFO] 成功读取MIT-BIH记录：D:/桌面/ECG-Auxiliary-Screening/data/mitbih/mit-bih-arrhythmia-database-1.0.0/207，采样率360Hz
[2026-08-20 16:09:20] [INFO] R峰检测完成，共83个
[2026-08-20 16:09:20] [INFO] HRV特征计算完成：{'HR': 3.24, 'RR_mean': 18498.95, 'RR_std': 65276.67, 'SDNN': 65276.67, 'RMSSD': 93259.41}
[2026-08-20 16:09:20] [INFO] 波形时间特征计算完成：{'PR': 141.29, 'QRS': 67.9, 'QT': 277.16, 'QTc': 61.34}
[2026-08-20 16:09:20] [INFO] 波形振幅特征计算完成：{'ST_shift': -0.002, 'P_amp': 0.224, 'T_amp': 0.429}
[2026-08-20 16:09:20] [INFO] 12项特征提取完成：{'HR': 3.24, 'RR_mean': 18498.95, 'RR_std': 65276.67, 'SDNN': 65276.67, 'RMSSD': 93259.41, 'PR': 141.29, 'QRS': 67.9, 'QT': 277.16, 'QTc': 61.34, 'ST_shift': -0.002, 'P_amp': 0.224, 'T_amp': 0.429}
[2026-08-20 16:09:20] [INFO] 规则推理完成：risk=中危, score=0.25
[2026-08-20 16:09:20] [INFO] 成功读取MIT-BIH记录：D:/桌面/ECG-Auxiliary-Screening/data/mitbih/mit-bih-arrhythmia-database-1.0.0/208，采样率360Hz
[2026-08-20 16:09:27] [INFO] R峰检测完成，共1578个
[2026-08-20 16:09:27] [INFO] HRV特征计算完成：{'HR': 52.41, 'RR_mean': 1144.73, 'RR_std': 818.44, 'SDNN': 818.44, 'RMSSD': 1084.25}
[2026-08-20 16:09:27] [INFO] 波形时间特征计算完成：{'PR': 141.33, 'QRS': 59.24, 'QT': 277.97, 'QTc': 252.88}
[2026-08-20 16:09:27] [INFO] 波形振幅特征计算完成：{'ST_shift': -0.156, 'P_amp': 0.15, 'T_amp': 0.276}
[2026-08-20 16:09:27] [INFO] 12项特征提取完成：{'HR': 52.41, 'RR_mean': 1144.73, 'RR_std': 818.44, 'SDNN': 818.44, 'RMSSD': 1084.25, 'PR': 141.33, 'QRS': 59.24, 'QT': 277.97, 'QTc': 252.88, 'ST_shift': -0.156, 'P_amp': 0.15, 'T_amp': 0.276}
[2026-08-20 16:09:27] [INFO] 规则推理完成：risk=低危, score=0.10
[2026-08-20 16:09:27] [INFO] 成功读取MIT-BIH记录：D:/桌面/ECG-Auxiliary-Screening/data/mitbih/mit-bih-arrhythmia-database-1.0.0/209，采样率360Hz
[2026-08-20 16:09:34] [INFO] R峰检测完成，共2995个
[2026-08-20 16:09:34] [INFO] HRV特征计算完成：{'HR': 99.54, 'RR_mean': 602.75, 'RR_std': 90.18, 'SDNN': 90.18, 'RMSSD': 81.18}
[2026-08-20 16:09:34] [INFO] 波形时间特征计算完成：{'PR': 183.17, 'QRS': 5.65, 'QT': 210.21, 'QTc': 259.63}
[2026-08-20 16:09:34] [INFO] 波形振幅特征计算完成：{'ST_shift': -0.075, 'P_amp': 0.039, 'T_amp': 0.273}
[2026-08-20 16:09:34] [INFO] 12项特征提取完成：{'HR': 99.54, 'RR_mean': 602.75, 'RR_std': 90.18, 'SDNN': 90.18, 'RMSSD': 81.18, 'PR': 183.17, 'QRS': 5.65, 'QT': 210.21, 'QTc': 259.63, 'ST_shift': -0.075, 'P_amp': 0.039, 'T_amp': 0.273}
[2026-08-20 16:09:34] [INFO] 规则推理完成：risk=低危, score=0.10
[2026-08-20 16:09:34] [INFO] 成功读取MIT-BIH记录：D:/桌面/ECG-Auxiliary-Screening/data/mitbih/mit-bih-arrhythmia-database-1.0.0/210，采样率360Hz
[2026-08-20 16:09:41] [INFO] 成功读取MIT-BIH记录：D:/桌面/ECG-Auxiliary-Screening/data/mitbih/mit-bih-arrhythmia-database-1.0.0/212，采样率360Hz
[2026-08-20 16:09:47] [INFO] R峰检测完成，共2735个
[2026-08-20 16:09:47] [INFO] HRV特征计算完成：{'HR': 90.89, 'RR_mean': 660.13, 'RR_std': 156.58, 'SDNN': 156.58, 'RMSSD': 215.38}
[2026-08-20 16:09:47] [INFO] 波形时间特征计算完成：{'PR': 160.38, 'QRS': 48.72, 'QT': 220.38, 'QTc': 271.61}
[2026-08-20 16:09:47] [INFO] 波形振幅特征计算完成：{'ST_shift': -0.053, 'P_amp': 0.139, 'T_amp': 0.362}
[2026-08-20 16:09:47] [INFO] 12项特征提取完成：{'HR': 90.89, 'RR_mean': 660.13, 'RR_std': 156.58, 'SDNN': 156.58, 'RMSSD': 215.38, 'PR': 160.38, 'QRS': 48.72, 'QT': 220.38, 'QTc': 271.61, 'ST_shift': -0.053, 'P_amp': 0.139, 'T_amp': 0.362}
[2026-08-20 16:09:47] [INFO] 规则推理完成：risk=低危, score=0.10
[2026-08-20 16:09:47] [INFO] 成功读取MIT-BIH记录：D:/桌面/ECG-Auxiliary-Screening/data/mitbih/mit-bih-arrhythmia-database-1.0.0/213，采样率360Hz
[2026-08-20 16:09:53] [INFO] R峰检测完成，共3226个
[2026-08-20 16:09:53] [INFO] HRV特征计算完成：{'HR': 107.19, 'RR_mean': 559.77, 'RR_std': 73.0, 'SDNN': 73.0, 'RMSSD': 98.53}
[2026-08-20 16:09:53] [INFO] 波形时间特征计算完成：{'PR': 137.14, 'QRS': 30.27, 'QT': 214.64, 'QTc': 323.99}
[2026-08-20 16:09:53] [INFO] 波形振幅特征计算完成：{'ST_shift': -0.609, 'P_amp': 0.36, 'T_amp': 0.52}
[2026-08-20 16:09:53] [INFO] 12项特征提取完成：{'HR': 107.19, 'RR_mean': 559.77, 'RR_std': 73.0, 'SDNN': 73.0, 'RMSSD': 98.53, 'PR': 137.14, 'QRS': 30.27, 'QT': 214.64, 'QTc': 323.99, 'ST_shift': -0.609, 'P_amp': 0.36, 'T_amp': 0.52}
[2026-08-20 16:09:53] [INFO] 规则推理完成：risk=中危, score=0.25
[2026-08-20 16:09:53] [INFO] 成功读取MIT-BIH记录：D:/桌面/ECG-Auxiliary-Screening/data/mitbih/mit-bih-arrhythmia-database-1.0.0/214，采样率360Hz
[2026-08-20 16:10:01] [INFO] R峰检测完成，共2002个
[2026-08-20 16:10:01] [INFO] HRV特征计算完成：{'HR': 66.51, 'RR_mean': 902.09, 'RR_std': 615.89, 'SDNN': 615.89, 'RMSSD': 826.61}
[2026-08-20 16:10:01] [INFO] 波形时间特征计算完成：{'PR': 70.89, 'QRS': 89.21, 'QT': 193.79, 'QTc': 217.43}
[2026-08-20 16:10:01] [INFO] 波形振幅特征计算完成：{'ST_shift': -0.279, 'P_amp': 1.331, 'T_amp': 0.129}
[2026-08-20 16:10:01] [INFO] 12项特征提取完成：{'HR': 66.51, 'RR_mean': 902.09, 'RR_std': 615.89, 'SDNN': 615.89, 'RMSSD': 826.61, 'PR': 70.89, 'QRS': 89.21, 'QT': 193.79, 'QTc': 217.43, 'ST_shift': -0.279, 'P_amp': 1.331, 'T_amp': 0.129}
[2026-08-20 16:10:01] [INFO] 规则推理完成：risk=低危, score=0.00
[2026-08-20 16:10:01] [INFO] 成功读取MIT-BIH记录：D:/桌面/ECG-Auxiliary-Screening/data/mitbih/mit-bih-arrhythmia-database-1.0.0/215，采样率360Hz
[2026-08-20 16:10:08] [INFO] R峰检测完成，共1206个
[2026-08-20 16:10:08] [INFO] HRV特征计算完成：{'HR': 40.42, 'RR_mean': 1484.6, 'RR_std': 1981.2, 'SDNN': 1981.2, 'RMSSD': 2566.91}
[2026-08-20 16:10:08] [INFO] 波形时间特征计算完成：{'PR': 118.69, 'QRS': 27.13, 'QT': 183.64, 'QTc': 248.24}
[2026-08-20 16:10:08] [INFO] 波形振幅特征计算完成：{'ST_shift': 0.111, 'P_amp': 0.292, 'T_amp': 0.369}
[2026-08-20 16:10:08] [INFO] 12项特征提取完成：{'HR': 40.42, 'RR_mean': 1484.6, 'RR_std': 1981.2, 'SDNN': 1981.2, 'RMSSD': 2566.91, 'PR': 118.69, 'QRS': 27.13, 'QT': 183.64, 'QTc': 248.24, 'ST_shift': 0.111, 'P_amp': 0.292, 'T_amp': 0.369}
[2026-08-20 16:10:08] [INFO] 规则推理完成：risk=中危, score=0.25
[2026-08-20 16:10:09] [INFO] 成功读取MIT-BIH记录：D:/桌面/ECG-Auxiliary-Screening/data/mitbih/mit-bih-arrhythmia-database-1.0.0/217，采样率360Hz
[2026-08-20 16:10:16] [INFO] R峰检测完成，共2098个
[2026-08-20 16:10:16] [INFO] HRV特征计算完成：{'HR': 69.73, 'RR_mean': 860.4, 'RR_std': 248.12, 'SDNN': 248.12, 'RMSSD': 338.91}
[2026-08-20 16:10:16] [INFO] 波形时间特征计算完成：{'PR': 83.1, 'QRS': 18.84, 'QT': 268.7, 'QTc': 294.83}
[2026-08-20 16:10:16] [INFO] 波形振幅特征计算完成：{'ST_shift': -0.021, 'P_amp': 1.021, 'T_amp': 0.724}
[2026-08-20 16:10:16] [INFO] 12项特征提取完成：{'HR': 69.73, 'RR_mean': 860.4, 'RR_std': 248.12, 'SDNN': 248.12, 'RMSSD': 338.91, 'PR': 83.1, 'QRS': 18.84, 'QT': 268.7, 'QTc': 294.83, 'ST_shift': -0.021, 'P_amp': 1.021, 'T_amp': 0.724}
[2026-08-20 16:10:16] [INFO] 规则推理完成：risk=低危, score=0.00
[2026-08-20 16:10:16] [INFO] 成功读取MIT-BIH记录：D:/桌面/ECG-Auxiliary-Screening/data/mitbih/mit-bih-arrhythmia-database-1.0.0/219，采样率360Hz
[2026-08-20 16:10:25] [INFO] R峰检测完成，共2119个
[2026-08-20 16:10:25] [INFO] HRV特征计算完成：{'HR': 70.44, 'RR_mean': 851.74, 'RR_std': 259.79, 'SDNN': 259.79, 'RMSSD': 337.86}
[2026-08-20 16:10:25] [INFO] 波形时间特征计算完成：{'PR': 127.8, 'QRS': 60.21, 'QT': 290.12, 'QTc': 310.64}
[2026-08-20 16:10:25] [INFO] 波形振幅特征计算完成：{'ST_shift': -0.154, 'P_amp': 0.137, 'T_amp': -0.0}
[2026-08-20 16:10:25] [INFO] 12项特征提取完成：{'HR': 70.44, 'RR_mean': 851.74, 'RR_std': 259.79, 'SDNN': 259.79, 'RMSSD': 337.86, 'PR': 127.8, 'QRS': 60.21, 'QT': 290.12, 'QTc': 310.64, 'ST_shift': -0.154, 'P_amp': 0.137, 'T_amp': -0.0}
[2026-08-20 16:10:25] [INFO] 规则推理完成：risk=低危, score=0.00
[2026-08-20 16:10:25] [INFO] 成功读取MIT-BIH记录：D:/桌面/ECG-Auxiliary-Screening/data/mitbih/mit-bih-arrhythmia-database-1.0.0/220，采样率360Hz
[2026-08-20 16:10:32] [INFO] R峰检测完成，共2041个
[2026-08-20 16:10:32] [INFO] HRV特征计算完成：{'HR': 67.8, 'RR_mean': 884.94, 'RR_std': 137.69, 'SDNN': 137.69, 'RMSSD': 177.27}
[2026-08-20 16:10:32] [INFO] 波形时间特征计算完成：{'PR': 120.96, 'QRS': 7.99, 'QT': 277.93, 'QTc': 301.95}
[2026-08-20 16:10:32] [INFO] 波形振幅特征计算完成：{'ST_shift': -0.12, 'P_amp': 0.028, 'T_amp': 0.244}
[2026-08-20 16:10:32] [INFO] 12项特征提取完成：{'HR': 67.8, 'RR_mean': 884.94, 'RR_std': 137.69, 'SDNN': 137.69, 'RMSSD': 177.27, 'PR': 120.96, 'QRS': 7.99, 'QT': 277.93, 'QTc': 301.95, 'ST_shift': -0.12, 'P_amp': 0.028, 'T_amp': 0.244}
[2026-08-20 16:10:32] [INFO] 规则推理完成：risk=低危, score=0.00
[2026-08-20 16:10:32] [INFO] 成功读取MIT-BIH记录：D:/桌面/ECG-Auxiliary-Screening/data/mitbih/mit-bih-arrhythmia-database-1.0.0/221，采样率360Hz
[2026-08-20 16:10:39] [INFO] R峰检测完成，共2016个
[2026-08-20 16:10:39] [INFO] HRV特征计算完成：{'HR': 67.0, 'RR_mean': 895.49, 'RR_std': 380.29, 'SDNN': 380.29, 'RMSSD': 557.66}
[2026-08-20 16:10:39] [INFO] 波形时间特征计算完成：{'PR': 79.12, 'QRS': 55.14, 'QT': 286.56, 'QTc': 364.09}
[2026-08-20 16:10:39] [INFO] 波形振幅特征计算完成：{'ST_shift': -0.154, 'P_amp': 0.013, 'T_amp': 0.09}
[2026-08-20 16:10:39] [INFO] 12项特征提取完成：{'HR': 67.0, 'RR_mean': 895.49, 'RR_std': 380.29, 'SDNN': 380.29, 'RMSSD': 557.66, 'PR': 79.12, 'QRS': 55.14, 'QT': 286.56, 'QTc': 364.09, 'ST_shift': -0.154, 'P_amp': 0.013, 'T_amp': 0.09}
[2026-08-20 16:10:39] [INFO] 规则推理完成：risk=低危, score=0.00
[2026-08-20 16:10:39] [INFO] 成功读取MIT-BIH记录：D:/桌面/ECG-Auxiliary-Screening/data/mitbih/mit-bih-arrhythmia-database-1.0.0/222，采样率360Hz
[2026-08-20 16:10:47] [INFO] R峰检测完成，共1515个
[2026-08-20 16:10:47] [INFO] HRV特征计算完成：{'HR': 50.33, 'RR_mean': 1192.16, 'RR_std': 3504.69, 'SDNN': 3504.69, 'RMSSD': 4691.92}
[2026-08-20 16:10:47] [INFO] 波形时间特征计算完成：{'PR': 130.75, 'QRS': 55.03, 'QT': 194.94, 'QTc': 221.43}
[2026-08-20 16:10:47] [INFO] 波形振幅特征计算完成：{'ST_shift': 0.006, 'P_amp': 0.117, 'T_amp': 0.08}
[2026-08-20 16:10:47] [INFO] 12项特征提取完成：{'HR': 50.33, 'RR_mean': 1192.16, 'RR_std': 3504.69, 'SDNN': 3504.69, 'RMSSD': 4691.92, 'PR': 130.75, 'QRS': 55.03, 'QT': 194.94, 'QTc': 221.43, 'ST_shift': 0.006, 'P_amp': 0.117, 'T_amp': 0.08}
[2026-08-20 16:10:47] [INFO] 规则推理完成：risk=低危, score=0.10
[2026-08-20 16:10:47] [INFO] 成功读取MIT-BIH记录：D:/桌面/ECG-Auxiliary-Screening/data/mitbih/mit-bih-arrhythmia-database-1.0.0/223，采样率360Hz
[2026-08-20 16:10:54] [INFO] R峰检测完成，共1964个
[2026-08-20 16:10:54] [INFO] HRV特征计算完成：{'HR': 65.27, 'RR_mean': 919.29, 'RR_std': 4758.99, 'SDNN': 4758.99, 'RMSSD': 6655.02}
[2026-08-20 16:10:54] [INFO] 波形时间特征计算完成：{'PR': 65.04, 'QRS': 18.53, 'QT': 299.35, 'QTc': 341.27}
[2026-08-20 16:10:54] [INFO] 波形振幅特征计算完成：{'ST_shift': -0.22, 'P_amp': 0.199, 'T_amp': 0.006}
[2026-08-20 16:10:54] [INFO] 12项特征提取完成：{'HR': 65.27, 'RR_mean': 919.29, 'RR_std': 4758.99, 'SDNN': 4758.99, 'RMSSD': 6655.02, 'PR': 65.04, 'QRS': 18.53, 'QT': 299.35, 'QTc': 341.27, 'ST_shift': -0.22, 'P_amp': 0.199, 'T_amp': 0.006}
[2026-08-20 16:10:54] [INFO] 规则推理完成：risk=低危, score=0.00
[2026-08-20 16:10:54] [INFO] 成功读取MIT-BIH记录：D:/桌面/ECG-Auxiliary-Screening/data/mitbih/mit-bih-arrhythmia-database-1.0.0/228，采样率360Hz
[2026-08-20 16:11:01] [INFO] R峰检测完成，共288个
[2026-08-20 16:11:01] [INFO] HRV特征计算完成：{'HR': 9.64, 'RR_mean': 6223.69, 'RR_std': 16174.26, 'SDNN': 16174.26, 'RMSSD': 22474.43}
[2026-08-20 16:11:01] [INFO] 波形时间特征计算完成：{'PR': 70.66, 'QRS': 66.5, 'QT': 359.2, 'QTc': 297.73}
[2026-08-20 16:11:01] [INFO] 波形振幅特征计算完成：{'ST_shift': -0.524, 'P_amp': 1.253, 'T_amp': -0.011}
[2026-08-20 16:11:01] [INFO] 12项特征提取完成：{'HR': 9.64, 'RR_mean': 6223.69, 'RR_std': 16174.26, 'SDNN': 16174.26, 'RMSSD': 22474.43, 'PR': 70.66, 'QRS': 66.5, 'QT': 359.2, 'QTc': 297.73, 'ST_shift': -0.524, 'P_amp': 1.253, 'T_amp': -0.011}
[2026-08-20 16:11:01] [INFO] 规则推理完成：risk=中危, score=0.25
[2026-08-20 16:11:01] [INFO] 成功读取MIT-BIH记录：D:/桌面/ECG-Auxiliary-Screening/data/mitbih/mit-bih-arrhythmia-database-1.0.0/230，采样率360Hz
[2026-08-20 16:11:09] [INFO] R峰检测完成，共2224个
[2026-08-20 16:11:09] [INFO] HRV特征计算完成：{'HR': 73.9, 'RR_mean': 811.89, 'RR_std': 148.6, 'SDNN': 148.6, 'RMSSD': 162.25}
[2026-08-20 16:11:09] [INFO] 波形时间特征计算完成：{'PR': 131.2, 'QRS': 6.23, 'QT': 221.24, 'QTc': 253.59}
[2026-08-20 16:11:09] [INFO] 波形振幅特征计算完成：{'ST_shift': -0.044, 'P_amp': 0.071, 'T_amp': 0.258}
[2026-08-20 16:11:09] [INFO] 12项特征提取完成：{'HR': 73.9, 'RR_mean': 811.89, 'RR_std': 148.6, 'SDNN': 148.6, 'RMSSD': 162.25, 'PR': 131.2, 'QRS': 6.23, 'QT': 221.24, 'QTc': 253.59, 'ST_shift': -0.044, 'P_amp': 0.071, 'T_amp': 0.258}
[2026-08-20 16:11:09] [INFO] 规则推理完成：risk=低危, score=0.00
[2026-08-20 16:11:09] [INFO] 成功读取MIT-BIH记录：D:/桌面/ECG-Auxiliary-Screening/data/mitbih/mit-bih-arrhythmia-database-1.0.0/231，采样率360Hz
[2026-08-20 16:11:15] [INFO] R峰检测完成，共1566个
[2026-08-20 16:11:15] [INFO] HRV特征计算完成：{'HR': 52.03, 'RR_mean': 1153.15, 'RR_std': 341.39, 'SDNN': 341.39, 'RMSSD': 208.88}
[2026-08-20 16:11:15] [INFO] 波形时间特征计算完成：{'PR': 153.11, 'QRS': 71.92, 'QT': 31.75, 'QTc': 32.29}
[2026-08-20 16:11:15] [INFO] 波形振幅特征计算完成：{'ST_shift': -0.222, 'P_amp': 0.104, 'T_amp': 0.327}
[2026-08-20 16:11:15] [INFO] 12项特征提取完成：{'HR': 52.03, 'RR_mean': 1153.15, 'RR_std': 341.39, 'SDNN': 341.39, 'RMSSD': 208.88, 'PR': 153.11, 'QRS': 71.92, 'QT': 31.75, 'QTc': 32.29, 'ST_shift': -0.222, 'P_amp': 0.104, 'T_amp': 0.327}
[2026-08-20 16:11:15] [INFO] 规则推理完成：risk=低危, score=0.10
[2026-08-20 16:11:15] [INFO] 成功读取MIT-BIH记录：D:/桌面/ECG-Auxiliary-Screening/data/mitbih/mit-bih-arrhythmia-database-1.0.0/232，采样率360Hz
[2026-08-20 16:11:21] [INFO] R峰检测完成，共1589个
[2026-08-20 16:11:21] [INFO] HRV特征计算完成：{'HR': 52.88, 'RR_mean': 1134.62, 'RR_std': 967.36, 'SDNN': 967.36, 'RMSSD': 1337.28}
[2026-08-20 16:11:21] [INFO] 波形时间特征计算完成：{'PR': 133.66, 'QRS': 7.7, 'QT': 274.93, 'QTc': 321.04}
[2026-08-20 16:11:21] [INFO] 波形振幅特征计算完成：{'ST_shift': -0.063, 'P_amp': 0.013, 'T_amp': 0.269}
[2026-08-20 16:11:21] [INFO] 12项特征提取完成：{'HR': 52.88, 'RR_mean': 1134.62, 'RR_std': 967.36, 'SDNN': 967.36, 'RMSSD': 1337.28, 'PR': 133.66, 'QRS': 7.7, 'QT': 274.93, 'QTc': 321.04, 'ST_shift': -0.063, 'P_amp': 0.013, 'T_amp': 0.269}
[2026-08-20 16:11:21] [INFO] 规则推理完成：risk=低危, score=0.10
[2026-08-20 16:11:22] [INFO] 成功读取MIT-BIH记录：D:/桌面/ECG-Auxiliary-Screening/data/mitbih/mit-bih-arrhythmia-database-1.0.0/233，采样率360Hz
[2026-08-20 16:11:28] [INFO] R峰检测完成，共3023个
[2026-08-20 16:11:28] [INFO] HRV特征计算完成：{'HR': 100.43, 'RR_mean': 597.41, 'RR_std': 239.39, 'SDNN': 239.39, 'RMSSD': 368.88}
[2026-08-20 16:11:28] [INFO] 波形时间特征计算完成：{'PR': 81.34, 'QRS': 68.96, 'QT': 349.94, 'QTc': 386.57}
[2026-08-20 16:11:28] [INFO] 波形振幅特征计算完成：{'ST_shift': -0.179, 'P_amp': 0.405, 'T_amp': 0.346}
[2026-08-20 16:11:28] [INFO] 12项特征提取完成：{'HR': 100.43, 'RR_mean': 597.41, 'RR_std': 239.39, 'SDNN': 239.39, 'RMSSD': 368.88, 'PR': 81.34, 'QRS': 68.96, 'QT': 349.94, 'QTc': 386.57, 'ST_shift': -0.179, 'P_amp': 0.405, 'T_amp': 0.346}
[2026-08-20 16:11:28] [INFO] 规则推理完成：risk=中危, score=0.25
[2026-08-20 16:11:28] [INFO] 成功读取MIT-BIH记录：D:/桌面/ECG-Auxiliary-Screening/data/mitbih/mit-bih-arrhythmia-database-1.0.0/234，采样率360Hz
[2026-08-20 16:11:35] [INFO] R峰检测完成，共2739个
[2026-08-20 16:11:35] [INFO] HRV特征计算完成：{'HR': 91.04, 'RR_mean': 659.08, 'RR_std': 130.73, 'SDNN': 130.73, 'RMSSD': 182.0}
[2026-08-20 16:11:35] [INFO] 波形时间特征计算完成：{'PR': 136.1, 'QRS': 99.31, 'QT': 113.44, 'QTc': 138.36}
[2026-08-20 16:11:35] [INFO] 波形振幅特征计算完成：{'ST_shift': -0.182, 'P_amp': 0.15, 'T_amp': 0.006}
[2026-08-20 16:11:35] [INFO] 12项特征提取完成：{'HR': 91.04, 'RR_mean': 659.08, 'RR_std': 130.73, 'SDNN': 130.73, 'RMSSD': 182.0, 'PR': 136.1, 'QRS': 99.31, 'QT': 113.44, 'QTc': 138.36, 'ST_shift': -0.182, 'P_amp': 0.15, 'T_amp': 0.006}
[2026-08-20 16:11:35] [INFO] 规则推理完成：risk=低危, score=0.10
[2026-08-20 16:18:41] [INFO] 成功读取MIT-BIH记录：D:/桌面/ECG-Auxiliary-Screening/data/mitbih/mit-bih-arrhythmia-database-1.0.0/100，采样率360Hz
[2026-08-20 16:18:48] [INFO] R峰检测完成，共2272个
[2026-08-20 16:18:48] [INFO] HRV特征计算完成：{'HR': 75.48, 'RR_mean': 794.93, 'RR_std': 53.05, 'SDNN': 53.05, 'RMSSD': 70.58}
[2026-08-20 16:18:48] [INFO] 波形时间特征计算完成：{'PR': 177.98, 'QRS': 54.29, 'QT': 278.02, 'QTc': 307.12}
[2026-08-20 16:18:48] [INFO] 波形振幅特征计算完成：{'ST_shift': -0.083, 'P_amp': 0.108, 'T_amp': 0.038}
[2026-08-20 16:18:48] [INFO] 12项特征提取完成：{'HR': 75.48, 'RR_mean': 794.93, 'RR_std': 53.05, 'SDNN': 53.05, 'RMSSD': 70.58, 'PR': 177.98, 'QRS': 54.29, 'QT': 278.02, 'QTc': 307.12, 'ST_shift': -0.083, 'P_amp': 0.108, 'T_amp': 0.038}
[2026-08-20 16:18:48] [INFO] 规则推理完成：risk=低危, score=0.00
[2026-08-20 16:18:48] [INFO] 成功读取MIT-BIH记录：D:/桌面/ECG-Auxiliary-Screening/data/mitbih/mit-bih-arrhythmia-database-1.0.0/101，采样率360Hz
[2026-08-20 16:18:56] [INFO] R峰检测完成，共1833个
[2026-08-20 16:18:56] [INFO] HRV特征计算完成：{'HR': 60.91, 'RR_mean': 985.05, 'RR_std': 236.92, 'SDNN': 236.92, 'RMSSD': 328.86}
[2026-08-20 16:18:56] [INFO] 波形时间特征计算完成：{'PR': 117.47, 'QRS': 95.45, 'QT': 139.5, 'QTc': 147.5}
[2026-08-20 16:18:56] [INFO] 波形振幅特征计算完成：{'ST_shift': -0.137, 'P_amp': 0.136, 'T_amp': 0.198}
[2026-08-20 16:18:56] [INFO] 12项特征提取完成：{'HR': 60.91, 'RR_mean': 985.05, 'RR_std': 236.92, 'SDNN': 236.92, 'RMSSD': 328.86, 'PR': 117.47, 'QRS': 95.45, 'QT': 139.5, 'QTc': 147.5, 'ST_shift': -0.137, 'P_amp': 0.136, 'T_amp': 0.198}
[2026-08-20 16:18:56] [INFO] 规则推理完成：risk=低危, score=0.00
[2026-08-20 16:18:56] [INFO] 成功读取MIT-BIH记录：D:/桌面/ECG-Auxiliary-Screening/data/mitbih/mit-bih-arrhythmia-database-1.0.0/102，采样率360Hz
[2026-08-20 16:19:04] [INFO] R峰检测完成，共2086个
[2026-08-20 16:19:04] [INFO] HRV特征计算完成：{'HR': 69.32, 'RR_mean': 865.61, 'RR_std': 1274.6, 'SDNN': 1274.6, 'RMSSD': 1777.3}
[2026-08-20 16:19:04] [INFO] 波形时间特征计算完成：{'PR': 134.63, 'QRS': 139.87, 'QT': 83.95, 'QTc': 89.05}
[2026-08-20 16:19:04] [INFO] 波形振幅特征计算完成：{'ST_shift': -0.08, 'P_amp': -0.037, 'T_amp': 0.126}
[2026-08-20 16:19:04] [INFO] 12项特征提取完成：{'HR': 69.32, 'RR_mean': 865.61, 'RR_std': 1274.6, 'SDNN': 1274.6, 'RMSSD': 1777.3, 'PR': 134.63, 'QRS': 139.87, 'QT': 83.95, 'QTc': 89.05, 'ST_shift': -0.08, 'P_amp': -0.037, 'T_amp': 0.126}
[2026-08-20 16:19:04] [INFO] 规则推理完成：risk=中危, score=0.25
[2026-08-20 16:19:04] [INFO] 成功读取MIT-BIH记录：D:/桌面/ECG-Auxiliary-Screening/data/mitbih/mit-bih-arrhythmia-database-1.0.0/103，采样率360Hz
[2026-08-20 16:19:11] [INFO] R峰检测完成，共2077个
[2026-08-20 16:19:11] [INFO] HRV特征计算完成：{'HR': 69.03, 'RR_mean': 869.2, 'RR_std': 100.18, 'SDNN': 100.18, 'RMSSD': 136.5}
[2026-08-20 16:19:11] [INFO] 波形时间特征计算完成：{'PR': 188.41, 'QRS': 42.16, 'QT': 255.03, 'QTc': 278.9}
[2026-08-20 16:19:11] [INFO] 波形振幅特征计算完成：{'ST_shift': -0.188, 'P_amp': 0.01, 'T_amp': 0.326}
[2026-08-20 16:19:11] [INFO] 12项特征提取完成：{'HR': 69.03, 'RR_mean': 869.2, 'RR_std': 100.18, 'SDNN': 100.18, 'RMSSD': 136.5, 'PR': 188.41, 'QRS': 42.16, 'QT': 255.03, 'QTc': 278.9, 'ST_shift': -0.188, 'P_amp': 0.01, 'T_amp': 0.326}
[2026-08-20 16:19:11] [INFO] 规则推理完成：risk=低危, score=0.00
[2026-08-20 16:19:11] [INFO] 成功读取MIT-BIH记录：D:/桌面/ECG-Auxiliary-Screening/data/mitbih/mit-bih-arrhythmia-database-1.0.0/104，采样率360Hz
[2026-08-20 16:19:18] [INFO] R峰检测完成，共27个
[2026-08-20 16:19:18] [INFO] HRV特征计算完成：{'HR': 6.27, 'RR_mean': 9567.41, 'RR_std': 17184.57, 'SDNN': 17184.57, 'RMSSD': 25077.19}
[2026-08-20 16:19:18] [INFO] 波形时间特征计算完成：{'PR': 101.56, 'QRS': 74.78, 'QT': 314.67, 'QTc': 383.0}
[2026-08-20 16:19:18] [INFO] 波形振幅特征计算完成：{'ST_shift': -0.119, 'P_amp': 0.35, 'T_amp': 0.401}
[2026-08-20 16:19:18] [INFO] 12项特征提取完成：{'HR': 6.27, 'RR_mean': 9567.41, 'RR_std': 17184.57, 'SDNN': 17184.57, 'RMSSD': 25077.19, 'PR': 101.56, 'QRS': 74.78, 'QT': 314.67, 'QTc': 383.0, 'ST_shift': -0.119, 'P_amp': 0.35, 'T_amp': 0.401}
[2026-08-20 16:19:18] [INFO] 规则推理完成：risk=中危, score=0.25
[2026-08-20 16:19:18] [INFO] 成功读取MIT-BIH记录：D:/桌面/ECG-Auxiliary-Screening/data/mitbih/mit-bih-arrhythmia-database-1.0.0/105，采样率360Hz
[2026-08-20 16:19:25] [INFO] R峰检测完成，共5个
[2026-08-20 16:19:25] [INFO] HRV特征计算完成：{'HR': 0.5, 'RR_mean': 119548.61, 'RR_std': 173592.35, 'SDNN': 173592.35, 'RMSSD': 319853.87}
[2026-08-20 16:19:25] [INFO] 波形时间特征计算完成：{'PR': 102.78, 'QRS': 62.04, 'QT': 63.89, 'QTc': 42.88}
[2026-08-20 16:19:25] [INFO] 波形振幅特征计算完成：{'ST_shift': 1.669, 'P_amp': 0.492, 'T_amp': 1.998}
[2026-08-20 16:19:25] [INFO] 12项特征提取完成：{'HR': 0.5, 'RR_mean': 119548.61, 'RR_std': 173592.35, 'SDNN': 173592.35, 'RMSSD': 319853.87, 'PR': 102.78, 'QRS': 62.04, 'QT': 63.89, 'QTc': 42.88, 'ST_shift': 1.669, 'P_amp': 0.492, 'T_amp': 1.998}
[2026-08-20 16:19:25] [INFO] 规则推理完成：risk=中危, score=0.25
[2026-08-20 16:19:25] [INFO] 成功读取MIT-BIH记录：D:/桌面/ECG-Auxiliary-Screening/data/mitbih/mit-bih-arrhythmia-database-1.0.0/106，采样率360Hz
[2026-08-20 16:19:31] [INFO] R峰检测完成，共1139个
[2026-08-20 16:19:31] [INFO] HRV特征计算完成：{'HR': 37.85, 'RR_mean': 1585.26, 'RR_std': 4798.05, 'SDNN': 4798.05, 'RMSSD': 6756.5}
[2026-08-20 16:19:31] [INFO] 波形时间特征计算完成：{'PR': 114.77, 'QRS': 41.57, 'QT': 159.05, 'QTc': 156.05}
[2026-08-20 16:19:31] [INFO] 波形振幅特征计算完成：{'ST_shift': -0.257, 'P_amp': 0.218, 'T_amp': 0.466}
[2026-08-20 16:19:31] [INFO] 12项特征提取完成：{'HR': 37.85, 'RR_mean': 1585.26, 'RR_std': 4798.05, 'SDNN': 4798.05, 'RMSSD': 6756.5, 'PR': 114.77, 'QRS': 41.57, 'QT': 159.05, 'QTc': 156.05, 'ST_shift': -0.257, 'P_amp': 0.218, 'T_amp': 0.466}
[2026-08-20 16:19:31] [INFO] 规则推理完成：risk=中危, score=0.25
[2026-08-20 16:19:31] [INFO] 成功读取MIT-BIH记录：D:/桌面/ECG-Auxiliary-Screening/data/mitbih/mit-bih-arrhythmia-database-1.0.0/107，采样率360Hz
[2026-08-20 16:19:38] [INFO] R峰检测完成，共2098个
[2026-08-20 16:19:38] [INFO] HRV特征计算完成：{'HR': 69.74, 'RR_mean': 860.28, 'RR_std': 102.14, 'SDNN': 102.14, 'RMSSD': 149.75}
[2026-08-20 16:19:38] [INFO] 波形时间特征计算完成：{'PR': 105.04, 'QRS': 71.89, 'QT': 165.42, 'QTc': 181.51}
[2026-08-20 16:19:38] [INFO] 波形振幅特征计算完成：{'ST_shift': -0.766, 'P_amp': 0.98, 'T_amp': 1.169}
[2026-08-20 16:19:38] [INFO] 12项特征提取完成：{'HR': 69.74, 'RR_mean': 860.28, 'RR_std': 102.14, 'SDNN': 102.14, 'RMSSD': 149.75, 'PR': 105.04, 'QRS': 71.89, 'QT': 165.42, 'QTc': 181.51, 'ST_shift': -0.766, 'P_amp': 0.98, 'T_amp': 1.169}
[2026-08-20 16:19:38] [INFO] 规则推理完成：risk=低危, score=0.00
[2026-08-20 16:19:38] [INFO] 成功读取MIT-BIH记录：D:/桌面/ECG-Auxiliary-Screening/data/mitbih/mit-bih-arrhythmia-database-1.0.0/108，采样率360Hz
[2026-08-20 16:19:45] [INFO] R峰检测完成，共794个
[2026-08-20 16:19:45] [INFO] HRV特征计算完成：{'HR': 29.3, 'RR_mean': 2047.95, 'RR_std': 6479.98, 'SDNN': 6479.98, 'RMSSD': 8957.88}
[2026-08-20 16:19:45] [INFO] 波形时间特征计算完成：{'PR': 63.82, 'QRS': 22.93, 'QT': 316.06, 'QTc': 209.54}
[2026-08-20 16:19:45] [INFO] 波形振幅特征计算完成：{'ST_shift': -0.163, 'P_amp': 0.262, 'T_amp': 0.059}
[2026-08-20 16:19:45] [INFO] 12项特征提取完成：{'HR': 29.3, 'RR_mean': 2047.95, 'RR_std': 6479.98, 'SDNN': 6479.98, 'RMSSD': 8957.88, 'PR': 63.82, 'QRS': 22.93, 'QT': 316.06, 'QTc': 209.54, 'ST_shift': -0.163, 'P_amp': 0.262, 'T_amp': 0.059}
[2026-08-20 16:19:45] [INFO] 规则推理完成：risk=中危, score=0.25
[2026-08-20 16:19:45] [INFO] 成功读取MIT-BIH记录：D:/桌面/ECG-Auxiliary-Screening/data/mitbih/mit-bih-arrhythmia-database-1.0.0/109，采样率360Hz
[2026-08-20 16:19:54] [INFO] R峰检测完成，共660个
[2026-08-20 16:19:54] [INFO] HRV特征计算完成：{'HR': 22.11, 'RR_mean': 2713.2, 'RR_std': 6439.96, 'SDNN': 6439.96, 'RMSSD': 8307.56}
[2026-08-20 16:19:54] [INFO] 波形时间特征计算完成：{'PR': 68.06, 'QRS': 9.58, 'QT': 296.07, 'QTc': 42.56}
[2026-08-20 16:19:54] [INFO] 波形振幅特征计算完成：{'ST_shift': -0.489, 'P_amp': 1.256, 'T_amp': 0.207}
[2026-08-20 16:19:54] [INFO] 12项特征提取完成：{'HR': 22.11, 'RR_mean': 2713.2, 'RR_std': 6439.96, 'SDNN': 6439.96, 'RMSSD': 8307.56, 'PR': 68.06, 'QRS': 9.58, 'QT': 296.07, 'QTc': 42.56, 'ST_shift': -0.489, 'P_amp': 1.256, 'T_amp': 0.207}
[2026-08-20 16:19:54] [INFO] 规则推理完成：risk=中危, score=0.25
[2026-08-20 16:19:54] [INFO] 成功读取MIT-BIH记录：D:/桌面/ECG-Auxiliary-Screening/data/mitbih/mit-bih-arrhythmia-database-1.0.0/111，采样率360Hz
[2026-08-20 16:20:05] [INFO] R峰检测完成，共1509个
[2026-08-20 16:20:05] [INFO] HRV特征计算完成：{'HR': 50.28, 'RR_mean': 1193.27, 'RR_std': 1295.28, 'SDNN': 1295.28, 'RMSSD': 1606.93}
[2026-08-20 16:20:05] [INFO] 波形时间特征计算完成：{'PR': 76.1, 'QRS': 5.09, 'QT': 218.98, 'QTc': 168.5}
[2026-08-20 16:20:05] [INFO] 波形振幅特征计算完成：{'ST_shift': -0.109, 'P_amp': 0.324, 'T_amp': 0.335}
[2026-08-20 16:20:05] [INFO] 12项特征提取完成：{'HR': 50.28, 'RR_mean': 1193.27, 'RR_std': 1295.28, 'SDNN': 1295.28, 'RMSSD': 1606.93, 'PR': 76.1, 'QRS': 5.09, 'QT': 218.98, 'QTc': 168.5, 'ST_shift': -0.109, 'P_amp': 0.324, 'T_amp': 0.335}
[2026-08-20 16:20:05] [INFO] 规则推理完成：risk=低危, score=0.10
[2026-08-20 16:20:05] [INFO] 成功读取MIT-BIH记录：D:/桌面/ECG-Auxiliary-Screening/data/mitbih/mit-bih-arrhythmia-database-1.0.0/112，采样率360Hz
[2026-08-20 16:20:15] [INFO] R峰检测完成，共2533个
[2026-08-20 16:20:15] [INFO] HRV特征计算完成：{'HR': 84.17, 'RR_mean': 712.83, 'RR_std': 52.56, 'SDNN': 52.56, 'RMSSD': 65.27}
[2026-08-20 16:20:15] [INFO] 波形时间特征计算完成：{'PR': 168.14, 'QRS': 9.78, 'QT': 315.25, 'QTc': 360.69}
[2026-08-20 16:20:15] [INFO] 波形振幅特征计算完成：{'ST_shift': -0.13, 'P_amp': 0.176, 'T_amp': 0.152}
[2026-08-20 16:20:15] [INFO] 12项特征提取完成：{'HR': 84.17, 'RR_mean': 712.83, 'RR_std': 52.56, 'SDNN': 52.56, 'RMSSD': 65.27, 'PR': 168.14, 'QRS': 9.78, 'QT': 315.25, 'QTc': 360.69, 'ST_shift': -0.13, 'P_amp': 0.176, 'T_amp': 0.152}
[2026-08-20 16:20:15] [INFO] 规则推理完成：risk=低危, score=0.00
[2026-08-20 16:20:15] [INFO] 成功读取MIT-BIH记录：D:/桌面/ECG-Auxiliary-Screening/data/mitbih/mit-bih-arrhythmia-database-1.0.0/113，采样率360Hz
[2026-08-20 16:20:26] [INFO] R峰检测完成，共1795个
[2026-08-20 16:20:26] [INFO] HRV特征计算完成：{'HR': 59.63, 'RR_mean': 1006.17, 'RR_std': 99.12, 'SDNN': 99.12, 'RMSSD': 102.76}
[2026-08-20 16:20:26] [INFO] 波形时间特征计算完成：{'PR': 136.44, 'QRS': 47.87, 'QT': 45.11, 'QTc': 42.16}
[2026-08-20 16:20:26] [INFO] 波形振幅特征计算完成：{'ST_shift': -0.076, 'P_amp': -0.092, 'T_amp': 0.918}
[2026-08-20 16:20:26] [INFO] 12项特征提取完成：{'HR': 59.63, 'RR_mean': 1006.17, 'RR_std': 99.12, 'SDNN': 99.12, 'RMSSD': 102.76, 'PR': 136.44, 'QRS': 47.87, 'QT': 45.11, 'QTc': 42.16, 'ST_shift': -0.076, 'P_amp': -0.092, 'T_amp': 0.918}
[2026-08-20 16:20:26] [INFO] 规则推理完成：risk=低危, score=0.00
[2026-08-20 16:20:26] [INFO] 成功读取MIT-BIH记录：D:/桌面/ECG-Auxiliary-Screening/data/mitbih/mit-bih-arrhythmia-database-1.0.0/114，采样率360Hz
[2026-08-20 16:20:37] [INFO] R峰检测完成，共98个
[2026-08-20 16:20:37] [INFO] HRV特征计算完成：{'HR': 3.45, 'RR_mean': 17400.52, 'RR_std': 38726.75, 'SDNN': 38726.75, 'RMSSD': 54860.24}
[2026-08-20 16:20:37] [INFO] 波形时间特征计算完成：{'PR': 91.52, 'QRS': 15.28, 'QT': 267.97, 'QTc': 41.7}
[2026-08-20 16:20:37] [INFO] 波形振幅特征计算完成：{'ST_shift': -0.03, 'P_amp': 0.109, 'T_amp': 0.301}
[2026-08-20 16:20:37] [INFO] 12项特征提取完成：{'HR': 3.45, 'RR_mean': 17400.52, 'RR_std': 38726.75, 'SDNN': 38726.75, 'RMSSD': 54860.24, 'PR': 91.52, 'QRS': 15.28, 'QT': 267.97, 'QTc': 41.7, 'ST_shift': -0.03, 'P_amp': 0.109, 'T_amp': 0.301}
[2026-08-20 16:20:37] [INFO] 规则推理完成：risk=中危, score=0.25
[2026-08-20 16:20:37] [INFO] 成功读取MIT-BIH记录：D:/桌面/ECG-Auxiliary-Screening/data/mitbih/mit-bih-arrhythmia-database-1.0.0/115，采样率360Hz
[2026-08-20 16:20:45] [INFO] R峰检测完成，共1951个
[2026-08-20 16:20:45] [INFO] HRV特征计算完成：{'HR': 64.82, 'RR_mean': 925.63, 'RR_std': 91.91, 'SDNN': 91.91, 'RMSSD': 89.04}
[2026-08-20 16:20:45] [INFO] 波形时间特征计算完成：{'PR': 186.55, 'QRS': 7.96, 'QT': 318.79, 'QTc': 320.58}
[2026-08-20 16:20:45] [INFO] 波形振幅特征计算完成：{'ST_shift': -0.021, 'P_amp': 0.023, 'T_amp': 0.178}
[2026-08-20 16:20:45] [INFO] 12项特征提取完成：{'HR': 64.82, 'RR_mean': 925.63, 'RR_std': 91.91, 'SDNN': 91.91, 'RMSSD': 89.04, 'PR': 186.55, 'QRS': 7.96, 'QT': 318.79, 'QTc': 320.58, 'ST_shift': -0.021, 'P_amp': 0.023, 'T_amp': 0.178}
[2026-08-20 16:20:45] [INFO] 规则推理完成：risk=低危, score=0.00
[2026-08-20 16:20:45] [INFO] 成功读取MIT-BIH记录：D:/桌面/ECG-Auxiliary-Screening/data/mitbih/mit-bih-arrhythmia-database-1.0.0/116，采样率360Hz
[2026-08-20 16:20:52] [INFO] R峰检测完成，共1925个
[2026-08-20 16:20:52] [INFO] HRV特征计算完成：{'HR': 66.5, 'RR_mean': 902.23, 'RR_std': 2838.98, 'SDNN': 2838.98, 'RMSSD': 2986.34}
[2026-08-20 16:20:53] [INFO] 波形时间特征计算完成：{'PR': 154.09, 'QRS': 34.43, 'QT': 243.11, 'QTc': 277.15}
[2026-08-20 16:20:53] [INFO] 波形振幅特征计算完成：{'ST_shift': -0.216, 'P_amp': 0.04, 'T_amp': 0.387}
[2026-08-20 16:20:53] [INFO] 12项特征提取完成：{'HR': 66.5, 'RR_mean': 902.23, 'RR_std': 2838.98, 'SDNN': 2838.98, 'RMSSD': 2986.34, 'PR': 154.09, 'QRS': 34.43, 'QT': 243.11, 'QTc': 277.15, 'ST_shift': -0.216, 'P_amp': 0.04, 'T_amp': 0.387}
[2026-08-20 16:20:53] [INFO] 规则推理完成：risk=低危, score=0.00
[2026-08-20 16:20:53] [INFO] 成功读取MIT-BIH记录：D:/桌面/ECG-Auxiliary-Screening/data/mitbih/mit-bih-arrhythmia-database-1.0.0/117，采样率360Hz
[2026-08-20 16:21:00] [INFO] R峰检测完成，共1535个
[2026-08-20 16:21:00] [INFO] HRV特征计算完成：{'HR': 51.0, 'RR_mean': 1176.56, 'RR_std': 46.06, 'SDNN': 46.06, 'RMSSD': 46.07}
[2026-08-20 16:21:00] [INFO] 波形时间特征计算完成：{'PR': 164.41, 'QRS': 8.51, 'QT': 283.75, 'QTc': 265.89}
[2026-08-20 16:21:00] [INFO] 波形振幅特征计算完成：{'ST_shift': -0.014, 'P_amp': 0.094, 'T_amp': 0.524}
[2026-08-20 16:21:00] [INFO] 12项特征提取完成：{'HR': 51.0, 'RR_mean': 1176.56, 'RR_std': 46.06, 'SDNN': 46.06, 'RMSSD': 46.07, 'PR': 164.41, 'QRS': 8.51, 'QT': 283.75, 'QTc': 265.89, 'ST_shift': -0.014, 'P_amp': 0.094, 'T_amp': 0.524}
[2026-08-20 16:21:00] [INFO] 规则推理完成：risk=低危, score=0.10
[2026-08-20 16:21:00] [INFO] 成功读取MIT-BIH记录：D:/桌面/ECG-Auxiliary-Screening/data/mitbih/mit-bih-arrhythmia-database-1.0.0/118，采样率360Hz
[2026-08-20 16:21:07] [INFO] R峰检测完成，共2263个
[2026-08-20 16:21:07] [INFO] HRV特征计算完成：{'HR': 75.21, 'RR_mean': 797.81, 'RR_std': 134.58, 'SDNN': 134.58, 'RMSSD': 178.2}
[2026-08-20 16:21:07] [INFO] 波形时间特征计算完成：{'PR': 82.6, 'QRS': 10.79, 'QT': 307.05, 'QTc': 335.24}
[2026-08-20 16:21:07] [INFO] 波形振幅特征计算完成：{'ST_shift': -0.028, 'P_amp': 0.33, 'T_amp': 0.149}
[2026-08-20 16:21:07] [INFO] 12项特征提取完成：{'HR': 75.21, 'RR_mean': 797.81, 'RR_std': 134.58, 'SDNN': 134.58, 'RMSSD': 178.2, 'PR': 82.6, 'QRS': 10.79, 'QT': 307.05, 'QTc': 335.24, 'ST_shift': -0.028, 'P_amp': 0.33, 'T_amp': 0.149}
[2026-08-20 16:21:07] [INFO] 规则推理完成：risk=低危, score=0.00
[2026-08-20 16:21:07] [INFO] 成功读取MIT-BIH记录：D:/桌面/ECG-Auxiliary-Screening/data/mitbih/mit-bih-arrhythmia-database-1.0.0/119，采样率360Hz
[2026-08-20 16:21:16] [INFO] R峰检测完成，共1987个
[2026-08-20 16:21:16] [INFO] HRV特征计算完成：{'HR': 66.05, 'RR_mean': 908.41, 'RR_std': 226.06, 'SDNN': 226.06, 'RMSSD': 406.55}
[2026-08-20 16:21:17] [INFO] 波形时间特征计算完成：{'PR': 138.87, 'QRS': 74.8, 'QT': 104.77, 'QTc': 134.02}
[2026-08-20 16:21:17] [INFO] 波形振幅特征计算完成：{'ST_shift': -0.254, 'P_amp': 0.537, 'T_amp': 0.269}
[2026-08-20 16:21:17] [INFO] 12项特征提取完成：{'HR': 66.05, 'RR_mean': 908.41, 'RR_std': 226.06, 'SDNN': 226.06, 'RMSSD': 406.55, 'PR': 138.87, 'QRS': 74.8, 'QT': 104.77, 'QTc': 134.02, 'ST_shift': -0.254, 'P_amp': 0.537, 'T_amp': 0.269}
[2026-08-20 16:21:17] [INFO] 规则推理完成：risk=低危, score=0.00
[2026-08-20 16:21:17] [INFO] 成功读取MIT-BIH记录：D:/桌面/ECG-Auxiliary-Screening/data/mitbih/mit-bih-arrhythmia-database-1.0.0/121，采样率360Hz
[2026-08-20 16:21:25] [INFO] R峰检测完成，共1618个
[2026-08-20 16:21:25] [INFO] HRV特征计算完成：{'HR': 53.76, 'RR_mean': 1116.11, 'RR_std': 854.34, 'SDNN': 854.34, 'RMSSD': 1142.43}
[2026-08-20 16:21:25] [INFO] 波形时间特征计算完成：{'PR': 64.83, 'QRS': 17.29, 'QT': 205.26, 'QTc': 208.47}
[2026-08-20 16:21:25] [INFO] 波形振幅特征计算完成：{'ST_shift': 0.015, 'P_amp': 0.128, 'T_amp': 0.116}
[2026-08-20 16:21:25] [INFO] 12项特征提取完成：{'HR': 53.76, 'RR_mean': 1116.11, 'RR_std': 854.34, 'SDNN': 854.34, 'RMSSD': 1142.43, 'PR': 64.83, 'QRS': 17.29, 'QT': 205.26, 'QTc': 208.47, 'ST_shift': 0.015, 'P_amp': 0.128, 'T_amp': 0.116}
[2026-08-20 16:21:25] [INFO] 规则推理完成：risk=低危, score=0.10
[2026-08-20 16:21:25] [INFO] 成功读取MIT-BIH记录：D:/桌面/ECG-Auxiliary-Screening/data/mitbih/mit-bih-arrhythmia-database-1.0.0/122，采样率360Hz
[2026-08-20 16:21:33] [INFO] R峰检测完成，共2476个
[2026-08-20 16:21:33] [INFO] HRV特征计算完成：{'HR': 82.27, 'RR_mean': 729.31, 'RR_std': 40.23, 'SDNN': 40.23, 'RMSSD': 19.85}
[2026-08-20 16:21:33] [INFO] 波形时间特征计算完成：{'PR': 160.81, 'QRS': 111.4, 'QT': 44.12, 'QTc': 54.84}
[2026-08-20 16:21:33] [INFO] 波形振幅特征计算完成：{'ST_shift': -0.191, 'P_amp': 0.149, 'T_amp': -0.013}
[2026-08-20 16:21:33] [INFO] 12项特征提取完成：{'HR': 82.27, 'RR_mean': 729.31, 'RR_std': 40.23, 'SDNN': 40.23, 'RMSSD': 19.85, 'PR': 160.81, 'QRS': 111.4, 'QT': 44.12, 'QTc': 54.84, 'ST_shift': -0.191, 'P_amp': 0.149, 'T_amp': -0.013}
[2026-08-20 16:21:33] [INFO] 规则推理完成：risk=中危, score=0.25
[2026-08-20 16:21:34] [INFO] 成功读取MIT-BIH记录：D:/桌面/ECG-Auxiliary-Screening/data/mitbih/mit-bih-arrhythmia-database-1.0.0/123，采样率360Hz
[2026-08-20 16:21:40] [INFO] R峰检测完成，共1515个
[2026-08-20 16:21:40] [INFO] HRV特征计算完成：{'HR': 50.34, 'RR_mean': 1191.88, 'RR_std': 116.7, 'SDNN': 116.7, 'RMSSD': 107.33}
[2026-08-20 16:21:40] [INFO] 波形时间特征计算完成：{'PR': 195.43, 'QRS': 9.79, 'QT': 300.21, 'QTc': 259.99}
[2026-08-20 16:21:40] [INFO] 波形振幅特征计算完成：{'ST_shift': -0.103, 'P_amp': 0.079, 'T_amp': 0.358}
[2026-08-20 16:21:40] [INFO] 12项特征提取完成：{'HR': 50.34, 'RR_mean': 1191.88, 'RR_std': 116.7, 'SDNN': 116.7, 'RMSSD': 107.33, 'PR': 195.43, 'QRS': 9.79, 'QT': 300.21, 'QTc': 259.99, 'ST_shift': -0.103, 'P_amp': 0.079, 'T_amp': 0.358}
[2026-08-20 16:21:40] [INFO] 规则推理完成：risk=低危, score=0.10
[2026-08-20 16:21:40] [INFO] 成功读取MIT-BIH记录：D:/桌面/ECG-Auxiliary-Screening/data/mitbih/mit-bih-arrhythmia-database-1.0.0/124，采样率360Hz
[2026-08-20 16:21:46] [INFO] R峰检测完成，共1574个
[2026-08-20 16:21:46] [INFO] HRV特征计算完成：{'HR': 52.3, 'RR_mean': 1147.22, 'RR_std': 482.08, 'SDNN': 482.08, 'RMSSD': 660.84}
[2026-08-20 16:21:46] [INFO] 波形时间特征计算完成：{'PR': 84.57, 'QRS': 70.57, 'QT': 174.77, 'QTc': 156.32}
[2026-08-20 16:21:46] [INFO] 波形振幅特征计算完成：{'ST_shift': -0.177, 'P_amp': 0.182, 'T_amp': 0.023}
[2026-08-20 16:21:46] [INFO] 12项特征提取完成：{'HR': 52.3, 'RR_mean': 1147.22, 'RR_std': 482.08, 'SDNN': 482.08, 'RMSSD': 660.84, 'PR': 84.57, 'QRS': 70.57, 'QT': 174.77, 'QTc': 156.32, 'ST_shift': -0.177, 'P_amp': 0.182, 'T_amp': 0.023}
[2026-08-20 16:21:46] [INFO] 规则推理完成：risk=低危, score=0.10
[2026-08-20 16:21:46] [INFO] 成功读取MIT-BIH记录：D:/桌面/ECG-Auxiliary-Screening/data/mitbih/mit-bih-arrhythmia-database-1.0.0/200，采样率360Hz
[2026-08-20 16:21:53] [INFO] R峰检测完成，共1833个
[2026-08-20 16:21:53] [INFO] HRV特征计算完成：{'HR': 61.12, 'RR_mean': 981.74, 'RR_std': 870.45, 'SDNN': 870.45, 'RMSSD': 1108.77}
[2026-08-20 16:21:53] [INFO] 波形时间特征计算完成：{'PR': 112.24, 'QRS': 12.1, 'QT': 256.68, 'QTc': 303.8}
[2026-08-20 16:21:53] [INFO] 波形振幅特征计算完成：{'ST_shift': -0.069, 'P_amp': 0.086, 'T_amp': 0.372}
[2026-08-20 16:21:53] [INFO] 12项特征提取完成：{'HR': 61.12, 'RR_mean': 981.74, 'RR_std': 870.45, 'SDNN': 870.45, 'RMSSD': 1108.77, 'PR': 112.24, 'QRS': 12.1, 'QT': 256.68, 'QTc': 303.8, 'ST_shift': -0.069, 'P_amp': 0.086, 'T_amp': 0.372}
[2026-08-20 16:21:53] [INFO] 规则推理完成：risk=低危, score=0.00
[2026-08-20 16:21:53] [INFO] 成功读取MIT-BIH记录：D:/桌面/ECG-Auxiliary-Screening/data/mitbih/mit-bih-arrhythmia-database-1.0.0/201，采样率360Hz
[2026-08-20 16:22:00] [INFO] R峰检测完成，共1742个
[2026-08-20 16:22:00] [INFO] HRV特征计算完成：{'HR': 57.89, 'RR_mean': 1036.51, 'RR_std': 535.26, 'SDNN': 535.26, 'RMSSD': 542.6}
[2026-08-20 16:22:00] [INFO] 波形时间特征计算完成：{'PR': 110.36, 'QRS': 79.01, 'QT': 272.52, 'QTc': 323.8}
[2026-08-20 16:22:00] [INFO] 波形振幅特征计算完成：{'ST_shift': -0.07, 'P_amp': 0.087, 'T_amp': 0.153}
[2026-08-20 16:22:00] [INFO] 12项特征提取完成：{'HR': 57.89, 'RR_mean': 1036.51, 'RR_std': 535.26, 'SDNN': 535.26, 'RMSSD': 542.6, 'PR': 110.36, 'QRS': 79.01, 'QT': 272.52, 'QTc': 323.8, 'ST_shift': -0.07, 'P_amp': 0.087, 'T_amp': 0.153}
[2026-08-20 16:22:00] [INFO] 规则推理完成：risk=低危, score=0.00
[2026-08-20 16:22:00] [INFO] 成功读取MIT-BIH记录：D:/桌面/ECG-Auxiliary-Screening/data/mitbih/mit-bih-arrhythmia-database-1.0.0/202，采样率360Hz
[2026-08-20 16:22:07] [INFO] R峰检测完成，共2036个
[2026-08-20 16:22:07] [INFO] HRV特征计算完成：{'HR': 67.67, 'RR_mean': 886.63, 'RR_std': 424.45, 'SDNN': 424.45, 'RMSSD': 400.09}
[2026-08-20 16:22:07] [INFO] 波形时间特征计算完成：{'PR': 71.87, 'QRS': 70.84, 'QT': 246.07, 'QTc': 231.71}
[2026-08-20 16:22:07] [INFO] 波形振幅特征计算完成：{'ST_shift': -0.125, 'P_amp': 0.455, 'T_amp': 0.179}
[2026-08-20 16:22:07] [INFO] 12项特征提取完成：{'HR': 67.67, 'RR_mean': 886.63, 'RR_std': 424.45, 'SDNN': 424.45, 'RMSSD': 400.09, 'PR': 71.87, 'QRS': 70.84, 'QT': 246.07, 'QTc': 231.71, 'ST_shift': -0.125, 'P_amp': 0.455, 'T_amp': 0.179}
[2026-08-20 16:22:07] [INFO] 规则推理完成：risk=低危, score=0.00
[2026-08-20 16:22:07] [INFO] 成功读取MIT-BIH记录：D:/桌面/ECG-Auxiliary-Screening/data/mitbih/mit-bih-arrhythmia-database-1.0.0/203，采样率360Hz
[2026-08-20 16:22:14] [INFO] R峰检测完成，共201个
[2026-08-20 16:22:14] [INFO] HRV特征计算完成：{'HR': 6.71, 'RR_mean': 8936.06, 'RR_std': 11728.17, 'SDNN': 11728.17, 'RMSSD': 14908.48}
[2026-08-20 16:22:14] [INFO] 波形时间特征计算完成：{'PR': 109.66, 'QRS': 44.61, 'QT': 212.81, 'QTc': 189.72}
[2026-08-20 16:22:14] [INFO] 波形振幅特征计算完成：{'ST_shift': 0.35, 'P_amp': 0.456, 'T_amp': 1.269}
[2026-08-20 16:22:14] [INFO] 12项特征提取完成：{'HR': 6.71, 'RR_mean': 8936.06, 'RR_std': 11728.17, 'SDNN': 11728.17, 'RMSSD': 14908.48, 'PR': 109.66, 'QRS': 44.61, 'QT': 212.81, 'QTc': 189.72, 'ST_shift': 0.35, 'P_amp': 0.456, 'T_amp': 1.269}
[2026-08-20 16:22:14] [INFO] 规则推理完成：risk=中危, score=0.25
[2026-08-20 16:22:14] [INFO] 成功读取MIT-BIH记录：D:/桌面/ECG-Auxiliary-Screening/data/mitbih/mit-bih-arrhythmia-database-1.0.0/205，采样率360Hz
[2026-08-20 16:22:20] [INFO] R峰检测完成，共2627个
[2026-08-20 16:22:20] [INFO] HRV特征计算完成：{'HR': 87.31, 'RR_mean': 687.18, 'RR_std': 150.89, 'SDNN': 150.89, 'RMSSD': 205.32}
[2026-08-20 16:22:20] [INFO] 波形时间特征计算完成：{'PR': 154.86, 'QRS': 66.07, 'QT': 275.87, 'QTc': 337.16}
[2026-08-20 16:22:20] [INFO] 波形振幅特征计算完成：{'ST_shift': -0.05, 'P_amp': 0.034, 'T_amp': 0.1}
[2026-08-20 16:22:20] [INFO] 12项特征提取完成：{'HR': 87.31, 'RR_mean': 687.18, 'RR_std': 150.89, 'SDNN': 150.89, 'RMSSD': 205.32, 'PR': 154.86, 'QRS': 66.07, 'QT': 275.87, 'QTc': 337.16, 'ST_shift': -0.05, 'P_amp': 0.034, 'T_amp': 0.1}
[2026-08-20 16:22:20] [INFO] 规则推理完成：risk=低危, score=0.00
[2026-08-20 16:22:20] [INFO] 成功读取MIT-BIH记录：D:/桌面/ECG-Auxiliary-Screening/data/mitbih/mit-bih-arrhythmia-database-1.0.0/207，采样率360Hz
[2026-08-20 16:22:26] [INFO] R峰检测完成，共83个
[2026-08-20 16:22:26] [INFO] HRV特征计算完成：{'HR': 3.24, 'RR_mean': 18498.95, 'RR_std': 65276.67, 'SDNN': 65276.67, 'RMSSD': 93259.41}
[2026-08-20 16:22:26] [INFO] 波形时间特征计算完成：{'PR': 141.29, 'QRS': 67.9, 'QT': 277.16, 'QTc': 61.34}
[2026-08-20 16:22:26] [INFO] 波形振幅特征计算完成：{'ST_shift': -0.002, 'P_amp': 0.224, 'T_amp': 0.429}
[2026-08-20 16:22:26] [INFO] 12项特征提取完成：{'HR': 3.24, 'RR_mean': 18498.95, 'RR_std': 65276.67, 'SDNN': 65276.67, 'RMSSD': 93259.41, 'PR': 141.29, 'QRS': 67.9, 'QT': 277.16, 'QTc': 61.34, 'ST_shift': -0.002, 'P_amp': 0.224, 'T_amp': 0.429}
[2026-08-20 16:22:26] [INFO] 规则推理完成：risk=中危, score=0.25
[2026-08-20 16:22:26] [INFO] 成功读取MIT-BIH记录：D:/桌面/ECG-Auxiliary-Screening/data/mitbih/mit-bih-arrhythmia-database-1.0.0/208，采样率360Hz
[2026-08-20 16:22:32] [INFO] R峰检测完成，共1578个
[2026-08-20 16:22:32] [INFO] HRV特征计算完成：{'HR': 52.41, 'RR_mean': 1144.73, 'RR_std': 818.44, 'SDNN': 818.44, 'RMSSD': 1084.25}
[2026-08-20 16:22:32] [INFO] 波形时间特征计算完成：{'PR': 141.33, 'QRS': 59.24, 'QT': 277.97, 'QTc': 252.88}
[2026-08-20 16:22:32] [INFO] 波形振幅特征计算完成：{'ST_shift': -0.156, 'P_amp': 0.15, 'T_amp': 0.276}
[2026-08-20 16:22:32] [INFO] 12项特征提取完成：{'HR': 52.41, 'RR_mean': 1144.73, 'RR_std': 818.44, 'SDNN': 818.44, 'RMSSD': 1084.25, 'PR': 141.33, 'QRS': 59.24, 'QT': 277.97, 'QTc': 252.88, 'ST_shift': -0.156, 'P_amp': 0.15, 'T_amp': 0.276}
[2026-08-20 16:22:32] [INFO] 规则推理完成：risk=低危, score=0.10
[2026-08-20 16:22:32] [INFO] 成功读取MIT-BIH记录：D:/桌面/ECG-Auxiliary-Screening/data/mitbih/mit-bih-arrhythmia-database-1.0.0/209，采样率360Hz
[2026-08-20 16:22:39] [INFO] R峰检测完成，共2995个
[2026-08-20 16:22:39] [INFO] HRV特征计算完成：{'HR': 99.54, 'RR_mean': 602.75, 'RR_std': 90.18, 'SDNN': 90.18, 'RMSSD': 81.18}
[2026-08-20 16:22:39] [INFO] 波形时间特征计算完成：{'PR': 183.17, 'QRS': 5.65, 'QT': 210.21, 'QTc': 259.63}
[2026-08-20 16:22:39] [INFO] 波形振幅特征计算完成：{'ST_shift': -0.075, 'P_amp': 0.039, 'T_amp': 0.273}
[2026-08-20 16:22:39] [INFO] 12项特征提取完成：{'HR': 99.54, 'RR_mean': 602.75, 'RR_std': 90.18, 'SDNN': 90.18, 'RMSSD': 81.18, 'PR': 183.17, 'QRS': 5.65, 'QT': 210.21, 'QTc': 259.63, 'ST_shift': -0.075, 'P_amp': 0.039, 'T_amp': 0.273}
[2026-08-20 16:22:39] [INFO] 规则推理完成：risk=低危, score=0.10
[2026-08-20 16:22:39] [INFO] 成功读取MIT-BIH记录：D:/桌面/ECG-Auxiliary-Screening/data/mitbih/mit-bih-arrhythmia-database-1.0.0/210，采样率360Hz
[2026-08-20 16:22:46] [INFO] 成功读取MIT-BIH记录：D:/桌面/ECG-Auxiliary-Screening/data/mitbih/mit-bih-arrhythmia-database-1.0.0/212，采样率360Hz
[2026-08-20 16:22:52] [INFO] R峰检测完成，共2735个
[2026-08-20 16:22:52] [INFO] HRV特征计算完成：{'HR': 90.89, 'RR_mean': 660.13, 'RR_std': 156.58, 'SDNN': 156.58, 'RMSSD': 215.38}
[2026-08-20 16:22:52] [INFO] 波形时间特征计算完成：{'PR': 160.38, 'QRS': 48.72, 'QT': 220.38, 'QTc': 271.61}
[2026-08-20 16:22:52] [INFO] 波形振幅特征计算完成：{'ST_shift': -0.053, 'P_amp': 0.139, 'T_amp': 0.362}
[2026-08-20 16:22:52] [INFO] 12项特征提取完成：{'HR': 90.89, 'RR_mean': 660.13, 'RR_std': 156.58, 'SDNN': 156.58, 'RMSSD': 215.38, 'PR': 160.38, 'QRS': 48.72, 'QT': 220.38, 'QTc': 271.61, 'ST_shift': -0.053, 'P_amp': 0.139, 'T_amp': 0.362}
[2026-08-20 16:22:52] [INFO] 规则推理完成：risk=低危, score=0.10
[2026-08-20 16:22:52] [INFO] 成功读取MIT-BIH记录：D:/桌面/ECG-Auxiliary-Screening/data/mitbih/mit-bih-arrhythmia-database-1.0.0/213，采样率360Hz
[2026-08-20 16:22:59] [INFO] R峰检测完成，共3226个
[2026-08-20 16:22:59] [INFO] HRV特征计算完成：{'HR': 107.19, 'RR_mean': 559.77, 'RR_std': 73.0, 'SDNN': 73.0, 'RMSSD': 98.53}
[2026-08-20 16:22:59] [INFO] 波形时间特征计算完成：{'PR': 137.14, 'QRS': 30.27, 'QT': 214.64, 'QTc': 323.99}
[2026-08-20 16:22:59] [INFO] 波形振幅特征计算完成：{'ST_shift': -0.609, 'P_amp': 0.36, 'T_amp': 0.52}
[2026-08-20 16:22:59] [INFO] 12项特征提取完成：{'HR': 107.19, 'RR_mean': 559.77, 'RR_std': 73.0, 'SDNN': 73.0, 'RMSSD': 98.53, 'PR': 137.14, 'QRS': 30.27, 'QT': 214.64, 'QTc': 323.99, 'ST_shift': -0.609, 'P_amp': 0.36, 'T_amp': 0.52}
[2026-08-20 16:22:59] [INFO] 规则推理完成：risk=中危, score=0.25
[2026-08-20 16:22:59] [INFO] 成功读取MIT-BIH记录：D:/桌面/ECG-Auxiliary-Screening/data/mitbih/mit-bih-arrhythmia-database-1.0.0/214，采样率360Hz
[2026-08-20 16:23:05] [INFO] R峰检测完成，共2002个
[2026-08-20 16:23:05] [INFO] HRV特征计算完成：{'HR': 66.51, 'RR_mean': 902.09, 'RR_std': 615.89, 'SDNN': 615.89, 'RMSSD': 826.61}
[2026-08-20 16:23:06] [INFO] 波形时间特征计算完成：{'PR': 70.89, 'QRS': 89.21, 'QT': 193.79, 'QTc': 217.43}
[2026-08-20 16:23:06] [INFO] 波形振幅特征计算完成：{'ST_shift': -0.279, 'P_amp': 1.331, 'T_amp': 0.129}
[2026-08-20 16:23:06] [INFO] 12项特征提取完成：{'HR': 66.51, 'RR_mean': 902.09, 'RR_std': 615.89, 'SDNN': 615.89, 'RMSSD': 826.61, 'PR': 70.89, 'QRS': 89.21, 'QT': 193.79, 'QTc': 217.43, 'ST_shift': -0.279, 'P_amp': 1.331, 'T_amp': 0.129}
[2026-08-20 16:23:06] [INFO] 规则推理完成：risk=低危, score=0.00
[2026-08-20 16:23:06] [INFO] 成功读取MIT-BIH记录：D:/桌面/ECG-Auxiliary-Screening/data/mitbih/mit-bih-arrhythmia-database-1.0.0/215，采样率360Hz
[2026-08-20 16:23:13] [INFO] R峰检测完成，共1206个
[2026-08-20 16:23:13] [INFO] HRV特征计算完成：{'HR': 40.42, 'RR_mean': 1484.6, 'RR_std': 1981.2, 'SDNN': 1981.2, 'RMSSD': 2566.91}
[2026-08-20 16:23:13] [INFO] 波形时间特征计算完成：{'PR': 118.69, 'QRS': 27.13, 'QT': 183.64, 'QTc': 248.24}
[2026-08-20 16:23:13] [INFO] 波形振幅特征计算完成：{'ST_shift': 0.111, 'P_amp': 0.292, 'T_amp': 0.369}
[2026-08-20 16:23:13] [INFO] 12项特征提取完成：{'HR': 40.42, 'RR_mean': 1484.6, 'RR_std': 1981.2, 'SDNN': 1981.2, 'RMSSD': 2566.91, 'PR': 118.69, 'QRS': 27.13, 'QT': 183.64, 'QTc': 248.24, 'ST_shift': 0.111, 'P_amp': 0.292, 'T_amp': 0.369}
[2026-08-20 16:23:13] [INFO] 规则推理完成：risk=中危, score=0.25
[2026-08-20 16:23:13] [INFO] 成功读取MIT-BIH记录：D:/桌面/ECG-Auxiliary-Screening/data/mitbih/mit-bih-arrhythmia-database-1.0.0/217，采样率360Hz
[2026-08-20 16:23:21] [INFO] R峰检测完成，共2098个
[2026-08-20 16:23:21] [INFO] HRV特征计算完成：{'HR': 69.73, 'RR_mean': 860.4, 'RR_std': 248.12, 'SDNN': 248.12, 'RMSSD': 338.91}
[2026-08-20 16:23:21] [INFO] 波形时间特征计算完成：{'PR': 83.1, 'QRS': 18.84, 'QT': 268.7, 'QTc': 294.83}
[2026-08-20 16:23:21] [INFO] 波形振幅特征计算完成：{'ST_shift': -0.021, 'P_amp': 1.021, 'T_amp': 0.724}
[2026-08-20 16:23:21] [INFO] 12项特征提取完成：{'HR': 69.73, 'RR_mean': 860.4, 'RR_std': 248.12, 'SDNN': 248.12, 'RMSSD': 338.91, 'PR': 83.1, 'QRS': 18.84, 'QT': 268.7, 'QTc': 294.83, 'ST_shift': -0.021, 'P_amp': 1.021, 'T_amp': 0.724}
[2026-08-20 16:23:21] [INFO] 规则推理完成：risk=低危, score=0.00
[2026-08-20 16:23:22] [INFO] 成功读取MIT-BIH记录：D:/桌面/ECG-Auxiliary-Screening/data/mitbih/mit-bih-arrhythmia-database-1.0.0/219，采样率360Hz
[2026-08-20 16:23:29] [INFO] R峰检测完成，共2119个
[2026-08-20 16:23:29] [INFO] HRV特征计算完成：{'HR': 70.44, 'RR_mean': 851.74, 'RR_std': 259.79, 'SDNN': 259.79, 'RMSSD': 337.86}
[2026-08-20 16:23:29] [INFO] 波形时间特征计算完成：{'PR': 127.8, 'QRS': 60.21, 'QT': 290.12, 'QTc': 310.64}
[2026-08-20 16:23:29] [INFO] 波形振幅特征计算完成：{'ST_shift': -0.154, 'P_amp': 0.137, 'T_amp': -0.0}
[2026-08-20 16:23:29] [INFO] 12项特征提取完成：{'HR': 70.44, 'RR_mean': 851.74, 'RR_std': 259.79, 'SDNN': 259.79, 'RMSSD': 337.86, 'PR': 127.8, 'QRS': 60.21, 'QT': 290.12, 'QTc': 310.64, 'ST_shift': -0.154, 'P_amp': 0.137, 'T_amp': -0.0}
[2026-08-20 16:23:29] [INFO] 规则推理完成：risk=低危, score=0.00
[2026-08-20 16:23:29] [INFO] 成功读取MIT-BIH记录：D:/桌面/ECG-Auxiliary-Screening/data/mitbih/mit-bih-arrhythmia-database-1.0.0/220，采样率360Hz
[2026-08-20 16:23:38] [INFO] R峰检测完成，共2041个
[2026-08-20 16:23:38] [INFO] HRV特征计算完成：{'HR': 67.8, 'RR_mean': 884.94, 'RR_std': 137.69, 'SDNN': 137.69, 'RMSSD': 177.27}
[2026-08-20 16:23:38] [INFO] 波形时间特征计算完成：{'PR': 120.96, 'QRS': 7.99, 'QT': 277.93, 'QTc': 301.95}
[2026-08-20 16:23:38] [INFO] 波形振幅特征计算完成：{'ST_shift': -0.12, 'P_amp': 0.028, 'T_amp': 0.244}
[2026-08-20 16:23:38] [INFO] 12项特征提取完成：{'HR': 67.8, 'RR_mean': 884.94, 'RR_std': 137.69, 'SDNN': 137.69, 'RMSSD': 177.27, 'PR': 120.96, 'QRS': 7.99, 'QT': 277.93, 'QTc': 301.95, 'ST_shift': -0.12, 'P_amp': 0.028, 'T_amp': 0.244}
[2026-08-20 16:23:38] [INFO] 规则推理完成：risk=低危, score=0.00
[2026-08-20 16:23:38] [INFO] 成功读取MIT-BIH记录：D:/桌面/ECG-Auxiliary-Screening/data/mitbih/mit-bih-arrhythmia-database-1.0.0/221，采样率360Hz
[2026-08-20 16:23:46] [INFO] R峰检测完成，共2016个
[2026-08-20 16:23:46] [INFO] HRV特征计算完成：{'HR': 67.0, 'RR_mean': 895.49, 'RR_std': 380.29, 'SDNN': 380.29, 'RMSSD': 557.66}
[2026-08-20 16:23:46] [INFO] 波形时间特征计算完成：{'PR': 79.12, 'QRS': 55.14, 'QT': 286.56, 'QTc': 364.09}
[2026-08-20 16:23:46] [INFO] 波形振幅特征计算完成：{'ST_shift': -0.154, 'P_amp': 0.013, 'T_amp': 0.09}
[2026-08-20 16:23:46] [INFO] 12项特征提取完成：{'HR': 67.0, 'RR_mean': 895.49, 'RR_std': 380.29, 'SDNN': 380.29, 'RMSSD': 557.66, 'PR': 79.12, 'QRS': 55.14, 'QT': 286.56, 'QTc': 364.09, 'ST_shift': -0.154, 'P_amp': 0.013, 'T_amp': 0.09}
[2026-08-20 16:23:46] [INFO] 规则推理完成：risk=低危, score=0.00
[2026-08-20 16:23:46] [INFO] 成功读取MIT-BIH记录：D:/桌面/ECG-Auxiliary-Screening/data/mitbih/mit-bih-arrhythmia-database-1.0.0/222，采样率360Hz
[2026-08-20 16:23:52] [INFO] R峰检测完成，共1515个
[2026-08-20 16:23:52] [INFO] HRV特征计算完成：{'HR': 50.33, 'RR_mean': 1192.16, 'RR_std': 3504.69, 'SDNN': 3504.69, 'RMSSD': 4691.92}
[2026-08-20 16:23:52] [INFO] 波形时间特征计算完成：{'PR': 130.75, 'QRS': 55.03, 'QT': 194.94, 'QTc': 221.43}
[2026-08-20 16:23:52] [INFO] 波形振幅特征计算完成：{'ST_shift': 0.006, 'P_amp': 0.117, 'T_amp': 0.08}
[2026-08-20 16:23:52] [INFO] 12项特征提取完成：{'HR': 50.33, 'RR_mean': 1192.16, 'RR_std': 3504.69, 'SDNN': 3504.69, 'RMSSD': 4691.92, 'PR': 130.75, 'QRS': 55.03, 'QT': 194.94, 'QTc': 221.43, 'ST_shift': 0.006, 'P_amp': 0.117, 'T_amp': 0.08}
[2026-08-20 16:23:52] [INFO] 规则推理完成：risk=低危, score=0.10
[2026-08-20 16:23:52] [INFO] 成功读取MIT-BIH记录：D:/桌面/ECG-Auxiliary-Screening/data/mitbih/mit-bih-arrhythmia-database-1.0.0/223，采样率360Hz
[2026-08-20 16:24:00] [INFO] R峰检测完成，共1964个
[2026-08-20 16:24:00] [INFO] HRV特征计算完成：{'HR': 65.27, 'RR_mean': 919.29, 'RR_std': 4758.99, 'SDNN': 4758.99, 'RMSSD': 6655.02}
[2026-08-20 16:24:00] [INFO] 波形时间特征计算完成：{'PR': 65.04, 'QRS': 18.53, 'QT': 299.35, 'QTc': 341.27}
[2026-08-20 16:24:00] [INFO] 波形振幅特征计算完成：{'ST_shift': -0.22, 'P_amp': 0.199, 'T_amp': 0.006}
[2026-08-20 16:24:00] [INFO] 12项特征提取完成：{'HR': 65.27, 'RR_mean': 919.29, 'RR_std': 4758.99, 'SDNN': 4758.99, 'RMSSD': 6655.02, 'PR': 65.04, 'QRS': 18.53, 'QT': 299.35, 'QTc': 341.27, 'ST_shift': -0.22, 'P_amp': 0.199, 'T_amp': 0.006}
[2026-08-20 16:24:00] [INFO] 规则推理完成：risk=低危, score=0.00
[2026-08-20 16:24:00] [INFO] 成功读取MIT-BIH记录：D:/桌面/ECG-Auxiliary-Screening/data/mitbih/mit-bih-arrhythmia-database-1.0.0/228，采样率360Hz
[2026-08-20 16:24:07] [INFO] R峰检测完成，共288个
[2026-08-20 16:24:07] [INFO] HRV特征计算完成：{'HR': 9.64, 'RR_mean': 6223.69, 'RR_std': 16174.26, 'SDNN': 16174.26, 'RMSSD': 22474.43}
[2026-08-20 16:24:07] [INFO] 波形时间特征计算完成：{'PR': 70.66, 'QRS': 66.5, 'QT': 359.2, 'QTc': 297.73}
[2026-08-20 16:24:07] [INFO] 波形振幅特征计算完成：{'ST_shift': -0.524, 'P_amp': 1.253, 'T_amp': -0.011}
[2026-08-20 16:24:07] [INFO] 12项特征提取完成：{'HR': 9.64, 'RR_mean': 6223.69, 'RR_std': 16174.26, 'SDNN': 16174.26, 'RMSSD': 22474.43, 'PR': 70.66, 'QRS': 66.5, 'QT': 359.2, 'QTc': 297.73, 'ST_shift': -0.524, 'P_amp': 1.253, 'T_amp': -0.011}
[2026-08-20 16:24:07] [INFO] 规则推理完成：risk=中危, score=0.25
[2026-08-20 16:24:07] [INFO] 成功读取MIT-BIH记录：D:/桌面/ECG-Auxiliary-Screening/data/mitbih/mit-bih-arrhythmia-database-1.0.0/230，采样率360Hz
[2026-08-20 16:24:17] [INFO] R峰检测完成，共2224个
[2026-08-20 16:24:17] [INFO] HRV特征计算完成：{'HR': 73.9, 'RR_mean': 811.89, 'RR_std': 148.6, 'SDNN': 148.6, 'RMSSD': 162.25}
[2026-08-20 16:24:17] [INFO] 波形时间特征计算完成：{'PR': 131.2, 'QRS': 6.23, 'QT': 221.24, 'QTc': 253.59}
[2026-08-20 16:24:17] [INFO] 波形振幅特征计算完成：{'ST_shift': -0.044, 'P_amp': 0.071, 'T_amp': 0.258}
[2026-08-20 16:24:17] [INFO] 12项特征提取完成：{'HR': 73.9, 'RR_mean': 811.89, 'RR_std': 148.6, 'SDNN': 148.6, 'RMSSD': 162.25, 'PR': 131.2, 'QRS': 6.23, 'QT': 221.24, 'QTc': 253.59, 'ST_shift': -0.044, 'P_amp': 0.071, 'T_amp': 0.258}
[2026-08-20 16:24:17] [INFO] 规则推理完成：risk=低危, score=0.00
[2026-08-20 16:24:17] [INFO] 成功读取MIT-BIH记录：D:/桌面/ECG-Auxiliary-Screening/data/mitbih/mit-bih-arrhythmia-database-1.0.0/231，采样率360Hz
[2026-08-20 16:24:24] [INFO] R峰检测完成，共1566个
[2026-08-20 16:24:24] [INFO] HRV特征计算完成：{'HR': 52.03, 'RR_mean': 1153.15, 'RR_std': 341.39, 'SDNN': 341.39, 'RMSSD': 208.88}
[2026-08-20 16:24:24] [INFO] 波形时间特征计算完成：{'PR': 153.11, 'QRS': 71.92, 'QT': 31.75, 'QTc': 32.29}
[2026-08-20 16:24:24] [INFO] 波形振幅特征计算完成：{'ST_shift': -0.222, 'P_amp': 0.104, 'T_amp': 0.327}
[2026-08-20 16:24:24] [INFO] 12项特征提取完成：{'HR': 52.03, 'RR_mean': 1153.15, 'RR_std': 341.39, 'SDNN': 341.39, 'RMSSD': 208.88, 'PR': 153.11, 'QRS': 71.92, 'QT': 31.75, 'QTc': 32.29, 'ST_shift': -0.222, 'P_amp': 0.104, 'T_amp': 0.327}
[2026-08-20 16:24:24] [INFO] 规则推理完成：risk=低危, score=0.10
[2026-08-20 16:24:24] [INFO] 成功读取MIT-BIH记录：D:/桌面/ECG-Auxiliary-Screening/data/mitbih/mit-bih-arrhythmia-database-1.0.0/232，采样率360Hz
[2026-08-20 16:24:31] [INFO] R峰检测完成，共1589个
[2026-08-20 16:24:31] [INFO] HRV特征计算完成：{'HR': 52.88, 'RR_mean': 1134.62, 'RR_std': 967.36, 'SDNN': 967.36, 'RMSSD': 1337.28}
[2026-08-20 16:24:31] [INFO] 波形时间特征计算完成：{'PR': 133.66, 'QRS': 7.7, 'QT': 274.93, 'QTc': 321.04}
[2026-08-20 16:24:31] [INFO] 波形振幅特征计算完成：{'ST_shift': -0.063, 'P_amp': 0.013, 'T_amp': 0.269}
[2026-08-20 16:24:31] [INFO] 12项特征提取完成：{'HR': 52.88, 'RR_mean': 1134.62, 'RR_std': 967.36, 'SDNN': 967.36, 'RMSSD': 1337.28, 'PR': 133.66, 'QRS': 7.7, 'QT': 274.93, 'QTc': 321.04, 'ST_shift': -0.063, 'P_amp': 0.013, 'T_amp': 0.269}
[2026-08-20 16:24:31] [INFO] 规则推理完成：risk=低危, score=0.10
[2026-08-20 16:24:31] [INFO] 成功读取MIT-BIH记录：D:/桌面/ECG-Auxiliary-Screening/data/mitbih/mit-bih-arrhythmia-database-1.0.0/233，采样率360Hz
[2026-08-20 16:24:37] [INFO] R峰检测完成，共3023个
[2026-08-20 16:24:37] [INFO] HRV特征计算完成：{'HR': 100.43, 'RR_mean': 597.41, 'RR_std': 239.39, 'SDNN': 239.39, 'RMSSD': 368.88}
[2026-08-20 16:24:37] [INFO] 波形时间特征计算完成：{'PR': 81.34, 'QRS': 68.96, 'QT': 349.94, 'QTc': 386.57}
[2026-08-20 16:24:37] [INFO] 波形振幅特征计算完成：{'ST_shift': -0.179, 'P_amp': 0.405, 'T_amp': 0.346}
[2026-08-20 16:24:37] [INFO] 12项特征提取完成：{'HR': 100.43, 'RR_mean': 597.41, 'RR_std': 239.39, 'SDNN': 239.39, 'RMSSD': 368.88, 'PR': 81.34, 'QRS': 68.96, 'QT': 349.94, 'QTc': 386.57, 'ST_shift': -0.179, 'P_amp': 0.405, 'T_amp': 0.346}
[2026-08-20 16:24:37] [INFO] 规则推理完成：risk=中危, score=0.25
[2026-08-20 16:24:37] [INFO] 成功读取MIT-BIH记录：D:/桌面/ECG-Auxiliary-Screening/data/mitbih/mit-bih-arrhythmia-database-1.0.0/234，采样率360Hz
[2026-08-20 16:24:44] [INFO] R峰检测完成，共2739个
[2026-08-20 16:24:44] [INFO] HRV特征计算完成：{'HR': 91.04, 'RR_mean': 659.08, 'RR_std': 130.73, 'SDNN': 130.73, 'RMSSD': 182.0}
[2026-08-20 16:24:45] [INFO] 波形时间特征计算完成：{'PR': 136.1, 'QRS': 99.31, 'QT': 113.44, 'QTc': 138.36}
[2026-08-20 16:24:45] [INFO] 波形振幅特征计算完成：{'ST_shift': -0.182, 'P_amp': 0.15, 'T_amp': 0.006}
[2026-08-20 16:24:45] [INFO] 12项特征提取完成：{'HR': 91.04, 'RR_mean': 659.08, 'RR_std': 130.73, 'SDNN': 130.73, 'RMSSD': 182.0, 'PR': 136.1, 'QRS': 99.31, 'QT': 113.44, 'QTc': 138.36, 'ST_shift': -0.182, 'P_amp': 0.15, 'T_amp': 0.006}
[2026-08-20 16:24:45] [INFO] 规则推理完成：risk=低危, score=0.10
[2026-08-20 16:33:29] [INFO] XGBoost模型加载成功
[2026-08-20 16:33:29] [INFO] XGBoost模型加载成功
[2026-08-20 16:33:30] [INFO] 模型推理完成：risk=低危, score=0.9966
[2026-08-20 17:07:31] [INFO] XGBoost模型加载成功
[2026-08-20 17:07:31] [ERROR] SHAP解释失败：only 0-dimensional arrays can be converted to Python scalars
[2026-08-20 17:11:06] [INFO] XGBoost模型加载成功
[2026-08-20 17:11:07] [ERROR] SHAP解释失败：only 0-dimensional arrays can be converted to Python scalars
[2026-08-20 17:12:31] [INFO] XGBoost模型加载成功
[2026-08-20 17:12:31] [ERROR] SHAP解释失败：'function' object has no attribute 'DataFrame'
[2026-08-20 17:15:12] [INFO] XGBoost模型加载成功
[2026-08-20 17:15:13] [ERROR] SHAP解释失败：only 0-dimensional arrays can be converted to Python scalars
[2026-08-20 17:16:38] [INFO] XGBoost模型加载成功
[2026-08-20 17:16:39] [ERROR] SHAP解释失败：only 0-dimensional arrays can be converted to Python scalars
[2026-08-20 17:21:23] [INFO] 成功读取MIT-BIH记录：D:/桌面/ECG-Auxiliary-Screening/data/mitbih/mit-bih-arrhythmia-database-1.0.0/100，采样率360Hz
[2026-08-20 17:21:30] [INFO] R峰检测完成，共2272个
[2026-08-20 17:21:30] [INFO] HRV特征计算完成：{'HR': 75.48, 'RR_mean': 794.93, 'RR_std': 53.05, 'SDNN': 53.05, 'RMSSD': 70.58}
[2026-08-20 17:21:30] [INFO] 波形时间特征计算完成：{'PR': 177.98, 'QRS': 54.29, 'QT': 278.02, 'QTc': 307.12}
[2026-08-20 17:21:30] [INFO] 波形振幅特征计算完成：{'ST_shift': -0.083, 'P_amp': 0.108, 'T_amp': 0.038}
[2026-08-20 17:21:30] [INFO] 12项特征提取完成：{'HR': 75.48, 'RR_mean': 794.93, 'RR_std': 53.05, 'SDNN': 53.05, 'RMSSD': 70.58, 'PR': 177.98, 'QRS': 54.29, 'QT': 278.02, 'QTc': 307.12, 'ST_shift': -0.083, 'P_amp': 0.108, 'T_amp': 0.038}
[2026-08-20 17:21:30] [INFO] 规则推理完成：risk=低危, score=0.00
[2026-08-20 17:21:30] [INFO] 成功读取MIT-BIH记录：D:/桌面/ECG-Auxiliary-Screening/data/mitbih/mit-bih-arrhythmia-database-1.0.0/101，采样率360Hz
[2026-08-20 17:21:36] [INFO] R峰检测完成，共1833个
[2026-08-20 17:21:36] [INFO] HRV特征计算完成：{'HR': 60.91, 'RR_mean': 985.05, 'RR_std': 236.92, 'SDNN': 236.92, 'RMSSD': 328.86}
[2026-08-20 17:21:36] [INFO] 波形时间特征计算完成：{'PR': 117.47, 'QRS': 95.45, 'QT': 139.5, 'QTc': 147.5}
[2026-08-20 17:21:36] [INFO] 波形振幅特征计算完成：{'ST_shift': -0.137, 'P_amp': 0.136, 'T_amp': 0.198}
[2026-08-20 17:21:36] [INFO] 12项特征提取完成：{'HR': 60.91, 'RR_mean': 985.05, 'RR_std': 236.92, 'SDNN': 236.92, 'RMSSD': 328.86, 'PR': 117.47, 'QRS': 95.45, 'QT': 139.5, 'QTc': 147.5, 'ST_shift': -0.137, 'P_amp': 0.136, 'T_amp': 0.198}
[2026-08-20 17:21:36] [INFO] 规则推理完成：risk=低危, score=0.00
[2026-08-20 17:21:36] [INFO] 成功读取MIT-BIH记录：D:/桌面/ECG-Auxiliary-Screening/data/mitbih/mit-bih-arrhythmia-database-1.0.0/102，采样率360Hz
[2026-08-20 17:21:42] [INFO] R峰检测完成，共2086个
[2026-08-20 17:21:42] [INFO] HRV特征计算完成：{'HR': 69.32, 'RR_mean': 865.61, 'RR_std': 1274.6, 'SDNN': 1274.6, 'RMSSD': 1777.3}
[2026-08-20 17:21:42] [INFO] 波形时间特征计算完成：{'PR': 134.63, 'QRS': 139.87, 'QT': 83.95, 'QTc': 89.05}
[2026-08-20 17:21:42] [INFO] 波形振幅特征计算完成：{'ST_shift': -0.08, 'P_amp': -0.037, 'T_amp': 0.126}
[2026-08-20 17:21:42] [INFO] 12项特征提取完成：{'HR': 69.32, 'RR_mean': 865.61, 'RR_std': 1274.6, 'SDNN': 1274.6, 'RMSSD': 1777.3, 'PR': 134.63, 'QRS': 139.87, 'QT': 83.95, 'QTc': 89.05, 'ST_shift': -0.08, 'P_amp': -0.037, 'T_amp': 0.126}
[2026-08-20 17:21:42] [INFO] 规则推理完成：risk=中危, score=0.25
[2026-08-20 17:21:42] [INFO] 成功读取MIT-BIH记录：D:/桌面/ECG-Auxiliary-Screening/data/mitbih/mit-bih-arrhythmia-database-1.0.0/103，采样率360Hz
[2026-08-20 17:21:48] [INFO] R峰检测完成，共2077个
[2026-08-20 17:21:48] [INFO] HRV特征计算完成：{'HR': 69.03, 'RR_mean': 869.2, 'RR_std': 100.18, 'SDNN': 100.18, 'RMSSD': 136.5}
[2026-08-20 17:21:48] [INFO] 波形时间特征计算完成：{'PR': 188.41, 'QRS': 42.16, 'QT': 255.03, 'QTc': 278.9}
[2026-08-20 17:21:48] [INFO] 波形振幅特征计算完成：{'ST_shift': -0.188, 'P_amp': 0.01, 'T_amp': 0.326}
[2026-08-20 17:21:48] [INFO] 12项特征提取完成：{'HR': 69.03, 'RR_mean': 869.2, 'RR_std': 100.18, 'SDNN': 100.18, 'RMSSD': 136.5, 'PR': 188.41, 'QRS': 42.16, 'QT': 255.03, 'QTc': 278.9, 'ST_shift': -0.188, 'P_amp': 0.01, 'T_amp': 0.326}
[2026-08-20 17:21:48] [INFO] 规则推理完成：risk=低危, score=0.00
[2026-08-20 17:21:48] [INFO] 成功读取MIT-BIH记录：D:/桌面/ECG-Auxiliary-Screening/data/mitbih/mit-bih-arrhythmia-database-1.0.0/104，采样率360Hz
[2026-08-20 17:21:54] [INFO] R峰检测完成，共27个
[2026-08-20 17:21:54] [INFO] HRV特征计算完成：{'HR': 6.27, 'RR_mean': 9567.41, 'RR_std': 17184.57, 'SDNN': 17184.57, 'RMSSD': 25077.19}
[2026-08-20 17:21:54] [INFO] 波形时间特征计算完成：{'PR': 101.56, 'QRS': 74.78, 'QT': 314.67, 'QTc': 383.0}
[2026-08-20 17:21:54] [INFO] 波形振幅特征计算完成：{'ST_shift': -0.119, 'P_amp': 0.35, 'T_amp': 0.401}
[2026-08-20 17:21:54] [INFO] 12项特征提取完成：{'HR': 6.27, 'RR_mean': 9567.41, 'RR_std': 17184.57, 'SDNN': 17184.57, 'RMSSD': 25077.19, 'PR': 101.56, 'QRS': 74.78, 'QT': 314.67, 'QTc': 383.0, 'ST_shift': -0.119, 'P_amp': 0.35, 'T_amp': 0.401}
[2026-08-20 17:21:54] [INFO] 规则推理完成：risk=中危, score=0.25
[2026-08-20 17:21:54] [INFO] 成功读取MIT-BIH记录：D:/桌面/ECG-Auxiliary-Screening/data/mitbih/mit-bih-arrhythmia-database-1.0.0/105，采样率360Hz
[2026-08-20 17:22:00] [INFO] R峰检测完成，共5个
[2026-08-20 17:22:00] [INFO] HRV特征计算完成：{'HR': 0.5, 'RR_mean': 119548.61, 'RR_std': 173592.35, 'SDNN': 173592.35, 'RMSSD': 319853.87}
[2026-08-20 17:22:00] [INFO] 波形时间特征计算完成：{'PR': 102.78, 'QRS': 62.04, 'QT': 63.89, 'QTc': 42.88}
[2026-08-20 17:22:00] [INFO] 波形振幅特征计算完成：{'ST_shift': 1.669, 'P_amp': 0.492, 'T_amp': 1.998}
[2026-08-20 17:22:00] [INFO] 12项特征提取完成：{'HR': 0.5, 'RR_mean': 119548.61, 'RR_std': 173592.35, 'SDNN': 173592.35, 'RMSSD': 319853.87, 'PR': 102.78, 'QRS': 62.04, 'QT': 63.89, 'QTc': 42.88, 'ST_shift': 1.669, 'P_amp': 0.492, 'T_amp': 1.998}
[2026-08-20 17:22:00] [INFO] 规则推理完成：risk=中危, score=0.25
[2026-08-20 17:22:00] [INFO] 成功读取MIT-BIH记录：D:/桌面/ECG-Auxiliary-Screening/data/mitbih/mit-bih-arrhythmia-database-1.0.0/106，采样率360Hz
[2026-08-20 17:22:06] [INFO] R峰检测完成，共1139个
[2026-08-20 17:22:06] [INFO] HRV特征计算完成：{'HR': 37.85, 'RR_mean': 1585.26, 'RR_std': 4798.05, 'SDNN': 4798.05, 'RMSSD': 6756.5}
[2026-08-20 17:22:06] [INFO] 波形时间特征计算完成：{'PR': 114.77, 'QRS': 41.57, 'QT': 159.05, 'QTc': 156.05}
[2026-08-20 17:22:06] [INFO] 波形振幅特征计算完成：{'ST_shift': -0.257, 'P_amp': 0.218, 'T_amp': 0.466}
[2026-08-20 17:22:06] [INFO] 12项特征提取完成：{'HR': 37.85, 'RR_mean': 1585.26, 'RR_std': 4798.05, 'SDNN': 4798.05, 'RMSSD': 6756.5, 'PR': 114.77, 'QRS': 41.57, 'QT': 159.05, 'QTc': 156.05, 'ST_shift': -0.257, 'P_amp': 0.218, 'T_amp': 0.466}
[2026-08-20 17:22:06] [INFO] 规则推理完成：risk=中危, score=0.25
[2026-08-20 17:22:06] [INFO] 成功读取MIT-BIH记录：D:/桌面/ECG-Auxiliary-Screening/data/mitbih/mit-bih-arrhythmia-database-1.0.0/107，采样率360Hz
[2026-08-20 17:22:12] [INFO] R峰检测完成，共2098个
[2026-08-20 17:22:12] [INFO] HRV特征计算完成：{'HR': 69.74, 'RR_mean': 860.28, 'RR_std': 102.14, 'SDNN': 102.14, 'RMSSD': 149.75}
[2026-08-20 17:22:12] [INFO] 波形时间特征计算完成：{'PR': 105.04, 'QRS': 71.89, 'QT': 165.42, 'QTc': 181.51}
[2026-08-20 17:22:13] [INFO] 波形振幅特征计算完成：{'ST_shift': -0.766, 'P_amp': 0.98, 'T_amp': 1.169}
[2026-08-20 17:22:13] [INFO] 12项特征提取完成：{'HR': 69.74, 'RR_mean': 860.28, 'RR_std': 102.14, 'SDNN': 102.14, 'RMSSD': 149.75, 'PR': 105.04, 'QRS': 71.89, 'QT': 165.42, 'QTc': 181.51, 'ST_shift': -0.766, 'P_amp': 0.98, 'T_amp': 1.169}
[2026-08-20 17:22:13] [INFO] 规则推理完成：risk=低危, score=0.00
[2026-08-20 17:22:13] [INFO] 成功读取MIT-BIH记录：D:/桌面/ECG-Auxiliary-Screening/data/mitbih/mit-bih-arrhythmia-database-1.0.0/108，采样率360Hz
[2026-08-20 17:22:19] [INFO] R峰检测完成，共794个
[2026-08-20 17:22:19] [INFO] HRV特征计算完成：{'HR': 29.3, 'RR_mean': 2047.95, 'RR_std': 6479.98, 'SDNN': 6479.98, 'RMSSD': 8957.88}
[2026-08-20 17:22:19] [INFO] 波形时间特征计算完成：{'PR': 63.82, 'QRS': 22.93, 'QT': 316.06, 'QTc': 209.54}
[2026-08-20 17:22:19] [INFO] 波形振幅特征计算完成：{'ST_shift': -0.163, 'P_amp': 0.262, 'T_amp': 0.059}
[2026-08-20 17:22:19] [INFO] 12项特征提取完成：{'HR': 29.3, 'RR_mean': 2047.95, 'RR_std': 6479.98, 'SDNN': 6479.98, 'RMSSD': 8957.88, 'PR': 63.82, 'QRS': 22.93, 'QT': 316.06, 'QTc': 209.54, 'ST_shift': -0.163, 'P_amp': 0.262, 'T_amp': 0.059}
[2026-08-20 17:22:19] [INFO] 规则推理完成：risk=中危, score=0.25
[2026-08-20 17:22:19] [INFO] 成功读取MIT-BIH记录：D:/桌面/ECG-Auxiliary-Screening/data/mitbih/mit-bih-arrhythmia-database-1.0.0/109，采样率360Hz
[2026-08-20 17:22:25] [INFO] R峰检测完成，共660个
[2026-08-20 17:22:25] [INFO] HRV特征计算完成：{'HR': 22.11, 'RR_mean': 2713.2, 'RR_std': 6439.96, 'SDNN': 6439.96, 'RMSSD': 8307.56}
[2026-08-20 17:22:25] [INFO] 波形时间特征计算完成：{'PR': 68.06, 'QRS': 9.58, 'QT': 296.07, 'QTc': 42.56}
[2026-08-20 17:22:25] [INFO] 波形振幅特征计算完成：{'ST_shift': -0.489, 'P_amp': 1.256, 'T_amp': 0.207}
[2026-08-20 17:22:25] [INFO] 12项特征提取完成：{'HR': 22.11, 'RR_mean': 2713.2, 'RR_std': 6439.96, 'SDNN': 6439.96, 'RMSSD': 8307.56, 'PR': 68.06, 'QRS': 9.58, 'QT': 296.07, 'QTc': 42.56, 'ST_shift': -0.489, 'P_amp': 1.256, 'T_amp': 0.207}
[2026-08-20 17:22:25] [INFO] 规则推理完成：risk=中危, score=0.25
[2026-08-20 17:22:25] [INFO] 成功读取MIT-BIH记录：D:/桌面/ECG-Auxiliary-Screening/data/mitbih/mit-bih-arrhythmia-database-1.0.0/111，采样率360Hz
[2026-08-20 17:22:31] [INFO] R峰检测完成，共1509个
[2026-08-20 17:22:31] [INFO] HRV特征计算完成：{'HR': 50.28, 'RR_mean': 1193.27, 'RR_std': 1295.28, 'SDNN': 1295.28, 'RMSSD': 1606.93}
[2026-08-20 17:22:31] [INFO] 波形时间特征计算完成：{'PR': 76.1, 'QRS': 5.09, 'QT': 218.98, 'QTc': 168.5}
[2026-08-20 17:22:31] [INFO] 波形振幅特征计算完成：{'ST_shift': -0.109, 'P_amp': 0.324, 'T_amp': 0.335}
[2026-08-20 17:22:31] [INFO] 12项特征提取完成：{'HR': 50.28, 'RR_mean': 1193.27, 'RR_std': 1295.28, 'SDNN': 1295.28, 'RMSSD': 1606.93, 'PR': 76.1, 'QRS': 5.09, 'QT': 218.98, 'QTc': 168.5, 'ST_shift': -0.109, 'P_amp': 0.324, 'T_amp': 0.335}
[2026-08-20 17:22:31] [INFO] 规则推理完成：risk=低危, score=0.10
[2026-08-20 17:22:31] [INFO] 成功读取MIT-BIH记录：D:/桌面/ECG-Auxiliary-Screening/data/mitbih/mit-bih-arrhythmia-database-1.0.0/112，采样率360Hz
[2026-08-20 17:22:37] [INFO] R峰检测完成，共2533个
[2026-08-20 17:22:37] [INFO] HRV特征计算完成：{'HR': 84.17, 'RR_mean': 712.83, 'RR_std': 52.56, 'SDNN': 52.56, 'RMSSD': 65.27}
[2026-08-20 17:22:38] [INFO] 波形时间特征计算完成：{'PR': 168.14, 'QRS': 9.78, 'QT': 315.25, 'QTc': 360.69}
[2026-08-20 17:22:38] [INFO] 波形振幅特征计算完成：{'ST_shift': -0.13, 'P_amp': 0.176, 'T_amp': 0.152}
[2026-08-20 17:22:38] [INFO] 12项特征提取完成：{'HR': 84.17, 'RR_mean': 712.83, 'RR_std': 52.56, 'SDNN': 52.56, 'RMSSD': 65.27, 'PR': 168.14, 'QRS': 9.78, 'QT': 315.25, 'QTc': 360.69, 'ST_shift': -0.13, 'P_amp': 0.176, 'T_amp': 0.152}
[2026-08-20 17:22:38] [INFO] 规则推理完成：risk=低危, score=0.00
[2026-08-20 17:22:38] [INFO] 成功读取MIT-BIH记录：D:/桌面/ECG-Auxiliary-Screening/data/mitbih/mit-bih-arrhythmia-database-1.0.0/113，采样率360Hz
[2026-08-20 17:22:44] [INFO] R峰检测完成，共1795个
[2026-08-20 17:22:44] [INFO] HRV特征计算完成：{'HR': 59.63, 'RR_mean': 1006.17, 'RR_std': 99.12, 'SDNN': 99.12, 'RMSSD': 102.76}
[2026-08-20 17:22:44] [INFO] 波形时间特征计算完成：{'PR': 136.44, 'QRS': 47.87, 'QT': 45.11, 'QTc': 42.16}
[2026-08-20 17:22:44] [INFO] 波形振幅特征计算完成：{'ST_shift': -0.076, 'P_amp': -0.092, 'T_amp': 0.918}
[2026-08-20 17:22:44] [INFO] 12项特征提取完成：{'HR': 59.63, 'RR_mean': 1006.17, 'RR_std': 99.12, 'SDNN': 99.12, 'RMSSD': 102.76, 'PR': 136.44, 'QRS': 47.87, 'QT': 45.11, 'QTc': 42.16, 'ST_shift': -0.076, 'P_amp': -0.092, 'T_amp': 0.918}
[2026-08-20 17:22:44] [INFO] 规则推理完成：risk=低危, score=0.00
[2026-08-20 17:22:44] [INFO] 成功读取MIT-BIH记录：D:/桌面/ECG-Auxiliary-Screening/data/mitbih/mit-bih-arrhythmia-database-1.0.0/114，采样率360Hz
[2026-08-20 17:22:50] [INFO] R峰检测完成，共98个
[2026-08-20 17:22:50] [INFO] HRV特征计算完成：{'HR': 3.45, 'RR_mean': 17400.52, 'RR_std': 38726.75, 'SDNN': 38726.75, 'RMSSD': 54860.24}
[2026-08-20 17:22:50] [INFO] 波形时间特征计算完成：{'PR': 91.52, 'QRS': 15.28, 'QT': 267.97, 'QTc': 41.7}
[2026-08-20 17:22:50] [INFO] 波形振幅特征计算完成：{'ST_shift': -0.03, 'P_amp': 0.109, 'T_amp': 0.301}
[2026-08-20 17:22:50] [INFO] 12项特征提取完成：{'HR': 3.45, 'RR_mean': 17400.52, 'RR_std': 38726.75, 'SDNN': 38726.75, 'RMSSD': 54860.24, 'PR': 91.52, 'QRS': 15.28, 'QT': 267.97, 'QTc': 41.7, 'ST_shift': -0.03, 'P_amp': 0.109, 'T_amp': 0.301}
[2026-08-20 17:22:50] [INFO] 规则推理完成：risk=中危, score=0.25
[2026-08-20 17:22:50] [INFO] 成功读取MIT-BIH记录：D:/桌面/ECG-Auxiliary-Screening/data/mitbih/mit-bih-arrhythmia-database-1.0.0/115，采样率360Hz
[2026-08-20 17:22:56] [INFO] R峰检测完成，共1951个
[2026-08-20 17:22:56] [INFO] HRV特征计算完成：{'HR': 64.82, 'RR_mean': 925.63, 'RR_std': 91.91, 'SDNN': 91.91, 'RMSSD': 89.04}
[2026-08-20 17:22:56] [INFO] 波形时间特征计算完成：{'PR': 186.55, 'QRS': 7.96, 'QT': 318.79, 'QTc': 320.58}
[2026-08-20 17:22:56] [INFO] 波形振幅特征计算完成：{'ST_shift': -0.021, 'P_amp': 0.023, 'T_amp': 0.178}
[2026-08-20 17:22:56] [INFO] 12项特征提取完成：{'HR': 64.82, 'RR_mean': 925.63, 'RR_std': 91.91, 'SDNN': 91.91, 'RMSSD': 89.04, 'PR': 186.55, 'QRS': 7.96, 'QT': 318.79, 'QTc': 320.58, 'ST_shift': -0.021, 'P_amp': 0.023, 'T_amp': 0.178}
[2026-08-20 17:22:56] [INFO] 规则推理完成：risk=低危, score=0.00
[2026-08-20 17:22:56] [INFO] 成功读取MIT-BIH记录：D:/桌面/ECG-Auxiliary-Screening/data/mitbih/mit-bih-arrhythmia-database-1.0.0/116，采样率360Hz
[2026-08-20 17:23:03] [INFO] R峰检测完成，共1925个
[2026-08-20 17:23:03] [INFO] HRV特征计算完成：{'HR': 66.5, 'RR_mean': 902.23, 'RR_std': 2838.98, 'SDNN': 2838.98, 'RMSSD': 2986.34}
[2026-08-20 17:23:03] [INFO] 波形时间特征计算完成：{'PR': 154.09, 'QRS': 34.43, 'QT': 243.11, 'QTc': 277.15}
[2026-08-20 17:23:03] [INFO] 波形振幅特征计算完成：{'ST_shift': -0.216, 'P_amp': 0.04, 'T_amp': 0.387}
[2026-08-20 17:23:03] [INFO] 12项特征提取完成：{'HR': 66.5, 'RR_mean': 902.23, 'RR_std': 2838.98, 'SDNN': 2838.98, 'RMSSD': 2986.34, 'PR': 154.09, 'QRS': 34.43, 'QT': 243.11, 'QTc': 277.15, 'ST_shift': -0.216, 'P_amp': 0.04, 'T_amp': 0.387}
[2026-08-20 17:23:03] [INFO] 规则推理完成：risk=低危, score=0.00
[2026-08-20 17:23:03] [INFO] 成功读取MIT-BIH记录：D:/桌面/ECG-Auxiliary-Screening/data/mitbih/mit-bih-arrhythmia-database-1.0.0/117，采样率360Hz
[2026-08-20 17:23:09] [INFO] R峰检测完成，共1535个
[2026-08-20 17:23:09] [INFO] HRV特征计算完成：{'HR': 51.0, 'RR_mean': 1176.56, 'RR_std': 46.06, 'SDNN': 46.06, 'RMSSD': 46.07}
[2026-08-20 17:23:09] [INFO] 波形时间特征计算完成：{'PR': 164.41, 'QRS': 8.51, 'QT': 283.75, 'QTc': 265.89}
[2026-08-20 17:23:09] [INFO] 波形振幅特征计算完成：{'ST_shift': -0.014, 'P_amp': 0.094, 'T_amp': 0.524}
[2026-08-20 17:23:09] [INFO] 12项特征提取完成：{'HR': 51.0, 'RR_mean': 1176.56, 'RR_std': 46.06, 'SDNN': 46.06, 'RMSSD': 46.07, 'PR': 164.41, 'QRS': 8.51, 'QT': 283.75, 'QTc': 265.89, 'ST_shift': -0.014, 'P_amp': 0.094, 'T_amp': 0.524}
[2026-08-20 17:23:09] [INFO] 规则推理完成：risk=低危, score=0.10
[2026-08-20 17:23:09] [INFO] 成功读取MIT-BIH记录：D:/桌面/ECG-Auxiliary-Screening/data/mitbih/mit-bih-arrhythmia-database-1.0.0/118，采样率360Hz
[2026-08-20 17:23:15] [INFO] R峰检测完成，共2263个
[2026-08-20 17:23:15] [INFO] HRV特征计算完成：{'HR': 75.21, 'RR_mean': 797.81, 'RR_std': 134.58, 'SDNN': 134.58, 'RMSSD': 178.2}
[2026-08-20 17:23:15] [INFO] 波形时间特征计算完成：{'PR': 82.6, 'QRS': 10.79, 'QT': 307.05, 'QTc': 335.24}
[2026-08-20 17:23:15] [INFO] 波形振幅特征计算完成：{'ST_shift': -0.028, 'P_amp': 0.33, 'T_amp': 0.149}
[2026-08-20 17:23:15] [INFO] 12项特征提取完成：{'HR': 75.21, 'RR_mean': 797.81, 'RR_std': 134.58, 'SDNN': 134.58, 'RMSSD': 178.2, 'PR': 82.6, 'QRS': 10.79, 'QT': 307.05, 'QTc': 335.24, 'ST_shift': -0.028, 'P_amp': 0.33, 'T_amp': 0.149}
[2026-08-20 17:23:15] [INFO] 规则推理完成：risk=低危, score=0.00
[2026-08-20 17:23:15] [INFO] 成功读取MIT-BIH记录：D:/桌面/ECG-Auxiliary-Screening/data/mitbih/mit-bih-arrhythmia-database-1.0.0/119，采样率360Hz
[2026-08-20 17:23:22] [INFO] R峰检测完成，共1987个
[2026-08-20 17:23:22] [INFO] HRV特征计算完成：{'HR': 66.05, 'RR_mean': 908.41, 'RR_std': 226.06, 'SDNN': 226.06, 'RMSSD': 406.55}
[2026-08-20 17:23:22] [INFO] 波形时间特征计算完成：{'PR': 138.87, 'QRS': 74.8, 'QT': 104.77, 'QTc': 134.02}
[2026-08-20 17:23:22] [INFO] 波形振幅特征计算完成：{'ST_shift': -0.254, 'P_amp': 0.537, 'T_amp': 0.269}
[2026-08-20 17:23:22] [INFO] 12项特征提取完成：{'HR': 66.05, 'RR_mean': 908.41, 'RR_std': 226.06, 'SDNN': 226.06, 'RMSSD': 406.55, 'PR': 138.87, 'QRS': 74.8, 'QT': 104.77, 'QTc': 134.02, 'ST_shift': -0.254, 'P_amp': 0.537, 'T_amp': 0.269}
[2026-08-20 17:23:22] [INFO] 规则推理完成：risk=低危, score=0.00
[2026-08-20 17:23:22] [INFO] 成功读取MIT-BIH记录：D:/桌面/ECG-Auxiliary-Screening/data/mitbih/mit-bih-arrhythmia-database-1.0.0/121，采样率360Hz
[2026-08-20 17:23:28] [INFO] R峰检测完成，共1618个
[2026-08-20 17:23:28] [INFO] HRV特征计算完成：{'HR': 53.76, 'RR_mean': 1116.11, 'RR_std': 854.34, 'SDNN': 854.34, 'RMSSD': 1142.43}
[2026-08-20 17:23:28] [INFO] 波形时间特征计算完成：{'PR': 64.83, 'QRS': 17.29, 'QT': 205.26, 'QTc': 208.47}
[2026-08-20 17:23:28] [INFO] 波形振幅特征计算完成：{'ST_shift': 0.015, 'P_amp': 0.128, 'T_amp': 0.116}
[2026-08-20 17:23:28] [INFO] 12项特征提取完成：{'HR': 53.76, 'RR_mean': 1116.11, 'RR_std': 854.34, 'SDNN': 854.34, 'RMSSD': 1142.43, 'PR': 64.83, 'QRS': 17.29, 'QT': 205.26, 'QTc': 208.47, 'ST_shift': 0.015, 'P_amp': 0.128, 'T_amp': 0.116}
[2026-08-20 17:23:28] [INFO] 规则推理完成：risk=低危, score=0.10
[2026-08-20 17:23:28] [INFO] 成功读取MIT-BIH记录：D:/桌面/ECG-Auxiliary-Screening/data/mitbih/mit-bih-arrhythmia-database-1.0.0/122，采样率360Hz
[2026-08-20 17:23:34] [INFO] R峰检测完成，共2476个
[2026-08-20 17:23:34] [INFO] HRV特征计算完成：{'HR': 82.27, 'RR_mean': 729.31, 'RR_std': 40.23, 'SDNN': 40.23, 'RMSSD': 19.85}
[2026-08-20 17:23:34] [INFO] 波形时间特征计算完成：{'PR': 160.81, 'QRS': 111.4, 'QT': 44.12, 'QTc': 54.84}
[2026-08-20 17:23:34] [INFO] 波形振幅特征计算完成：{'ST_shift': -0.191, 'P_amp': 0.149, 'T_amp': -0.013}
[2026-08-20 17:23:34] [INFO] 12项特征提取完成：{'HR': 82.27, 'RR_mean': 729.31, 'RR_std': 40.23, 'SDNN': 40.23, 'RMSSD': 19.85, 'PR': 160.81, 'QRS': 111.4, 'QT': 44.12, 'QTc': 54.84, 'ST_shift': -0.191, 'P_amp': 0.149, 'T_amp': -0.013}
[2026-08-20 17:23:34] [INFO] 规则推理完成：risk=中危, score=0.25
[2026-08-20 17:23:35] [INFO] 成功读取MIT-BIH记录：D:/桌面/ECG-Auxiliary-Screening/data/mitbih/mit-bih-arrhythmia-database-1.0.0/123，采样率360Hz
[2026-08-20 17:23:41] [INFO] R峰检测完成，共1515个
[2026-08-20 17:23:41] [INFO] HRV特征计算完成：{'HR': 50.34, 'RR_mean': 1191.88, 'RR_std': 116.7, 'SDNN': 116.7, 'RMSSD': 107.33}
[2026-08-20 17:23:41] [INFO] 波形时间特征计算完成：{'PR': 195.43, 'QRS': 9.79, 'QT': 300.21, 'QTc': 259.99}
[2026-08-20 17:23:41] [INFO] 波形振幅特征计算完成：{'ST_shift': -0.103, 'P_amp': 0.079, 'T_amp': 0.358}
[2026-08-20 17:23:41] [INFO] 12项特征提取完成：{'HR': 50.34, 'RR_mean': 1191.88, 'RR_std': 116.7, 'SDNN': 116.7, 'RMSSD': 107.33, 'PR': 195.43, 'QRS': 9.79, 'QT': 300.21, 'QTc': 259.99, 'ST_shift': -0.103, 'P_amp': 0.079, 'T_amp': 0.358}
[2026-08-20 17:23:41] [INFO] 规则推理完成：risk=低危, score=0.10
[2026-08-20 17:23:41] [INFO] 成功读取MIT-BIH记录：D:/桌面/ECG-Auxiliary-Screening/data/mitbih/mit-bih-arrhythmia-database-1.0.0/124，采样率360Hz
[2026-08-20 17:23:47] [INFO] R峰检测完成，共1574个
[2026-08-20 17:23:47] [INFO] HRV特征计算完成：{'HR': 52.3, 'RR_mean': 1147.22, 'RR_std': 482.08, 'SDNN': 482.08, 'RMSSD': 660.84}
[2026-08-20 17:23:47] [INFO] 波形时间特征计算完成：{'PR': 84.57, 'QRS': 70.57, 'QT': 174.77, 'QTc': 156.32}
[2026-08-20 17:23:47] [INFO] 波形振幅特征计算完成：{'ST_shift': -0.177, 'P_amp': 0.182, 'T_amp': 0.023}
[2026-08-20 17:23:47] [INFO] 12项特征提取完成：{'HR': 52.3, 'RR_mean': 1147.22, 'RR_std': 482.08, 'SDNN': 482.08, 'RMSSD': 660.84, 'PR': 84.57, 'QRS': 70.57, 'QT': 174.77, 'QTc': 156.32, 'ST_shift': -0.177, 'P_amp': 0.182, 'T_amp': 0.023}
[2026-08-20 17:23:47] [INFO] 规则推理完成：risk=低危, score=0.10
[2026-08-20 17:23:48] [INFO] 成功读取MIT-BIH记录：D:/桌面/ECG-Auxiliary-Screening/data/mitbih/mit-bih-arrhythmia-database-1.0.0/200，采样率360Hz
[2026-08-20 17:23:54] [INFO] R峰检测完成，共1833个
[2026-08-20 17:23:54] [INFO] HRV特征计算完成：{'HR': 61.12, 'RR_mean': 981.74, 'RR_std': 870.45, 'SDNN': 870.45, 'RMSSD': 1108.77}
[2026-08-20 17:23:54] [INFO] 波形时间特征计算完成：{'PR': 112.24, 'QRS': 12.1, 'QT': 256.68, 'QTc': 303.8}
[2026-08-20 17:23:54] [INFO] 波形振幅特征计算完成：{'ST_shift': -0.069, 'P_amp': 0.086, 'T_amp': 0.372}
[2026-08-20 17:23:54] [INFO] 12项特征提取完成：{'HR': 61.12, 'RR_mean': 981.74, 'RR_std': 870.45, 'SDNN': 870.45, 'RMSSD': 1108.77, 'PR': 112.24, 'QRS': 12.1, 'QT': 256.68, 'QTc': 303.8, 'ST_shift': -0.069, 'P_amp': 0.086, 'T_amp': 0.372}
[2026-08-20 17:23:54] [INFO] 规则推理完成：risk=低危, score=0.00
[2026-08-20 17:23:54] [INFO] 成功读取MIT-BIH记录：D:/桌面/ECG-Auxiliary-Screening/data/mitbih/mit-bih-arrhythmia-database-1.0.0/201，采样率360Hz
[2026-08-20 17:24:00] [INFO] R峰检测完成，共1742个
[2026-08-20 17:24:00] [INFO] HRV特征计算完成：{'HR': 57.89, 'RR_mean': 1036.51, 'RR_std': 535.26, 'SDNN': 535.26, 'RMSSD': 542.6}
[2026-08-20 17:24:00] [INFO] 波形时间特征计算完成：{'PR': 110.36, 'QRS': 79.01, 'QT': 272.52, 'QTc': 323.8}
[2026-08-20 17:24:00] [INFO] 波形振幅特征计算完成：{'ST_shift': -0.07, 'P_amp': 0.087, 'T_amp': 0.153}
[2026-08-20 17:24:00] [INFO] 12项特征提取完成：{'HR': 57.89, 'RR_mean': 1036.51, 'RR_std': 535.26, 'SDNN': 535.26, 'RMSSD': 542.6, 'PR': 110.36, 'QRS': 79.01, 'QT': 272.52, 'QTc': 323.8, 'ST_shift': -0.07, 'P_amp': 0.087, 'T_amp': 0.153}
[2026-08-20 17:24:00] [INFO] 规则推理完成：risk=低危, score=0.00
[2026-08-20 17:24:00] [INFO] 成功读取MIT-BIH记录：D:/桌面/ECG-Auxiliary-Screening/data/mitbih/mit-bih-arrhythmia-database-1.0.0/202，采样率360Hz
[2026-08-20 17:24:06] [INFO] R峰检测完成，共2036个
[2026-08-20 17:24:06] [INFO] HRV特征计算完成：{'HR': 67.67, 'RR_mean': 886.63, 'RR_std': 424.45, 'SDNN': 424.45, 'RMSSD': 400.09}
[2026-08-20 17:24:06] [INFO] 波形时间特征计算完成：{'PR': 71.87, 'QRS': 70.84, 'QT': 246.07, 'QTc': 231.71}
[2026-08-20 17:24:06] [INFO] 波形振幅特征计算完成：{'ST_shift': -0.125, 'P_amp': 0.455, 'T_amp': 0.179}
[2026-08-20 17:24:06] [INFO] 12项特征提取完成：{'HR': 67.67, 'RR_mean': 886.63, 'RR_std': 424.45, 'SDNN': 424.45, 'RMSSD': 400.09, 'PR': 71.87, 'QRS': 70.84, 'QT': 246.07, 'QTc': 231.71, 'ST_shift': -0.125, 'P_amp': 0.455, 'T_amp': 0.179}
[2026-08-20 17:24:06] [INFO] 规则推理完成：risk=低危, score=0.00
[2026-08-20 17:24:06] [INFO] 成功读取MIT-BIH记录：D:/桌面/ECG-Auxiliary-Screening/data/mitbih/mit-bih-arrhythmia-database-1.0.0/203，采样率360Hz
[2026-08-20 17:24:12] [INFO] R峰检测完成，共201个
[2026-08-20 17:24:12] [INFO] HRV特征计算完成：{'HR': 6.71, 'RR_mean': 8936.06, 'RR_std': 11728.17, 'SDNN': 11728.17, 'RMSSD': 14908.48}
[2026-08-20 17:24:12] [INFO] 波形时间特征计算完成：{'PR': 109.66, 'QRS': 44.61, 'QT': 212.81, 'QTc': 189.72}
[2026-08-20 17:24:12] [INFO] 波形振幅特征计算完成：{'ST_shift': 0.35, 'P_amp': 0.456, 'T_amp': 1.269}
[2026-08-20 17:24:12] [INFO] 12项特征提取完成：{'HR': 6.71, 'RR_mean': 8936.06, 'RR_std': 11728.17, 'SDNN': 11728.17, 'RMSSD': 14908.48, 'PR': 109.66, 'QRS': 44.61, 'QT': 212.81, 'QTc': 189.72, 'ST_shift': 0.35, 'P_amp': 0.456, 'T_amp': 1.269}
[2026-08-20 17:24:12] [INFO] 规则推理完成：risk=中危, score=0.25
[2026-08-20 17:24:12] [INFO] 成功读取MIT-BIH记录：D:/桌面/ECG-Auxiliary-Screening/data/mitbih/mit-bih-arrhythmia-database-1.0.0/205，采样率360Hz
[2026-08-20 17:24:19] [INFO] R峰检测完成，共2627个
[2026-08-20 17:24:19] [INFO] HRV特征计算完成：{'HR': 87.31, 'RR_mean': 687.18, 'RR_std': 150.89, 'SDNN': 150.89, 'RMSSD': 205.32}
[2026-08-20 17:24:19] [INFO] 波形时间特征计算完成：{'PR': 154.86, 'QRS': 66.07, 'QT': 275.87, 'QTc': 337.16}
[2026-08-20 17:24:19] [INFO] 波形振幅特征计算完成：{'ST_shift': -0.05, 'P_amp': 0.034, 'T_amp': 0.1}
[2026-08-20 17:24:19] [INFO] 12项特征提取完成：{'HR': 87.31, 'RR_mean': 687.18, 'RR_std': 150.89, 'SDNN': 150.89, 'RMSSD': 205.32, 'PR': 154.86, 'QRS': 66.07, 'QT': 275.87, 'QTc': 337.16, 'ST_shift': -0.05, 'P_amp': 0.034, 'T_amp': 0.1}
[2026-08-20 17:24:19] [INFO] 规则推理完成：risk=低危, score=0.00
[2026-08-20 17:24:19] [INFO] 成功读取MIT-BIH记录：D:/桌面/ECG-Auxiliary-Screening/data/mitbih/mit-bih-arrhythmia-database-1.0.0/207，采样率360Hz
[2026-08-20 17:24:25] [INFO] R峰检测完成，共83个
[2026-08-20 17:24:25] [INFO] HRV特征计算完成：{'HR': 3.24, 'RR_mean': 18498.95, 'RR_std': 65276.67, 'SDNN': 65276.67, 'RMSSD': 93259.41}
[2026-08-20 17:24:25] [INFO] 波形时间特征计算完成：{'PR': 141.29, 'QRS': 67.9, 'QT': 277.16, 'QTc': 61.34}
[2026-08-20 17:24:25] [INFO] 波形振幅特征计算完成：{'ST_shift': -0.002, 'P_amp': 0.224, 'T_amp': 0.429}
[2026-08-20 17:24:25] [INFO] 12项特征提取完成：{'HR': 3.24, 'RR_mean': 18498.95, 'RR_std': 65276.67, 'SDNN': 65276.67, 'RMSSD': 93259.41, 'PR': 141.29, 'QRS': 67.9, 'QT': 277.16, 'QTc': 61.34, 'ST_shift': -0.002, 'P_amp': 0.224, 'T_amp': 0.429}
[2026-08-20 17:24:25] [INFO] 规则推理完成：risk=中危, score=0.25
[2026-08-20 17:24:26] [INFO] 成功读取MIT-BIH记录：D:/桌面/ECG-Auxiliary-Screening/data/mitbih/mit-bih-arrhythmia-database-1.0.0/208，采样率360Hz
[2026-08-20 17:24:32] [INFO] R峰检测完成，共1578个
[2026-08-20 17:24:32] [INFO] HRV特征计算完成：{'HR': 52.41, 'RR_mean': 1144.73, 'RR_std': 818.44, 'SDNN': 818.44, 'RMSSD': 1084.25}
[2026-08-20 17:24:32] [INFO] 波形时间特征计算完成：{'PR': 141.33, 'QRS': 59.24, 'QT': 277.97, 'QTc': 252.88}
[2026-08-20 17:24:32] [INFO] 波形振幅特征计算完成：{'ST_shift': -0.156, 'P_amp': 0.15, 'T_amp': 0.276}
[2026-08-20 17:24:32] [INFO] 12项特征提取完成：{'HR': 52.41, 'RR_mean': 1144.73, 'RR_std': 818.44, 'SDNN': 818.44, 'RMSSD': 1084.25, 'PR': 141.33, 'QRS': 59.24, 'QT': 277.97, 'QTc': 252.88, 'ST_shift': -0.156, 'P_amp': 0.15, 'T_amp': 0.276}
[2026-08-20 17:24:32] [INFO] 规则推理完成：risk=低危, score=0.10
[2026-08-20 17:24:32] [INFO] 成功读取MIT-BIH记录：D:/桌面/ECG-Auxiliary-Screening/data/mitbih/mit-bih-arrhythmia-database-1.0.0/209，采样率360Hz
[2026-08-20 17:24:38] [INFO] R峰检测完成，共2995个
[2026-08-20 17:24:38] [INFO] HRV特征计算完成：{'HR': 99.54, 'RR_mean': 602.75, 'RR_std': 90.18, 'SDNN': 90.18, 'RMSSD': 81.18}
[2026-08-20 17:24:38] [INFO] 波形时间特征计算完成：{'PR': 183.17, 'QRS': 5.65, 'QT': 210.21, 'QTc': 259.63}
[2026-08-20 17:24:38] [INFO] 波形振幅特征计算完成：{'ST_shift': -0.075, 'P_amp': 0.039, 'T_amp': 0.273}
[2026-08-20 17:24:38] [INFO] 12项特征提取完成：{'HR': 99.54, 'RR_mean': 602.75, 'RR_std': 90.18, 'SDNN': 90.18, 'RMSSD': 81.18, 'PR': 183.17, 'QRS': 5.65, 'QT': 210.21, 'QTc': 259.63, 'ST_shift': -0.075, 'P_amp': 0.039, 'T_amp': 0.273}
[2026-08-20 17:24:38] [INFO] 规则推理完成：risk=低危, score=0.10
[2026-08-20 17:24:38] [INFO] 成功读取MIT-BIH记录：D:/桌面/ECG-Auxiliary-Screening/data/mitbih/mit-bih-arrhythmia-database-1.0.0/210，采样率360Hz
[2026-08-20 17:24:44] [INFO] 成功读取MIT-BIH记录：D:/桌面/ECG-Auxiliary-Screening/data/mitbih/mit-bih-arrhythmia-database-1.0.0/212，采样率360Hz
[2026-08-20 17:24:51] [INFO] R峰检测完成，共2735个
[2026-08-20 17:24:51] [INFO] HRV特征计算完成：{'HR': 90.89, 'RR_mean': 660.13, 'RR_std': 156.58, 'SDNN': 156.58, 'RMSSD': 215.38}
[2026-08-20 17:24:51] [INFO] 波形时间特征计算完成：{'PR': 160.38, 'QRS': 48.72, 'QT': 220.38, 'QTc': 271.61}
[2026-08-20 17:24:51] [INFO] 波形振幅特征计算完成：{'ST_shift': -0.053, 'P_amp': 0.139, 'T_amp': 0.362}
[2026-08-20 17:24:51] [INFO] 12项特征提取完成：{'HR': 90.89, 'RR_mean': 660.13, 'RR_std': 156.58, 'SDNN': 156.58, 'RMSSD': 215.38, 'PR': 160.38, 'QRS': 48.72, 'QT': 220.38, 'QTc': 271.61, 'ST_shift': -0.053, 'P_amp': 0.139, 'T_amp': 0.362}
[2026-08-20 17:24:51] [INFO] 规则推理完成：risk=低危, score=0.10
[2026-08-20 17:24:51] [INFO] 成功读取MIT-BIH记录：D:/桌面/ECG-Auxiliary-Screening/data/mitbih/mit-bih-arrhythmia-database-1.0.0/213，采样率360Hz
[2026-08-20 17:24:57] [INFO] R峰检测完成，共3226个
[2026-08-20 17:24:57] [INFO] HRV特征计算完成：{'HR': 107.19, 'RR_mean': 559.77, 'RR_std': 73.0, 'SDNN': 73.0, 'RMSSD': 98.53}
[2026-08-20 17:24:57] [INFO] 波形时间特征计算完成：{'PR': 137.14, 'QRS': 30.27, 'QT': 214.64, 'QTc': 323.99}
[2026-08-20 17:24:57] [INFO] 波形振幅特征计算完成：{'ST_shift': -0.609, 'P_amp': 0.36, 'T_amp': 0.52}
[2026-08-20 17:24:57] [INFO] 12项特征提取完成：{'HR': 107.19, 'RR_mean': 559.77, 'RR_std': 73.0, 'SDNN': 73.0, 'RMSSD': 98.53, 'PR': 137.14, 'QRS': 30.27, 'QT': 214.64, 'QTc': 323.99, 'ST_shift': -0.609, 'P_amp': 0.36, 'T_amp': 0.52}
[2026-08-20 17:24:57] [INFO] 规则推理完成：risk=中危, score=0.25
[2026-08-20 17:24:57] [INFO] 成功读取MIT-BIH记录：D:/桌面/ECG-Auxiliary-Screening/data/mitbih/mit-bih-arrhythmia-database-1.0.0/214，采样率360Hz
[2026-08-20 17:25:04] [INFO] R峰检测完成，共2002个
[2026-08-20 17:25:04] [INFO] HRV特征计算完成：{'HR': 66.51, 'RR_mean': 902.09, 'RR_std': 615.89, 'SDNN': 615.89, 'RMSSD': 826.61}
[2026-08-20 17:25:04] [INFO] 波形时间特征计算完成：{'PR': 70.89, 'QRS': 89.21, 'QT': 193.79, 'QTc': 217.43}
[2026-08-20 17:25:04] [INFO] 波形振幅特征计算完成：{'ST_shift': -0.279, 'P_amp': 1.331, 'T_amp': 0.129}
[2026-08-20 17:25:04] [INFO] 12项特征提取完成：{'HR': 66.51, 'RR_mean': 902.09, 'RR_std': 615.89, 'SDNN': 615.89, 'RMSSD': 826.61, 'PR': 70.89, 'QRS': 89.21, 'QT': 193.79, 'QTc': 217.43, 'ST_shift': -0.279, 'P_amp': 1.331, 'T_amp': 0.129}
[2026-08-20 17:25:04] [INFO] 规则推理完成：risk=低危, score=0.00
[2026-08-20 17:25:04] [INFO] 成功读取MIT-BIH记录：D:/桌面/ECG-Auxiliary-Screening/data/mitbih/mit-bih-arrhythmia-database-1.0.0/215，采样率360Hz
[2026-08-20 17:25:10] [INFO] R峰检测完成，共1206个
[2026-08-20 17:25:10] [INFO] HRV特征计算完成：{'HR': 40.42, 'RR_mean': 1484.6, 'RR_std': 1981.2, 'SDNN': 1981.2, 'RMSSD': 2566.91}
[2026-08-20 17:25:10] [INFO] 波形时间特征计算完成：{'PR': 118.69, 'QRS': 27.13, 'QT': 183.64, 'QTc': 248.24}
[2026-08-20 17:25:10] [INFO] 波形振幅特征计算完成：{'ST_shift': 0.111, 'P_amp': 0.292, 'T_amp': 0.369}
[2026-08-20 17:25:10] [INFO] 12项特征提取完成：{'HR': 40.42, 'RR_mean': 1484.6, 'RR_std': 1981.2, 'SDNN': 1981.2, 'RMSSD': 2566.91, 'PR': 118.69, 'QRS': 27.13, 'QT': 183.64, 'QTc': 248.24, 'ST_shift': 0.111, 'P_amp': 0.292, 'T_amp': 0.369}
[2026-08-20 17:25:10] [INFO] 规则推理完成：risk=中危, score=0.25
[2026-08-20 17:25:10] [INFO] 成功读取MIT-BIH记录：D:/桌面/ECG-Auxiliary-Screening/data/mitbih/mit-bih-arrhythmia-database-1.0.0/217，采样率360Hz
[2026-08-20 17:25:16] [INFO] R峰检测完成，共2098个
[2026-08-20 17:25:16] [INFO] HRV特征计算完成：{'HR': 69.73, 'RR_mean': 860.4, 'RR_std': 248.12, 'SDNN': 248.12, 'RMSSD': 338.91}
[2026-08-20 17:25:16] [INFO] 波形时间特征计算完成：{'PR': 83.1, 'QRS': 18.84, 'QT': 268.7, 'QTc': 294.83}
[2026-08-20 17:25:16] [INFO] 波形振幅特征计算完成：{'ST_shift': -0.021, 'P_amp': 1.021, 'T_amp': 0.724}
[2026-08-20 17:25:16] [INFO] 12项特征提取完成：{'HR': 69.73, 'RR_mean': 860.4, 'RR_std': 248.12, 'SDNN': 248.12, 'RMSSD': 338.91, 'PR': 83.1, 'QRS': 18.84, 'QT': 268.7, 'QTc': 294.83, 'ST_shift': -0.021, 'P_amp': 1.021, 'T_amp': 0.724}
[2026-08-20 17:25:16] [INFO] 规则推理完成：risk=低危, score=0.00
[2026-08-20 17:25:16] [INFO] 成功读取MIT-BIH记录：D:/桌面/ECG-Auxiliary-Screening/data/mitbih/mit-bih-arrhythmia-database-1.0.0/219，采样率360Hz
[2026-08-20 17:25:22] [INFO] R峰检测完成，共2119个
[2026-08-20 17:25:22] [INFO] HRV特征计算完成：{'HR': 70.44, 'RR_mean': 851.74, 'RR_std': 259.79, 'SDNN': 259.79, 'RMSSD': 337.86}
[2026-08-20 17:25:22] [INFO] 波形时间特征计算完成：{'PR': 127.8, 'QRS': 60.21, 'QT': 290.12, 'QTc': 310.64}
[2026-08-20 17:25:23] [INFO] 波形振幅特征计算完成：{'ST_shift': -0.154, 'P_amp': 0.137, 'T_amp': -0.0}
[2026-08-20 17:25:23] [INFO] 12项特征提取完成：{'HR': 70.44, 'RR_mean': 851.74, 'RR_std': 259.79, 'SDNN': 259.79, 'RMSSD': 337.86, 'PR': 127.8, 'QRS': 60.21, 'QT': 290.12, 'QTc': 310.64, 'ST_shift': -0.154, 'P_amp': 0.137, 'T_amp': -0.0}
[2026-08-20 17:25:23] [INFO] 规则推理完成：risk=低危, score=0.00
[2026-08-20 17:25:23] [INFO] 成功读取MIT-BIH记录：D:/桌面/ECG-Auxiliary-Screening/data/mitbih/mit-bih-arrhythmia-database-1.0.0/220，采样率360Hz
[2026-08-20 17:25:29] [INFO] R峰检测完成，共2041个
[2026-08-20 17:25:29] [INFO] HRV特征计算完成：{'HR': 67.8, 'RR_mean': 884.94, 'RR_std': 137.69, 'SDNN': 137.69, 'RMSSD': 177.27}
[2026-08-20 17:25:29] [INFO] 波形时间特征计算完成：{'PR': 120.96, 'QRS': 7.99, 'QT': 277.93, 'QTc': 301.95}
[2026-08-20 17:25:29] [INFO] 波形振幅特征计算完成：{'ST_shift': -0.12, 'P_amp': 0.028, 'T_amp': 0.244}
[2026-08-20 17:25:29] [INFO] 12项特征提取完成：{'HR': 67.8, 'RR_mean': 884.94, 'RR_std': 137.69, 'SDNN': 137.69, 'RMSSD': 177.27, 'PR': 120.96, 'QRS': 7.99, 'QT': 277.93, 'QTc': 301.95, 'ST_shift': -0.12, 'P_amp': 0.028, 'T_amp': 0.244}
[2026-08-20 17:25:29] [INFO] 规则推理完成：risk=低危, score=0.00
[2026-08-20 17:25:29] [INFO] 成功读取MIT-BIH记录：D:/桌面/ECG-Auxiliary-Screening/data/mitbih/mit-bih-arrhythmia-database-1.0.0/221，采样率360Hz
[2026-08-20 17:25:35] [INFO] R峰检测完成，共2016个
[2026-08-20 17:25:35] [INFO] HRV特征计算完成：{'HR': 67.0, 'RR_mean': 895.49, 'RR_std': 380.29, 'SDNN': 380.29, 'RMSSD': 557.66}
[2026-08-20 17:25:35] [INFO] 波形时间特征计算完成：{'PR': 79.12, 'QRS': 55.14, 'QT': 286.56, 'QTc': 364.09}
[2026-08-20 17:25:35] [INFO] 波形振幅特征计算完成：{'ST_shift': -0.154, 'P_amp': 0.013, 'T_amp': 0.09}
[2026-08-20 17:25:35] [INFO] 12项特征提取完成：{'HR': 67.0, 'RR_mean': 895.49, 'RR_std': 380.29, 'SDNN': 380.29, 'RMSSD': 557.66, 'PR': 79.12, 'QRS': 55.14, 'QT': 286.56, 'QTc': 364.09, 'ST_shift': -0.154, 'P_amp': 0.013, 'T_amp': 0.09}
[2026-08-20 17:25:35] [INFO] 规则推理完成：risk=低危, score=0.00
[2026-08-20 17:25:35] [INFO] 成功读取MIT-BIH记录：D:/桌面/ECG-Auxiliary-Screening/data/mitbih/mit-bih-arrhythmia-database-1.0.0/222，采样率360Hz
[2026-08-20 17:25:41] [INFO] R峰检测完成，共1515个
[2026-08-20 17:25:41] [INFO] HRV特征计算完成：{'HR': 50.33, 'RR_mean': 1192.16, 'RR_std': 3504.69, 'SDNN': 3504.69, 'RMSSD': 4691.92}
[2026-08-20 17:25:41] [INFO] 波形时间特征计算完成：{'PR': 130.75, 'QRS': 55.03, 'QT': 194.94, 'QTc': 221.43}
[2026-08-20 17:25:41] [INFO] 波形振幅特征计算完成：{'ST_shift': 0.006, 'P_amp': 0.117, 'T_amp': 0.08}
[2026-08-20 17:25:41] [INFO] 12项特征提取完成：{'HR': 50.33, 'RR_mean': 1192.16, 'RR_std': 3504.69, 'SDNN': 3504.69, 'RMSSD': 4691.92, 'PR': 130.75, 'QRS': 55.03, 'QT': 194.94, 'QTc': 221.43, 'ST_shift': 0.006, 'P_amp': 0.117, 'T_amp': 0.08}
[2026-08-20 17:25:41] [INFO] 规则推理完成：risk=低危, score=0.10
[2026-08-20 17:25:41] [INFO] 成功读取MIT-BIH记录：D:/桌面/ECG-Auxiliary-Screening/data/mitbih/mit-bih-arrhythmia-database-1.0.0/223，采样率360Hz
[2026-08-20 17:25:47] [INFO] R峰检测完成，共1964个
[2026-08-20 17:25:47] [INFO] HRV特征计算完成：{'HR': 65.27, 'RR_mean': 919.29, 'RR_std': 4758.99, 'SDNN': 4758.99, 'RMSSD': 6655.02}
[2026-08-20 17:25:47] [INFO] 波形时间特征计算完成：{'PR': 65.04, 'QRS': 18.53, 'QT': 299.35, 'QTc': 341.27}
[2026-08-20 17:25:48] [INFO] 波形振幅特征计算完成：{'ST_shift': -0.22, 'P_amp': 0.199, 'T_amp': 0.006}
[2026-08-20 17:25:48] [INFO] 12项特征提取完成：{'HR': 65.27, 'RR_mean': 919.29, 'RR_std': 4758.99, 'SDNN': 4758.99, 'RMSSD': 6655.02, 'PR': 65.04, 'QRS': 18.53, 'QT': 299.35, 'QTc': 341.27, 'ST_shift': -0.22, 'P_amp': 0.199, 'T_amp': 0.006}
[2026-08-20 17:25:48] [INFO] 规则推理完成：risk=低危, score=0.00
[2026-08-20 17:25:48] [INFO] 成功读取MIT-BIH记录：D:/桌面/ECG-Auxiliary-Screening/data/mitbih/mit-bih-arrhythmia-database-1.0.0/228，采样率360Hz
[2026-08-20 17:25:54] [INFO] R峰检测完成，共288个
[2026-08-20 17:25:54] [INFO] HRV特征计算完成：{'HR': 9.64, 'RR_mean': 6223.69, 'RR_std': 16174.26, 'SDNN': 16174.26, 'RMSSD': 22474.43}
[2026-08-20 17:25:54] [INFO] 波形时间特征计算完成：{'PR': 70.66, 'QRS': 66.5, 'QT': 359.2, 'QTc': 297.73}
[2026-08-20 17:25:54] [INFO] 波形振幅特征计算完成：{'ST_shift': -0.524, 'P_amp': 1.253, 'T_amp': -0.011}
[2026-08-20 17:25:54] [INFO] 12项特征提取完成：{'HR': 9.64, 'RR_mean': 6223.69, 'RR_std': 16174.26, 'SDNN': 16174.26, 'RMSSD': 22474.43, 'PR': 70.66, 'QRS': 66.5, 'QT': 359.2, 'QTc': 297.73, 'ST_shift': -0.524, 'P_amp': 1.253, 'T_amp': -0.011}
[2026-08-20 17:25:54] [INFO] 规则推理完成：risk=中危, score=0.25
[2026-08-20 17:25:54] [INFO] 成功读取MIT-BIH记录：D:/桌面/ECG-Auxiliary-Screening/data/mitbih/mit-bih-arrhythmia-database-1.0.0/230，采样率360Hz
[2026-08-20 17:26:00] [INFO] R峰检测完成，共2224个
[2026-08-20 17:26:00] [INFO] HRV特征计算完成：{'HR': 73.9, 'RR_mean': 811.89, 'RR_std': 148.6, 'SDNN': 148.6, 'RMSSD': 162.25}
[2026-08-20 17:26:01] [INFO] 波形时间特征计算完成：{'PR': 131.2, 'QRS': 6.23, 'QT': 221.24, 'QTc': 253.59}
[2026-08-20 17:26:01] [INFO] 波形振幅特征计算完成：{'ST_shift': -0.044, 'P_amp': 0.071, 'T_amp': 0.258}
[2026-08-20 17:26:01] [INFO] 12项特征提取完成：{'HR': 73.9, 'RR_mean': 811.89, 'RR_std': 148.6, 'SDNN': 148.6, 'RMSSD': 162.25, 'PR': 131.2, 'QRS': 6.23, 'QT': 221.24, 'QTc': 253.59, 'ST_shift': -0.044, 'P_amp': 0.071, 'T_amp': 0.258}
[2026-08-20 17:26:01] [INFO] 规则推理完成：risk=低危, score=0.00
[2026-08-20 17:26:01] [INFO] 成功读取MIT-BIH记录：D:/桌面/ECG-Auxiliary-Screening/data/mitbih/mit-bih-arrhythmia-database-1.0.0/231，采样率360Hz
[2026-08-20 17:26:07] [INFO] R峰检测完成，共1566个
[2026-08-20 17:26:07] [INFO] HRV特征计算完成：{'HR': 52.03, 'RR_mean': 1153.15, 'RR_std': 341.39, 'SDNN': 341.39, 'RMSSD': 208.88}
[2026-08-20 17:26:07] [INFO] 波形时间特征计算完成：{'PR': 153.11, 'QRS': 71.92, 'QT': 31.75, 'QTc': 32.29}
[2026-08-20 17:26:07] [INFO] 波形振幅特征计算完成：{'ST_shift': -0.222, 'P_amp': 0.104, 'T_amp': 0.327}
[2026-08-20 17:26:07] [INFO] 12项特征提取完成：{'HR': 52.03, 'RR_mean': 1153.15, 'RR_std': 341.39, 'SDNN': 341.39, 'RMSSD': 208.88, 'PR': 153.11, 'QRS': 71.92, 'QT': 31.75, 'QTc': 32.29, 'ST_shift': -0.222, 'P_amp': 0.104, 'T_amp': 0.327}
[2026-08-20 17:26:07] [INFO] 规则推理完成：risk=低危, score=0.10
[2026-08-20 17:26:07] [INFO] 成功读取MIT-BIH记录：D:/桌面/ECG-Auxiliary-Screening/data/mitbih/mit-bih-arrhythmia-database-1.0.0/232，采样率360Hz
[2026-08-20 17:26:13] [INFO] R峰检测完成，共1589个
[2026-08-20 17:26:13] [INFO] HRV特征计算完成：{'HR': 52.88, 'RR_mean': 1134.62, 'RR_std': 967.36, 'SDNN': 967.36, 'RMSSD': 1337.28}
[2026-08-20 17:26:13] [INFO] 波形时间特征计算完成：{'PR': 133.66, 'QRS': 7.7, 'QT': 274.93, 'QTc': 321.04}
[2026-08-20 17:26:14] [INFO] 波形振幅特征计算完成：{'ST_shift': -0.063, 'P_amp': 0.013, 'T_amp': 0.269}
[2026-08-20 17:26:14] [INFO] 12项特征提取完成：{'HR': 52.88, 'RR_mean': 1134.62, 'RR_std': 967.36, 'SDNN': 967.36, 'RMSSD': 1337.28, 'PR': 133.66, 'QRS': 7.7, 'QT': 274.93, 'QTc': 321.04, 'ST_shift': -0.063, 'P_amp': 0.013, 'T_amp': 0.269}
[2026-08-20 17:26:14] [INFO] 规则推理完成：risk=低危, score=0.10
[2026-08-20 17:26:14] [INFO] 成功读取MIT-BIH记录：D:/桌面/ECG-Auxiliary-Screening/data/mitbih/mit-bih-arrhythmia-database-1.0.0/233，采样率360Hz
[2026-08-20 17:26:20] [INFO] R峰检测完成，共3023个
[2026-08-20 17:26:20] [INFO] HRV特征计算完成：{'HR': 100.43, 'RR_mean': 597.41, 'RR_std': 239.39, 'SDNN': 239.39, 'RMSSD': 368.88}
[2026-08-20 17:26:20] [INFO] 波形时间特征计算完成：{'PR': 81.34, 'QRS': 68.96, 'QT': 349.94, 'QTc': 386.57}
[2026-08-20 17:26:20] [INFO] 波形振幅特征计算完成：{'ST_shift': -0.179, 'P_amp': 0.405, 'T_amp': 0.346}
[2026-08-20 17:26:20] [INFO] 12项特征提取完成：{'HR': 100.43, 'RR_mean': 597.41, 'RR_std': 239.39, 'SDNN': 239.39, 'RMSSD': 368.88, 'PR': 81.34, 'QRS': 68.96, 'QT': 349.94, 'QTc': 386.57, 'ST_shift': -0.179, 'P_amp': 0.405, 'T_amp': 0.346}
[2026-08-20 17:26:20] [INFO] 规则推理完成：risk=中危, score=0.25
[2026-08-20 17:26:20] [INFO] 成功读取MIT-BIH记录：D:/桌面/ECG-Auxiliary-Screening/data/mitbih/mit-bih-arrhythmia-database-1.0.0/234，采样率360Hz
[2026-08-20 17:26:26] [INFO] R峰检测完成，共2739个
[2026-08-20 17:26:26] [INFO] HRV特征计算完成：{'HR': 91.04, 'RR_mean': 659.08, 'RR_std': 130.73, 'SDNN': 130.73, 'RMSSD': 182.0}
[2026-08-20 17:26:26] [INFO] 波形时间特征计算完成：{'PR': 136.1, 'QRS': 99.31, 'QT': 113.44, 'QTc': 138.36}
[2026-08-20 17:26:26] [INFO] 波形振幅特征计算完成：{'ST_shift': -0.182, 'P_amp': 0.15, 'T_amp': 0.006}
[2026-08-20 17:26:26] [INFO] 12项特征提取完成：{'HR': 91.04, 'RR_mean': 659.08, 'RR_std': 130.73, 'SDNN': 130.73, 'RMSSD': 182.0, 'PR': 136.1, 'QRS': 99.31, 'QT': 113.44, 'QTc': 138.36, 'ST_shift': -0.182, 'P_amp': 0.15, 'T_amp': 0.006}
[2026-08-20 17:26:26] [INFO] 规则推理完成：risk=低危, score=0.10
[2026-08-20 17:26:32] [INFO] XGBoost模型加载成功
[2026-08-20 17:26:32] [ERROR] SHAP解释失败：only 0-dimensional arrays can be converted to Python scalars
[2026-08-20 17:33:53] [INFO] XGBoost模型加载成功
[2026-08-20 17:33:53] [ERROR] SHAP解释失败：only 0-dimensional arrays can be converted to Python scalars
[2026-08-20 17:34:58] [INFO] XGBoost模型加载成功
[2026-08-20 17:34:58] [INFO] SHAP解释计算完成
[2026-08-20 17:43:18] [INFO] 成功读取MIT-BIH记录：D:/桌面/ECG-Auxiliary-Screening/data/mitbih/mit-bih-arrhythmia-database-1.0.0/100，采样率360Hz
[2026-08-20 17:43:25] [INFO] R峰检测完成，共2272个
[2026-08-20 17:43:25] [INFO] 心拍切分完成，共2270个
[2026-08-20 17:43:25] [INFO] 100 完成，共2270个心拍
[2026-08-20 17:43:25] [INFO] CNN数据集构建完成，共2270个心拍
[2026-08-20 17:44:52] [INFO] CNN训练完成，测试准确率：1.0000
[2026-08-20 17:59:14] [INFO] 成功读取MIT-BIH记录：D:/桌面/ECG-Auxiliary-Screening/data/mitbih/mit-bih-arrhythmia-database-1.0.0/100，采样率360Hz
[2026-08-20 17:59:20] [INFO] R峰检测完成，共2272个
[2026-08-20 17:59:20] [INFO] 心拍切分完成，共2270个
[2026-08-20 17:59:21] [INFO] 100 完成，共2270个心拍，异常34个
[2026-08-20 17:59:21] [INFO] 成功读取MIT-BIH记录：D:/桌面/ECG-Auxiliary-Screening/data/mitbih/mit-bih-arrhythmia-database-1.0.0/106，采样率360Hz
[2026-08-20 17:59:27] [INFO] R峰检测完成，共1139个
[2026-08-20 17:59:27] [INFO] 心拍切分完成，共1139个
[2026-08-20 17:59:27] [INFO] 106 完成，共1139个心拍，异常144个
[2026-08-20 17:59:27] [INFO] 成功读取MIT-BIH记录：D:/桌面/ECG-Auxiliary-Screening/data/mitbih/mit-bih-arrhythmia-database-1.0.0/108，采样率360Hz
[2026-08-20 17:59:33] [INFO] R峰检测完成，共794个
[2026-08-20 17:59:33] [INFO] 心拍切分完成，共794个
[2026-08-20 17:59:34] [INFO] 108 完成，共794个心拍，异常16个
[2026-08-20 17:59:34] [INFO] 成功读取MIT-BIH记录：D:/桌面/ECG-Auxiliary-Screening/data/mitbih/mit-bih-arrhythmia-database-1.0.0/109，采样率360Hz
[2026-08-20 17:59:40] [INFO] R峰检测完成，共660个
[2026-08-20 17:59:40] [INFO] 心拍切分完成，共659个
[2026-08-20 17:59:40] [INFO] 109 完成，共659个心拍，异常9个
[2026-08-20 17:59:40] [INFO] 成功读取MIT-BIH记录：D:/桌面/ECG-Auxiliary-Screening/data/mitbih/mit-bih-arrhythmia-database-1.0.0/111，采样率360Hz
[2026-08-20 17:59:46] [INFO] R峰检测完成，共1509个
[2026-08-20 17:59:46] [INFO] 心拍切分完成，共1509个
[2026-08-20 17:59:46] [INFO] 111 完成，共1509个心拍，异常1个
[2026-08-20 17:59:46] [INFO] 成功读取MIT-BIH记录：D:/桌面/ECG-Auxiliary-Screening/data/mitbih/mit-bih-arrhythmia-database-1.0.0/116，采样率360Hz
[2026-08-20 17:59:52] [INFO] R峰检测完成，共1925个
[2026-08-20 17:59:52] [INFO] 心拍切分完成，共1924个
[2026-08-20 17:59:52] [INFO] 116 完成，共1924个心拍，异常101个
[2026-08-20 17:59:52] [INFO] 成功读取MIT-BIH记录：D:/桌面/ECG-Auxiliary-Screening/data/mitbih/mit-bih-arrhythmia-database-1.0.0/119，采样率360Hz
[2026-08-20 17:59:58] [INFO] R峰检测完成，共1987个
[2026-08-20 17:59:58] [INFO] 心拍切分完成，共1987个
[2026-08-20 17:59:58] [INFO] 119 完成，共1987个心拍，异常444个
[2026-08-20 17:59:58] [INFO] 成功读取MIT-BIH记录：D:/桌面/ECG-Auxiliary-Screening/data/mitbih/mit-bih-arrhythmia-database-1.0.0/200，采样率360Hz
[2026-08-20 18:00:04] [INFO] R峰检测完成，共1833个
[2026-08-20 18:00:04] [INFO] 心拍切分完成，共1833个
[2026-08-20 18:00:04] [INFO] 200 完成，共1833个心拍，异常803个
[2026-08-20 18:00:04] [INFO] 成功读取MIT-BIH记录：D:/桌面/ECG-Auxiliary-Screening/data/mitbih/mit-bih-arrhythmia-database-1.0.0/201，采样率360Hz
[2026-08-20 18:00:10] [INFO] R峰检测完成，共1742个
[2026-08-20 18:00:10] [INFO] 心拍切分完成，共1742个
[2026-08-20 18:00:10] [INFO] 201 完成，共1742个心拍，异常110个
[2026-08-20 18:00:10] [INFO] 成功读取MIT-BIH记录：D:/桌面/ECG-Auxiliary-Screening/data/mitbih/mit-bih-arrhythmia-database-1.0.0/203，采样率360Hz
[2026-08-20 18:00:17] [INFO] R峰检测完成，共201个
[2026-08-20 18:00:17] [INFO] 心拍切分完成，共201个
[2026-08-20 18:00:17] [INFO] 203 完成，共201个心拍，异常151个
[2026-08-20 18:00:17] [INFO] 成功读取MIT-BIH记录：D:/桌面/ECG-Auxiliary-Screening/data/mitbih/mit-bih-arrhythmia-database-1.0.0/207，采样率360Hz
[2026-08-20 18:00:23] [INFO] R峰检测完成，共83个
[2026-08-20 18:00:23] [INFO] 心拍切分完成，共83个
[2026-08-20 18:00:23] [INFO] 207 完成，共83个心拍，异常19个
[2026-08-20 18:00:23] [INFO] 成功读取MIT-BIH记录：D:/桌面/ECG-Auxiliary-Screening/data/mitbih/mit-bih-arrhythmia-database-1.0.0/208，采样率360Hz
[2026-08-20 18:00:29] [INFO] R峰检测完成，共1578个
[2026-08-20 18:00:29] [INFO] 心拍切分完成，共1576个
[2026-08-20 18:00:29] [INFO] 208 完成，共1576个心拍，异常321个
[2026-08-20 18:00:29] [INFO] 成功读取MIT-BIH记录：D:/桌面/ECG-Auxiliary-Screening/data/mitbih/mit-bih-arrhythmia-database-1.0.0/210，采样率360Hz
[2026-08-20 18:00:35] [WARNING] 210 R峰检测失败，跳过
[2026-08-20 18:00:35] [INFO] 成功读取MIT-BIH记录：D:/桌面/ECG-Auxiliary-Screening/data/mitbih/mit-bih-arrhythmia-database-1.0.0/213，采样率360Hz
[2026-08-20 18:00:41] [INFO] R峰检测完成，共3226个
[2026-08-20 18:00:41] [INFO] 心拍切分完成，共3225个
[2026-08-20 18:00:41] [INFO] 213 完成，共3225个心拍，异常594个
[2026-08-20 18:00:41] [INFO] 成功读取MIT-BIH记录：D:/桌面/ECG-Auxiliary-Screening/data/mitbih/mit-bih-arrhythmia-database-1.0.0/214，采样率360Hz
[2026-08-20 18:00:47] [INFO] R峰检测完成，共2002个
[2026-08-20 18:00:47] [INFO] 心拍切分完成，共2000个
[2026-08-20 18:00:47] [INFO] 214 完成，共2000个心拍，异常181个
[2026-08-20 18:00:47] [INFO] 成功读取MIT-BIH记录：D:/桌面/ECG-Auxiliary-Screening/data/mitbih/mit-bih-arrhythmia-database-1.0.0/215，采样率360Hz
[2026-08-20 18:00:53] [INFO] R峰检测完成，共1206个
[2026-08-20 18:00:53] [INFO] 心拍切分完成，共1206个
[2026-08-20 18:00:53] [INFO] 215 完成，共1206个心拍，异常138个
[2026-08-20 18:00:54] [INFO] 成功读取MIT-BIH记录：D:/桌面/ECG-Auxiliary-Screening/data/mitbih/mit-bih-arrhythmia-database-1.0.0/219，采样率360Hz
[2026-08-20 18:00:59] [INFO] R峰检测完成，共2119个
[2026-08-20 18:00:59] [INFO] 心拍切分完成，共2119个
[2026-08-20 18:00:59] [INFO] 219 完成，共2119个心拍，异常59个
[2026-08-20 18:01:00] [INFO] 成功读取MIT-BIH记录：D:/桌面/ECG-Auxiliary-Screening/data/mitbih/mit-bih-arrhythmia-database-1.0.0/221，采样率360Hz
[2026-08-20 18:01:06] [INFO] R峰检测完成，共2016个
[2026-08-20 18:01:06] [INFO] 心拍切分完成，共2016个
[2026-08-20 18:01:06] [INFO] 221 完成，共2016个心拍，异常28个
[2026-08-20 18:01:06] [INFO] 成功读取MIT-BIH记录：D:/桌面/ECG-Auxiliary-Screening/data/mitbih/mit-bih-arrhythmia-database-1.0.0/222，采样率360Hz
[2026-08-20 18:01:12] [INFO] R峰检测完成，共1515个
[2026-08-20 18:01:12] [INFO] 心拍切分完成，共1513个
[2026-08-20 18:01:12] [INFO] 222 完成，共1513个心拍，异常153个
[2026-08-20 18:01:12] [INFO] 成功读取MIT-BIH记录：D:/桌面/ECG-Auxiliary-Screening/data/mitbih/mit-bih-arrhythmia-database-1.0.0/223，采样率360Hz
[2026-08-20 18:01:18] [INFO] R峰检测完成，共1964个
[2026-08-20 18:01:18] [INFO] 心拍切分完成，共1963个
[2026-08-20 18:01:18] [INFO] 223 完成，共1963个心拍，异常151个
[2026-08-20 18:01:18] [INFO] 真实CNN数据集构建完成，共29759个心拍，异常3457个
[2026-08-20 18:11:25] [INFO] CNN训练完成，测试准确率：0.9800
[2026-08-20 22:30:05] [INFO] 成功读取MIT-BIH记录：D:/桌面/ECG-Auxiliary-Screening/data/mitbih/mit-bih-arrhythmia-database-1.0.0/100，采样率360Hz
[2026-08-20 22:32:00] [INFO] 成功读取MIT-BIH记录：D:/桌面/ECG-Auxiliary-Screening/data/mitbih/mit-bih-arrhythmia-database-1.0.0/100，采样率360Hz
[2026-08-20 22:32:00] [INFO] 成功读取MIT-BIH记录：D:/桌面/ECG-Auxiliary-Screening/data/mitbih/mit-bih-arrhythmia-database-1.0.0/106，采样率360Hz
[2026-08-20 22:32:00] [INFO] 成功读取MIT-BIH记录：D:/桌面/ECG-Auxiliary-Screening/data/mitbih/mit-bih-arrhythmia-database-1.0.0/108，采样率360Hz
[2026-08-20 22:32:00] [INFO] 成功读取MIT-BIH记录：D:/桌面/ECG-Auxiliary-Screening/data/mitbih/mit-bih-arrhythmia-database-1.0.0/109，采样率360Hz
[2026-08-20 22:32:00] [INFO] 成功读取MIT-BIH记录：D:/桌面/ECG-Auxiliary-Screening/data/mitbih/mit-bih-arrhythmia-database-1.0.0/203，采样率360Hz
[2026-08-20 22:33:20] [INFO] 成功读取CSV：uploads/100_30s.csv，采样率360.00Hz，点数10800
[2026-08-20 22:33:21] [INFO] R峰检测完成，共37个
[2026-08-20 22:33:21] [INFO] HRV特征计算完成：{'HR': 74.01, 'RR_mean': 810.65, 'RR_std': 47.28, 'SDNN': 47.28, 'RMSSD': 74.87}
[2026-08-20 22:33:21] [INFO] 波形时间特征计算完成：{'PR': 166.75, 'QRS': 50.48, 'QT': 27.78, 'QTc': 31.22}
[2026-08-20 22:33:21] [INFO] 波形振幅特征计算完成：{'ST_shift': -0.074, 'P_amp': 0.098, 'T_amp': 0.03}
[2026-08-20 22:33:21] [INFO] 12项特征提取完成：{'HR': 74.01, 'RR_mean': 810.65, 'RR_std': 47.28, 'SDNN': 47.28, 'RMSSD': 74.87, 'PR': 166.75, 'QRS': 50.48, 'QT': 27.78, 'QTc': 31.22, 'ST_shift': -0.074, 'P_amp': 0.098, 'T_amp': 0.03}
[2026-08-20 22:33:21] [INFO] XGBoost模型加载成功
[2026-08-20 22:33:22] [INFO] 模型推理完成：risk=低危, score=0.9589
[2026-08-20 22:33:22] [ERROR] 报告生成失败：'>' not supported between instances of 'float' and 'NoneType'
[2026-08-20 22:36:58] [INFO] 成功读取CSV：uploads/100_30s.csv，采样率360.00Hz，点数10800
[2026-08-20 22:36:58] [INFO] R峰检测完成，共37个
[2026-08-20 22:36:58] [INFO] HRV特征计算完成：{'HR': 74.01, 'RR_mean': 810.65, 'RR_std': 47.28, 'SDNN': 47.28, 'RMSSD': 74.87}
[2026-08-20 22:36:58] [INFO] 波形时间特征计算完成：{'PR': 166.75, 'QRS': 50.48, 'QT': 27.78, 'QTc': 31.22}
[2026-08-20 22:36:58] [INFO] 波形振幅特征计算完成：{'ST_shift': -0.074, 'P_amp': 0.098, 'T_amp': 0.03}
[2026-08-20 22:36:58] [INFO] 12项特征提取完成：{'HR': 74.01, 'RR_mean': 810.65, 'RR_std': 47.28, 'SDNN': 47.28, 'RMSSD': 74.87, 'PR': 166.75, 'QRS': 50.48, 'QT': 27.78, 'QTc': 31.22, 'ST_shift': -0.074, 'P_amp': 0.098, 'T_amp': 0.03}
[2026-08-20 22:36:58] [INFO] XGBoost模型加载成功
[2026-08-20 22:36:58] [INFO] 模型推理完成：risk=低危, score=0.9589
[2026-08-20 22:36:58] [ERROR] 报告生成失败：'>' not supported between instances of 'float' and 'NoneType'
[2026-08-20 22:37:02] [INFO] 成功读取CSV：uploads/106_30s.csv，采样率360.00Hz，点数10800
[2026-08-20 22:37:02] [INFO] R峰检测完成，共34个
[2026-08-20 22:37:02] [INFO] HRV特征计算完成：{'HR': 69.66, 'RR_mean': 861.28, 'RR_std': 110.78, 'SDNN': 110.78, 'RMSSD': 40.63}
[2026-08-20 22:37:02] [INFO] 波形时间特征计算完成：{'PR': 109.03, 'QRS': 51.65, 'QT': 35.59, 'QTc': 34.92}
[2026-08-20 22:37:02] [INFO] 波形振幅特征计算完成：{'ST_shift': -0.273, 'P_amp': 0.201, 'T_amp': 0.47}
[2026-08-20 22:37:02] [INFO] 12项特征提取完成：{'HR': 69.66, 'RR_mean': 861.28, 'RR_std': 110.78, 'SDNN': 110.78, 'RMSSD': 40.63, 'PR': 109.03, 'QRS': 51.65, 'QT': 35.59, 'QTc': 34.92, 'ST_shift': -0.273, 'P_amp': 0.201, 'T_amp': 0.47}
[2026-08-20 22:37:02] [INFO] XGBoost模型加载成功
[2026-08-20 22:37:02] [INFO] 模型推理完成：risk=低危, score=0.8449
[2026-08-20 22:37:02] [ERROR] 报告生成失败：'>' not supported between instances of 'float' and 'NoneType'
[2026-08-20 22:37:42] [INFO] 成功读取CSV：uploads/100_30s.csv，采样率360.00Hz，点数10800
[2026-08-20 22:37:42] [INFO] R峰检测完成，共37个
[2026-08-20 22:37:42] [INFO] HRV特征计算完成：{'HR': 74.01, 'RR_mean': 810.65, 'RR_std': 47.28, 'SDNN': 47.28, 'RMSSD': 74.87}
[2026-08-20 22:37:42] [INFO] 波形时间特征计算完成：{'PR': 166.75, 'QRS': 50.48, 'QT': 27.78, 'QTc': 31.22}
[2026-08-20 22:37:42] [INFO] 波形振幅特征计算完成：{'ST_shift': -0.074, 'P_amp': 0.098, 'T_amp': 0.03}
[2026-08-20 22:37:42] [INFO] 12项特征提取完成：{'HR': 74.01, 'RR_mean': 810.65, 'RR_std': 47.28, 'SDNN': 47.28, 'RMSSD': 74.87, 'PR': 166.75, 'QRS': 50.48, 'QT': 27.78, 'QTc': 31.22, 'ST_shift': -0.074, 'P_amp': 0.098, 'T_amp': 0.03}
[2026-08-20 22:37:42] [INFO] XGBoost模型加载成功
[2026-08-20 22:37:42] [INFO] 模型推理完成：risk=低危, score=0.9589
[2026-08-20 22:37:42] [ERROR] 报告生成失败：'>' not supported between instances of 'float' and 'NoneType'
[2026-08-20 22:38:53] [INFO] 成功读取CSV：uploads/100_30s.csv，采样率360.00Hz，点数10800
[2026-08-20 22:38:53] [INFO] R峰检测完成，共37个
[2026-08-20 22:38:53] [INFO] HRV特征计算完成：{'HR': 74.01, 'RR_mean': 810.65, 'RR_std': 47.28, 'SDNN': 47.28, 'RMSSD': 74.87}
[2026-08-20 22:38:53] [INFO] 波形时间特征计算完成：{'PR': 166.75, 'QRS': 50.48, 'QT': 27.78, 'QTc': 31.22}
[2026-08-20 22:38:53] [INFO] 波形振幅特征计算完成：{'ST_shift': -0.074, 'P_amp': 0.098, 'T_amp': 0.03}
[2026-08-20 22:38:53] [INFO] 12项特征提取完成：{'HR': 74.01, 'RR_mean': 810.65, 'RR_std': 47.28, 'SDNN': 47.28, 'RMSSD': 74.87, 'PR': 166.75, 'QRS': 50.48, 'QT': 27.78, 'QTc': 31.22, 'ST_shift': -0.074, 'P_amp': 0.098, 'T_amp': 0.03}
[2026-08-20 22:38:53] [INFO] XGBoost模型加载成功
[2026-08-20 22:38:53] [INFO] 模型推理完成：risk=低危, score=0.9589
[2026-08-20 22:38:53] [ERROR] 报告生成失败：'>' not supported between instances of 'float' and 'NoneType'
[2026-08-20 22:42:55] [INFO] 成功读取CSV：uploads/100_30s.csv，采样率360.00Hz，点数10800
[2026-08-20 22:42:56] [INFO] R峰检测完成，共37个
[2026-08-20 22:42:56] [INFO] HRV特征计算完成：{'HR': 74.01, 'RR_mean': 810.65, 'RR_std': 47.28, 'SDNN': 47.28, 'RMSSD': 74.87}
[2026-08-20 22:42:56] [INFO] 波形时间特征计算完成：{'PR': 166.75, 'QRS': 50.48, 'QT': 27.78, 'QTc': 31.22}
[2026-08-20 22:42:56] [INFO] 波形振幅特征计算完成：{'ST_shift': -0.074, 'P_amp': 0.098, 'T_amp': 0.03}
[2026-08-20 22:42:56] [INFO] 12项特征提取完成：{'HR': 74.01, 'RR_mean': 810.65, 'RR_std': 47.28, 'SDNN': 47.28, 'RMSSD': 74.87, 'PR': 166.75, 'QRS': 50.48, 'QT': 27.78, 'QTc': 31.22, 'ST_shift': -0.074, 'P_amp': 0.098, 'T_amp': 0.03}
[2026-08-20 22:42:56] [INFO] XGBoost模型加载成功
[2026-08-20 22:42:56] [INFO] 模型推理完成：risk=低危, score=0.9589
[2026-08-20 22:42:56] [ERROR] 报告生成失败：'>' not supported between instances of 'float' and 'NoneType'
[2026-08-20 22:43:46] [INFO] 成功读取CSV：uploads/100_30s.csv，采样率360.00Hz，点数10800
[2026-08-20 22:43:46] [INFO] R峰检测完成，共37个
[2026-08-20 22:43:46] [INFO] HRV特征计算完成：{'HR': 74.01, 'RR_mean': 810.65, 'RR_std': 47.28, 'SDNN': 47.28, 'RMSSD': 74.87}
[2026-08-20 22:43:46] [INFO] 波形时间特征计算完成：{'PR': 166.75, 'QRS': 50.48, 'QT': 27.78, 'QTc': 31.22}
[2026-08-20 22:43:46] [INFO] 波形振幅特征计算完成：{'ST_shift': -0.074, 'P_amp': 0.098, 'T_amp': 0.03}
[2026-08-20 22:43:46] [INFO] 12项特征提取完成：{'HR': 74.01, 'RR_mean': 810.65, 'RR_std': 47.28, 'SDNN': 47.28, 'RMSSD': 74.87, 'PR': 166.75, 'QRS': 50.48, 'QT': 27.78, 'QTc': 31.22, 'ST_shift': -0.074, 'P_amp': 0.098, 'T_amp': 0.03}
[2026-08-20 22:43:46] [INFO] XGBoost模型加载成功
[2026-08-20 22:43:46] [INFO] 模型推理完成：risk=低危, score=0.9589
[2026-08-20 22:43:46] [ERROR] 报告生成失败：'>' not supported between instances of 'float' and 'NoneType'
[2026-08-20 22:46:04] [INFO] 成功读取CSV：uploads/100_30s.csv，采样率360.00Hz，点数10800
[2026-08-20 22:46:04] [INFO] R峰检测完成，共37个
[2026-08-20 22:46:04] [INFO] HRV特征计算完成：{'HR': 74.01, 'RR_mean': 810.65, 'RR_std': 47.28, 'SDNN': 47.28, 'RMSSD': 74.87}
[2026-08-20 22:46:04] [INFO] 波形时间特征计算完成：{'PR': 166.75, 'QRS': 50.48, 'QT': 27.78, 'QTc': 31.22}
[2026-08-20 22:46:04] [INFO] 波形振幅特征计算完成：{'ST_shift': -0.074, 'P_amp': 0.098, 'T_amp': 0.03}
[2026-08-20 22:46:04] [INFO] 12项特征提取完成：{'HR': 74.01, 'RR_mean': 810.65, 'RR_std': 47.28, 'SDNN': 47.28, 'RMSSD': 74.87, 'PR': 166.75, 'QRS': 50.48, 'QT': 27.78, 'QTc': 31.22, 'ST_shift': -0.074, 'P_amp': 0.098, 'T_amp': 0.03}
[2026-08-20 22:46:04] [INFO] XGBoost模型加载成功
[2026-08-20 22:46:04] [INFO] 模型推理完成：risk=低危, score=0.9589
[2026-08-20 22:46:04] [ERROR] 报告生成失败：'>' not supported between instances of 'float' and 'NoneType'
[2026-08-20 22:46:24] [INFO] 成功读取CSV：uploads/100_30s.csv，采样率360.00Hz，点数10800
[2026-08-20 22:46:24] [INFO] R峰检测完成，共37个
[2026-08-20 22:46:24] [INFO] HRV特征计算完成：{'HR': 74.01, 'RR_mean': 810.65, 'RR_std': 47.28, 'SDNN': 47.28, 'RMSSD': 74.87}
[2026-08-20 22:46:24] [INFO] 波形时间特征计算完成：{'PR': 166.75, 'QRS': 50.48, 'QT': 27.78, 'QTc': 31.22}
[2026-08-20 22:46:24] [INFO] 波形振幅特征计算完成：{'ST_shift': -0.074, 'P_amp': 0.098, 'T_amp': 0.03}
[2026-08-20 22:46:24] [INFO] 12项特征提取完成：{'HR': 74.01, 'RR_mean': 810.65, 'RR_std': 47.28, 'SDNN': 47.28, 'RMSSD': 74.87, 'PR': 166.75, 'QRS': 50.48, 'QT': 27.78, 'QTc': 31.22, 'ST_shift': -0.074, 'P_amp': 0.098, 'T_amp': 0.03}
[2026-08-20 22:46:24] [INFO] XGBoost模型加载成功
[2026-08-20 22:46:24] [INFO] 模型推理完成：risk=低危, score=0.9589
[2026-08-20 22:46:24] [ERROR] 报告生成失败：'>' not supported between instances of 'float' and 'NoneType'
[2026-08-20 22:49:41] [INFO] 成功读取CSV：uploads/100_30s.csv，采样率360.00Hz，点数10800
[2026-08-20 22:49:42] [INFO] R峰检测完成，共37个
[2026-08-20 22:49:42] [INFO] HRV特征计算完成：{'HR': 74.01, 'RR_mean': 810.65, 'RR_std': 47.28, 'SDNN': 47.28, 'RMSSD': 74.87}
[2026-08-20 22:49:42] [INFO] 波形时间特征计算完成：{'PR': 166.75, 'QRS': 50.48, 'QT': 27.78, 'QTc': 31.22}
[2026-08-20 22:49:42] [INFO] 波形振幅特征计算完成：{'ST_shift': -0.074, 'P_amp': 0.098, 'T_amp': 0.03}
[2026-08-20 22:49:42] [INFO] 12项特征提取完成：{'HR': 74.01, 'RR_mean': 810.65, 'RR_std': 47.28, 'SDNN': 47.28, 'RMSSD': 74.87, 'PR': 166.75, 'QRS': 50.48, 'QT': 27.78, 'QTc': 31.22, 'ST_shift': -0.074, 'P_amp': 0.098, 'T_amp': 0.03}
[2026-08-20 22:49:43] [INFO] XGBoost模型加载成功
[2026-08-20 22:49:43] [INFO] 模型推理完成：risk=低危, score=0.9589
[2026-08-20 22:49:43] [INFO] 心拍切分完成，共36个
[2026-08-20 22:49:52] [INFO] CNN推理完成，异常心拍数：0
[2026-08-20 22:49:56] [ERROR] 报告生成失败：'>' not supported between instances of 'float' and 'NoneType'
[2026-08-20 22:56:41] [INFO] 成功读取CSV：uploads/100_30s.csv，采样率360.00Hz，点数10800
[2026-08-20 22:56:41] [INFO] R峰检测完成，共37个
[2026-08-20 22:56:41] [INFO] HRV特征计算完成：{'HR': 74.01, 'RR_mean': 810.65, 'RR_std': 47.28, 'SDNN': 47.28, 'RMSSD': 74.87}
[2026-08-20 22:56:41] [INFO] 波形时间特征计算完成：{'PR': 166.75, 'QRS': 50.48, 'QT': 27.78, 'QTc': 31.22}
[2026-08-20 22:56:41] [INFO] 波形振幅特征计算完成：{'ST_shift': -0.074, 'P_amp': 0.098, 'T_amp': 0.03}
[2026-08-20 22:56:41] [INFO] 12项特征提取完成：{'HR': 74.01, 'RR_mean': 810.65, 'RR_std': 47.28, 'SDNN': 47.28, 'RMSSD': 74.87, 'PR': 166.75, 'QRS': 50.48, 'QT': 27.78, 'QTc': 31.22, 'ST_shift': -0.074, 'P_amp': 0.098, 'T_amp': 0.03}
[2026-08-20 22:56:41] [INFO] XGBoost模型加载成功
[2026-08-20 22:56:41] [INFO] 模型推理完成：risk=低危, score=0.9589
[2026-08-20 22:56:41] [INFO] 心拍切分完成，共36个
[2026-08-20 22:56:43] [INFO] CNN推理完成，异常心拍数：0
[2026-08-20 22:56:43] [ERROR] 报告生成失败：'>' not supported between instances of 'float' and 'NoneType'
[2026-08-20 22:59:30] [INFO] 成功读取CSV：uploads/100_30s.csv，采样率360.00Hz，点数10800
[2026-08-20 22:59:30] [INFO] R峰检测完成，共37个
[2026-08-20 22:59:30] [INFO] HRV特征计算完成：{'HR': 74.01, 'RR_mean': 810.65, 'RR_std': 47.28, 'SDNN': 47.28, 'RMSSD': 74.87}
[2026-08-20 22:59:30] [INFO] 波形时间特征计算完成：{'PR': 166.75, 'QRS': 50.48, 'QT': 27.78, 'QTc': 31.22}
[2026-08-20 22:59:30] [INFO] 波形振幅特征计算完成：{'ST_shift': -0.074, 'P_amp': 0.098, 'T_amp': 0.03}
[2026-08-20 22:59:30] [INFO] 12项特征提取完成：{'HR': 74.01, 'RR_mean': 810.65, 'RR_std': 47.28, 'SDNN': 47.28, 'RMSSD': 74.87, 'PR': 166.75, 'QRS': 50.48, 'QT': 27.78, 'QTc': 31.22, 'ST_shift': -0.074, 'P_amp': 0.098, 'T_amp': 0.03}
[2026-08-20 22:59:31] [INFO] XGBoost模型加载成功
[2026-08-20 22:59:31] [INFO] 模型推理完成：risk=低危, score=0.9589
[2026-08-20 22:59:31] [INFO] 心拍切分完成，共36个
[2026-08-20 22:59:31] [INFO] CNN推理完成，异常心拍数：0
[2026-08-20 22:59:31] [ERROR] 报告生成失败：'>' not supported between instances of 'float' and 'NoneType'
[2026-08-20 23:02:34] [INFO] 成功读取CSV：uploads/100_30s.csv，采样率360.00Hz，点数10800
[2026-08-20 23:02:34] [INFO] R峰检测完成，共37个
[2026-08-20 23:02:34] [INFO] HRV特征计算完成：{'HR': 74.01, 'RR_mean': 810.65, 'RR_std': 47.28, 'SDNN': 47.28, 'RMSSD': 74.87}
[2026-08-20 23:02:34] [INFO] 波形时间特征计算完成：{'PR': 166.75, 'QRS': 50.48, 'QT': 27.78, 'QTc': 31.22}
[2026-08-20 23:02:34] [INFO] 波形振幅特征计算完成：{'ST_shift': -0.074, 'P_amp': 0.098, 'T_amp': 0.03}
[2026-08-20 23:02:34] [INFO] 12项特征提取完成：{'HR': 74.01, 'RR_mean': 810.65, 'RR_std': 47.28, 'SDNN': 47.28, 'RMSSD': 74.87, 'PR': 166.75, 'QRS': 50.48, 'QT': 27.78, 'QTc': 31.22, 'ST_shift': -0.074, 'P_amp': 0.098, 'T_amp': 0.03}
[2026-08-20 23:02:34] [INFO] XGBoost模型加载成功
[2026-08-20 23:02:34] [INFO] 模型推理完成：risk=低危, score=0.9589
[2026-08-20 23:02:34] [INFO] 心拍切分完成，共36个
[2026-08-20 23:02:35] [INFO] CNN推理完成，异常心拍数：0
[2026-08-20 23:02:35] [ERROR] 报告生成失败：'>' not supported between instances of 'float' and 'NoneType'
[2026-08-20 23:04:54] [INFO] 成功读取CSV：uploads/100_30s.csv，采样率360.00Hz，点数10800
[2026-08-20 23:04:54] [INFO] R峰检测完成，共37个
[2026-08-20 23:04:54] [INFO] HRV特征计算完成：{'HR': 74.01, 'RR_mean': 810.65, 'RR_std': 47.28, 'SDNN': 47.28, 'RMSSD': 74.87}
[2026-08-20 23:04:54] [INFO] 波形时间特征计算完成：{'PR': 166.75, 'QRS': 50.48, 'QT': 27.78, 'QTc': 31.22}
[2026-08-20 23:04:54] [INFO] 波形振幅特征计算完成：{'ST_shift': -0.074, 'P_amp': 0.098, 'T_amp': 0.03}
[2026-08-20 23:04:54] [INFO] 12项特征提取完成：{'HR': 74.01, 'RR_mean': 810.65, 'RR_std': 47.28, 'SDNN': 47.28, 'RMSSD': 74.87, 'PR': 166.75, 'QRS': 50.48, 'QT': 27.78, 'QTc': 31.22, 'ST_shift': -0.074, 'P_amp': 0.098, 'T_amp': 0.03}
[2026-08-20 23:04:54] [INFO] XGBoost模型加载成功
[2026-08-20 23:04:54] [INFO] 模型推理完成：risk=低危, score=0.9589
[2026-08-20 23:04:54] [INFO] 心拍切分完成，共36个
[2026-08-20 23:04:55] [INFO] CNN推理完成，异常心拍数：0
[2026-08-20 23:04:55] [ERROR] 报告生成失败：'>' not supported between instances of 'float' and 'NoneType'
[2026-08-20 23:07:17] [INFO] 成功读取CSV：uploads/100_30s.csv，采样率360.00Hz，点数10800
[2026-08-20 23:07:18] [INFO] R峰检测完成，共37个
[2026-08-20 23:07:18] [INFO] HRV特征计算完成：{'HR': 74.01, 'RR_mean': 810.65, 'RR_std': 47.28, 'SDNN': 47.28, 'RMSSD': 74.87}
[2026-08-20 23:07:18] [INFO] 波形时间特征计算完成：{'PR': 166.75, 'QRS': 50.48, 'QT': 27.78, 'QTc': 31.22}
[2026-08-20 23:07:18] [INFO] 波形振幅特征计算完成：{'ST_shift': -0.074, 'P_amp': 0.098, 'T_amp': 0.03}
[2026-08-20 23:07:18] [INFO] 12项特征提取完成：{'HR': 74.01, 'RR_mean': 810.65, 'RR_std': 47.28, 'SDNN': 47.28, 'RMSSD': 74.87, 'PR': 166.75, 'QRS': 50.48, 'QT': 27.78, 'QTc': 31.22, 'ST_shift': -0.074, 'P_amp': 0.098, 'T_amp': 0.03}
[2026-08-20 23:07:18] [INFO] XGBoost模型加载成功
[2026-08-20 23:07:18] [INFO] 模型推理完成：risk=低危, score=0.9589
[2026-08-20 23:07:18] [INFO] 心拍切分完成，共36个
[2026-08-20 23:07:18] [INFO] CNN推理完成，异常心拍数：0
[2026-08-20 23:07:18] [ERROR] 报告生成失败：'>' not supported between instances of 'float' and 'NoneType'
[2026-08-20 23:08:47] [INFO] 成功读取CSV：uploads/100_30s.csv，采样率360.00Hz，点数10800
[2026-08-20 23:08:47] [INFO] R峰检测完成，共37个
[2026-08-20 23:08:47] [INFO] HRV特征计算完成：{'HR': 74.01, 'RR_mean': 810.65, 'RR_std': 47.28, 'SDNN': 47.28, 'RMSSD': 74.87}
[2026-08-20 23:08:47] [INFO] 波形时间特征计算完成：{'PR': 166.75, 'QRS': 50.48, 'QT': 27.78, 'QTc': 31.22}
[2026-08-20 23:08:47] [INFO] 波形振幅特征计算完成：{'ST_shift': -0.074, 'P_amp': 0.098, 'T_amp': 0.03}
[2026-08-20 23:08:47] [INFO] 12项特征提取完成：{'HR': 74.01, 'RR_mean': 810.65, 'RR_std': 47.28, 'SDNN': 47.28, 'RMSSD': 74.87, 'PR': 166.75, 'QRS': 50.48, 'QT': 27.78, 'QTc': 31.22, 'ST_shift': -0.074, 'P_amp': 0.098, 'T_amp': 0.03}
[2026-08-20 23:08:47] [INFO] XGBoost模型加载成功
[2026-08-20 23:08:47] [INFO] 模型推理完成：risk=低危, score=0.9589
[2026-08-20 23:08:47] [INFO] 心拍切分完成，共36个
[2026-08-20 23:08:48] [INFO] CNN推理完成，异常心拍数：0
[2026-08-20 23:08:48] [ERROR] 报告生成失败：'>' not supported between instances of 'float' and 'NoneType'
[2026-08-20 23:11:04] [INFO] 成功读取CSV：uploads/100_30s.csv，采样率360.00Hz，点数10800
[2026-08-20 23:11:04] [INFO] R峰检测完成，共37个
[2026-08-20 23:11:04] [INFO] HRV特征计算完成：{'HR': 74.01, 'RR_mean': 810.65, 'RR_std': 47.28, 'SDNN': 47.28, 'RMSSD': 74.87}
[2026-08-20 23:11:04] [INFO] 波形时间特征计算完成：{'PR': 166.75, 'QRS': 50.48, 'QT': 27.78, 'QTc': 31.22}
[2026-08-20 23:11:04] [INFO] 波形振幅特征计算完成：{'ST_shift': -0.074, 'P_amp': 0.098, 'T_amp': 0.03}
[2026-08-20 23:11:04] [INFO] 12项特征提取完成：{'HR': 74.01, 'RR_mean': 810.65, 'RR_std': 47.28, 'SDNN': 47.28, 'RMSSD': 74.87, 'PR': 166.75, 'QRS': 50.48, 'QT': 27.78, 'QTc': 31.22, 'ST_shift': -0.074, 'P_amp': 0.098, 'T_amp': 0.03}
[2026-08-20 23:11:04] [INFO] XGBoost模型加载成功
[2026-08-20 23:11:04] [INFO] 模型推理完成：risk=低危, score=0.9589
[2026-08-20 23:11:04] [INFO] 心拍切分完成，共36个
[2026-08-20 23:11:05] [INFO] CNN推理完成，异常心拍数：0
[2026-08-20 23:11:05] [ERROR] 报告生成失败：'>' not supported between instances of 'float' and 'NoneType'
