time,voltage
0.0,-0.145
0.002777777777777778,-0.145
0.005555555555555556,-0.145
0.008333333333333333,-0.145
0.011111111111111112,-0.145
0.013888888888888888,-0.145
0.016666666666666666,-0.145
0.019444444444444445,-0.145
0.022222222222222223,-0.12
0.025,-0.135
0.027777777777777776,-0.145
0.030555555555555555,-0.15
0.03333333333333333,-0.16
0.03611111111111111,-0.155
0.03888888888888889,-0.16
0.041666666666666664,-0.175
0.044444444444444446,-0.18
0.04722222222222222,-0.185
0.05,-0.17
0.05277777777777778,-0.155
0.05555555555555555,-0.175
0.058333333333333334,-0.18
0.06111111111111111,-0.19
0.06388888888888888,-0.18
0.06666666666666667,-0.155
0.06944444444444445,-0.135
0.07222222222222222,-0.155
0.075,-0.19
0.07777777777777778,-0.205
0.08055555555555556,-0.235
0.08333333333333333,-0.225
0.08611111111111111,-0.245
0.08888888888888889,-0.25
0.09166666666666666,-0.26
0.09444444444444444,-0.275
0.09722222222222222,-0.275
0.1,-0.275
0.10277777777777777,-0.265
0.10555555555555556,-0.255
0.10833333333333334,-0.265
0.1111111111111111,-0.275
0.11388888888888889,-0.29
0.11666666666666667,-0.29
0.11944444444444445,-0.29
0.12222222222222222,-0.29
0.125,-0.285
0.12777777777777777,-0.295
0.13055555555555556,-0.305
0.13333333333333333,-0.285
0.1361111111111111,-0.275
0.1388888888888889,-0.275
0.14166666666666666,-0.28
0.14444444444444443,-0.285
0.14722222222222223,-0.305
0.15,-0.29
0.1527777777777778,-0.3
0.15555555555555556,-0.28
0.15833333333333333,-0.29
0.16111111111111112,-0.3
0.1638888888888889,-0.315
0.16666666666666666,-0.32
0.16944444444444445,-0.335
0.17222222222222222,-0.36
0.175,-0.385
0.17777777777777778,-0.385
0.18055555555555555,-0.405
0.18333333333333332,-0.455
0.18611111111111112,-0.485
0.18888888888888888,-0.485
0.19166666666666668,-0.425
0.19444444444444445,-0.33
0.19722222222222222,-0.22
0.2,-0.07
0.20277777777777778,0.12
0.20555555555555555,0.375
0.20833333333333334,0.62
0.2111111111111111,0.78
0.21388888888888888,0.84
0.21666666666666667,0.765
0.21944444444444444,0.52
0.2222222222222222,0.17
0.225,-0.165
0.22777777777777777,-0.365
0.23055555555555557,-0.435
0.23333333333333334,-0.425
0.2361111111111111,-0.37
0.2388888888888889,-0.33
0.24166666666666667,-0.325
0.24444444444444444,-0.335
0.24722222222222223,-0.345
0.25,-0.33
0.25277777777777777,-0.325
0.25555555555555554,-0.315
0.25833333333333336,-0.31
0.2611111111111111,-0.32
0.2638888888888889,-0.335
0.26666666666666666,-0.34
0.26944444444444443,-0.325
0.2722222222222222,-0.345
0.275,-0.335
0.2777777777777778,-0.33
0.28055555555555556,-0.335
0.2833333333333333,-0.33
0.2861111111111111,-0.325
0.28888888888888886,-0.33
0.2916666666666667,-0.33
0.29444444444444445,-0.345
0.2972222222222222,-0.355
0.3,-0.335
0.30277777777777776,-0.325
0.3055555555555556,-0.305
0.30833333333333335,-0.32
0.3111111111111111,-0.32
0.3138888888888889,-0.33
0.31666666666666665,-0.34
0.3194444444444444,-0.335
0.32222222222222224,-0.34
0.325,-0.345
0.3277777777777778,-0.355
0.33055555555555555,-0.355
0.3333333333333333,-0.34
0.33611111111111114,-0.33
0.3388888888888889,-0.33
0.3416666666666667,-0.33
0.34444444444444444,-0.34
0.3472222222222222,-0.35
0.35,-0.325
0.3527777777777778,-0.325
0.35555555555555557,-0.33
0.35833333333333334,-0.33
0.3611111111111111,-0.335
0.3638888888888889,-0.335
0.36666666666666664,-0.34
0.36944444444444446,-0.33
0.37222222222222223,-0.34
0.375,-0.35
0.37777777777777777,-0.355
0.38055555555555554,-0.35
0.38333333333333336,-0.345
0.3861111111111111,-0.33
0.3888888888888889,-0.32
0.39166666666666666,-0.335
0.39444444444444443,-0.33
0.3972222222222222,-0.345
0.4,-0.33
0.4027777777777778,-0.335
0.40555555555555556,-0.335
0.4083333333333333,-0.345
0.4111111111111111,-0.345
0.41388888888888886,-0.355
0.4166666666666667,-0.34
0.41944444444444445,-0.34
0.4222222222222222,-0.335
0.425,-0.33
0.42777777777777776,-0.35
0.4305555555555556,-0.35
0.43333333333333335,-0.345
0.4361111111111111,-0.335
0.4388888888888889,-0.335
0.44166666666666665,-0.335
0.4444444444444444,-0.35
0.44722222222222224,-0.355
0.45,-0.355
0.4527777777777778,-0.345
0.45555555555555555,-0.345
0.4583333333333333,-0.335
0.46111111111111114,-0.35
0.4638888888888889,-0.36
0.4666666666666667,-0.36
0.46944444444444444,-0.36
0.4722222222222222,-0.365
0.475,-0.36
0.4777777777777778,-0.37
0.48055555555555557,-0.385
0.48333333333333334,-0.37
0.4861111111111111,-0.36
0.4888888888888889,-0.355
0.49166666666666664,-0.36
0.49444444444444446,-0.375
0.49722222222222223,-0.375
0.5,-0.365
0.5027777777777778,-0.365
0.5055555555555555,-0.36
0.5083333333333333,-0.36
0.5111111111111111,-0.365
0.5138888888888888,-0.37
0.5166666666666667,-0.355
0.5194444444444445,-0.33
0.5222222222222223,-0.325
0.525,-0.325
0.5277777777777778,-0.335
0.5305555555555556,-0.34
0.5333333333333333,-0.315
0.5361111111111111,-0.3
0.5388888888888889,-0.3
0.5416666666666666,-0.29
0.5444444444444444,-0.295
0.5472222222222223,-0.29
0.55,-0.285
0.5527777777777778,-0.275
0.5555555555555556,-0.255
0.5583333333333333,-0.25
0.5611111111111111,-0.25
0.5638888888888889,-0.265
0.5666666666666667,-0.255
0.5694444444444444,-0.245
0.5722222222222222,-0.23
0.575,-0.245
0.5777777777777777,-0.245
0.5805555555555556,-0.255
0.5833333333333334,-0.255
0.5861111111111111,-0.24
0.5888888888888889,-0.25
0.5916666666666667,-0.255
0.5944444444444444,-0.245
0.5972222222222222,-0.255
0.6,-0.25
0.6027777777777777,-0.25
0.6055555555555555,-0.265
0.6083333333333333,-0.26
0.6111111111111112,-0.26
0.6138888888888889,-0.265
0.6166666666666667,-0.27
0.6194444444444445,-0.265
0.6222222222222222,-0.26
0.625,-0.275
0.6277777777777778,-0.28
0.6305555555555555,-0.29
0.6333333333333333,-0.275
0.6361111111111111,-0.27
0.6388888888888888,-0.26
0.6416666666666667,-0.28
0.6444444444444445,-0.28
0.6472222222222223,-0.285
0.65,-0.275
0.6527777777777778,-0.275
0.6555555555555556,-0.265
0.6583333333333333,-0.27
0.6611111111111111,-0.285
0.6638888888888889,-0.29
0.6666666666666666,-0.28
0.6694444444444444,-0.275
0.6722222222222223,-0.285
0.675,-0.28
0.6777777777777778,-0.3
0.6805555555555556,-0.3
0.6833333333333333,-0.305
0.6861111111111111,-0.295
0.6888888888888889,-0.3
0.6916666666666667,-0.31
0.6944444444444444,-0.31
0.6972222222222222,-0.305
0.7,-0.295
0.7027777777777777,-0.285
0.7055555555555556,-0.285
0.7083333333333334,-0.29
0.7111111111111111,-0.295
0.7138888888888889,-0.31
0.7166666666666667,-0.29
0.7194444444444444,-0.295
0.7222222222222222,-0.3
0.725,-0.305
0.7277777777777777,-0.31
0.7305555555555555,-0.325
0.7333333333333333,-0.31
0.7361111111111112,-0.3
0.7388888888888889,-0.29
0.7416666666666667,-0.31
0.7444444444444445,-0.325
0.7472222222222222,-0.33
0.75,-0.315
0.7527777777777778,-0.3
0.7555555555555555,-0.305
0.7583333333333333,-0.31
0.7611111111111111,-0.32
0.7638888888888888,-0.33
0.7666666666666667,-0.325
0.7694444444444445,-0.315
0.7722222222222223,-0.31
0.775,-0.305
0.7777777777777778,-0.305
0.7805555555555556,-0.31
0.7833333333333333,-0.3
0.7861111111111111,-0.305
0.7888888888888889,-0.29
0.7916666666666666,-0.3
0.7944444444444444,-0.3
0.7972222222222223,-0.305
0.8,-0.305
0.8027777777777778,-0.29
0.8055555555555556,-0.28
0.8083333333333333,-0.295
0.8111111111111111,-0.305
0.8138888888888889,-0.315
0.8166666666666667,-0.305
0.8194444444444444,-0.295
0.8222222222222222,-0.29
0.825,-0.28
0.8277777777777777,-0.27
0.8305555555555556,-0.275
0.8333333333333334,-0.275
0.8361111111111111,-0.27
0.8388888888888889,-0.25
0.8416666666666667,-0.25
0.8444444444444444,-0.255
0.8472222222222222,-0.225
0.85,-0.22
0.8527777777777777,-0.205
0.8555555555555555,-0.2
0.8583333333333333,-0.205
0.8611111111111112,-0.215
0.8638888888888889,-0.23
0.8666666666666667,-0.22
0.8694444444444445,-0.225
0.8722222222222222,-0.225
0.875,-0.225
0.8777777777777778,-0.23
0.8805555555555555,-0.235
0.8833333333333333,-0.24
0.8861111111111111,-0.235
0.8888888888888888,-0.22
0.8916666666666667,-0.21
0.8944444444444445,-0.205
0.8972222222222223,-0.245
0.9,-0.285
0.9027777777777778,-0.285
0.9055555555555556,-0.3
0.9083333333333333,-0.31
0.9111111111111111,-0.33
0.9138888888888889,-0.33
0.9166666666666666,-0.325
0.9194444444444444,-0.315
0.9222222222222223,-0.32
0.925,-0.315
0.9277777777777778,-0.325
0.9305555555555556,-0.34
0.9333333333333333,-0.345
0.9361111111111111,-0.34
0.9388888888888889,-0.34
0.9416666666666667,-0.35
0.9444444444444444,-0.345
0.9472222222222222,-0.355
0.95,-0.33
0.9527777777777777,-0.335
0.9555555555555556,-0.33
0.9583333333333334,-0.32
0.9611111111111111,-0.345
0.9638888888888889,-0.355
0.9666666666666667,-0.34
0.9694444444444444,-0.33
0.9722222222222222,-0.325
0.975,-0.33
0.9777777777777777,-0.35
0.9805555555555555,-0.365
0.9833333333333333,-0.36
0.9861111111111112,-0.38
0.9888888888888889,-0.425
0.9916666666666667,-0.445
0.9944444444444445,-0.475
0.9972222222222222,-0.51
1.0,-0.535
1.0027777777777778,-0.505
1.0055555555555555,-0.415
1.0083333333333333,-0.3
1.011111111111111,-0.16
1.0138888888888888,-0.015
1.0166666666666666,0.235
1.0194444444444444,0.49
1.0222222222222221,0.72
1.025,0.875
1.0277777777777777,0.94
1.0305555555555554,0.905
1.0333333333333334,0.755
1.0361111111111112,0.49
1.038888888888889,0.165
1.0416666666666667,-0.11
1.0444444444444445,-0.27
1.0472222222222223,-0.39
1.05,-0.45
1.0527777777777778,-0.475
1.0555555555555556,-0.455
1.0583333333333333,-0.425
1.0611111111111111,-0.39
1.0638888888888889,-0.39
1.0666666666666667,-0.385
1.0694444444444444,-0.39
1.0722222222222222,-0.38
1.075,-0.38
1.0777777777777777,-0.38
1.0805555555555555,-0.395
1.0833333333333333,-0.385
1.086111111111111,-0.385
1.0888888888888888,-0.385
1.0916666666666666,-0.375
1.0944444444444446,-0.395
1.0972222222222223,-0.41
1.1,-0.41
1.1027777777777779,-0.4
1.1055555555555556,-0.395
1.1083333333333334,-0.39
1.1111111111111112,-0.405
1.113888888888889,-0.395
1.1166666666666667,-0.385
1.1194444444444445,-0.375
1.1222222222222222,-0.39
1.125,-0.39
1.1277777777777778,-0.405
1.1305555555555555,-0.41
1.1333333333333333,-0.41
1.136111111111111,-0.39
1.1388888888888888,-0.39
1.1416666666666666,-0.395
1.1444444444444444,-0.405
1.1472222222222221,-0.415
1.15,-0.4
1.1527777777777777,-0.41
1.1555555555555554,-0.405
1.1583333333333334,-0.41
1.1611111111111112,-0.415
1.163888888888889,-0.41
1.1666666666666667,-0.4
1.1694444444444445,-0.4
1.1722222222222223,-0.395
1.175,-0.39
1.1777777777777778,-0.405
1.1805555555555556,-0.41
1.1833333333333333,-0.39
1.1861111111111111,-0.39
1.1888888888888889,-0.385
1.1916666666666667,-0.385
1.1944444444444444,-0.41
1.1972222222222222,-0.405
1.2,-0.395
1.2027777777777777,-0.39
1.2055555555555555,-0.375
1.2083333333333333,-0.39
1.211111111111111,-0.395
1.2138888888888888,-0.41
1.2166666666666666,-0.4
1.2194444444444446,-0.39
1.2222222222222223,-0.39
1.225,-0.385
1.2277777777777779,-0.405
1.2305555555555556,-0.415
1.2333333333333334,-0.415
1.2361111111111112,-0.4
1.238888888888889,-0.395
1.2416666666666667,-0.405
1.2444444444444445,-0.415
1.2472222222222222,-0.42
1.25,-0.42
1.2527777777777778,-0.41
1.2555555555555555,-0.415
1.2583333333333333,-0.425
1.261111111111111,-0.42
1.2638888888888888,-0.435
1.2666666666666666,-0.43
1.2694444444444444,-0.43
1.2722222222222221,-0.42
1.275,-0.43
1.2777777777777777,-0.45
1.2805555555555554,-0.455
1.2833333333333334,-0.45
1.2861111111111112,-0.435
1.288888888888889,-0.445
1.2916666666666667,-0.45
1.2944444444444445,-0.455
1.2972222222222223,-0.47
1.3,-0.46
1.3027777777777778,-0.455
1.3055555555555556,-0.45
1.3083333333333333,-0.455
1.3111111111111111,-0.47
1.3138888888888889,-0.475
1.3166666666666667,-0.46
1.3194444444444444,-0.45
1.3222222222222222,-0.445
1.325,-0.44
1.3277777777777777,-0.435
1.3305555555555555,-0.44
1.3333333333333333,-0.41
1.336111111111111,-0.395
1.3388888888888888,-0.37
1.3416666666666666,-0.365
1.3444444444444446,-0.36
1.3472222222222223,-0.365
1.35,-0.34
1.3527777777777779,-0.325
1.3555555555555556,-0.315
1.3583333333333334,-0.32
1.3611111111111112,-0.33
1.363888888888889,-0.33
1.3666666666666667,-0.32
1.3694444444444445,-0.31
1.3722222222222222,-0.3
1.375,-0.3
1.3777777777777778,-0.32
1.3805555555555555,-0.32
1.3833333333333333,-0.315
1.386111111111111,-0.305
1.3888888888888888,-0.305
1.3916666666666666,-0.295
1.3944444444444444,-0.32
1.3972222222222221,-0.33
1.4,-0.305
1.4027777777777777,-0.31
1.4055555555555554,-0.3
1.4083333333333334,-0.3
1.4111111111111112,-0.32
1.413888888888889,-0.325
1.4166666666666667,-0.31
1.4194444444444445,-0.305
1.4222222222222223,-0.315
1.425,-0.305
1.4277777777777778,-0.315
1.4305555555555556,-0.315
1.4333333333333333,-0.31
1.4361111111111111,-0.295
1.4388888888888889,-0.29
1.4416666666666667,-0.305
1.4444444444444444,-0.31
1.4472222222222222,-0.32
1.45,-0.315
1.4527777777777777,-0.3
1.4555555555555555,-0.315
1.4583333333333333,-0.315
1.461111111111111,-0.315
1.4638888888888888,-0.33
1.4666666666666666,-0.315
1.4694444444444446,-0.32
1.4722222222222223,-0.315
1.475,-0.325
1.4777777777777779,-0.335
1.4805555555555556,-0.34
1.4833333333333334,-0.335
1.4861111111111112,-0.335
1.488888888888889,-0.33
1.4916666666666667,-0.325
1.4944444444444445,-0.345
1.4972222222222222,-0.35
1.5,-0.345
1.5027777777777778,-0.335
1.5055555555555555,-0.33
1.5083333333333333,-0.33
1.511111111111111,-0.345
1.5138888888888888,-0.345
1.5166666666666666,-0.345
1.5194444444444444,-0.32
1.5222222222222221,-0.33
1.525,-0.335
1.5277777777777777,-0.34
1.5305555555555554,-0.355
1.5333333333333334,-0.335
1.5361111111111112,-0.33
1.538888888888889,-0.33
1.5416666666666667,-0.335
1.5444444444444445,-0.355
1.5472222222222223,-0.36
1.55,-0.355
1.5527777777777778,-0.35
1.5555555555555556,-0.34
1.5583333333333333,-0.345
1.5611111111111111,-0.345
1.5638888888888889,-0.345
1.5666666666666667,-0.345
1.5694444444444444,-0.33
1.5722222222222222,-0.33
1.575,-0.335
1.5777777777777777,-0.345
1.5805555555555555,-0.35
1.5833333333333333,-0.35
1.586111111111111,-0.34
1.5888888888888888,-0.33
1.5916666666666666,-0.345
1.5944444444444446,-0.345
1.5972222222222223,-0.355
1.6,-0.35
1.6027777777777779,-0.34
1.6055555555555556,-0.33
1.6083333333333334,-0.34
1.6111111111111112,-0.34
1.613888888888889,-0.34
1.6166666666666667,-0.33
1.6194444444444445,-0.335
1.6222222222222222,-0.33
1.625,-0.335
1.6277777777777778,-0.345
1.6305555555555555,-0.345
1.6333333333333333,-0.34
1.636111111111111,-0.33
1.6388888888888888,-0.315
1.6416666666666666,-0.295
1.6444444444444444,-0.3
1.6472222222222221,-0.295
1.65,-0.285
1.6527777777777777,-0.275
1.6555555555555554,-0.265
1.6583333333333334,-0.265
1.6611111111111112,-0.265
1.663888888888889,-0.255
1.6666666666666667,-0.25
1.6694444444444445,-0.24
1.6722222222222223,-0.225
1.675,-0.215
1.6777777777777778,-0.24
1.6805555555555556,-0.245
1.6833333333333333,-0.24
1.6861111111111111,-0.245
1.6888888888888889,-0.235
1.6916666666666667,-0.245
1.6944444444444444,-0.25
1.6972222222222222,-0.275
1.7,-0.275
1.7027777777777777,-0.265
1.7055555555555555,-0.25
1.7083333333333333,-0.225
1.711111111111111,-0.22
1.7138888888888888,-0.23
1.7166666666666666,-0.265
1.7194444444444446,-0.27
1.7222222222222223,-0.28
1.725,-0.285
1.7277777777777779,-0.305
1.7305555555555556,-0.32
1.7333333333333334,-0.34
1.7361111111111112,-0.33
1.738888888888889,-0.335
1.7416666666666667,-0.335
1.7444444444444445,-0.355
1.7472222222222222,-0.37
1.75,-0.36
1.7527777777777778,-0.345
1.7555555555555555,-0.35
1.7583333333333333,-0.355
1.761111111111111,-0.365
1.7638888888888888,-0.375
1.7666666666666666,-0.38
1.7694444444444444,-0.37
1.7722222222222221,-0.365
1.775,-0.365
1.7777777777777777,-0.38
1.7805555555555554,-0.385
1.7833333333333334,-0.38
1.7861111111111112,-0.375
1.788888888888889,-0.355
1.7916666666666667,-0.37
1.7944444444444445,-0.39
1.7972222222222223,-0.405
1.8,-0.41
1.8027777777777778,-0.435
1.8055555555555556,-0.465
1.8083333333333333,-0.49
1.8111111111111111,-0.52
1.8138888888888889,-0.555
1.8166666666666667,-0.57
1.8194444444444444,-0.525
1.8222222222222222,-0.405
1.825,-0.25
1.8277777777777777,-0.09
1.8305555555555555,0.12
1.8333333333333333,0.41
1.836111111111111,0.69
1.8388888888888888,0.885
1.8416666666666666,0.96
1.8444444444444446,0.85
1.8472222222222223,0.52
1.85,0.05
1.8527777777777779,-0.32
1.8555555555555556,-0.5
1.8583333333333334,-0.505
1.8611111111111112,-0.445
1.863888888888889,-0.415
1.8666666666666667,-0.395
1.8694444444444445,-0.39
1.8722222222222222,-0.395
1.875,-0.39
1.8777777777777778,-0.395
1.8805555555555555,-0.405
1.8833333333333333,-0.395
1.886111111111111,-0.405
1.8888888888888888,-0.39
1.8916666666666666,-0.395
1.8944444444444444,-0.395
1.8972222222222221,-0.41
1.9,-0.405
1.9027777777777777,-0.4
1.9055555555555554,-0.4
1.9083333333333334,-0.415
1.9111111111111112,-0.405
1.913888888888889,-0.42
1.9166666666666667,-0.415
1.9194444444444445,-0.405
1.9222222222222223,-0.405
1.925,-0.42
1.9277777777777778,-0.42
1.9305555555555556,-0.435
1.9333333333333333,-0.42
1.9361111111111111,-0.41
1.9388888888888889,-0.41
1.9416666666666667,-0.405
1.9444444444444444,-0.425
1.9472222222222222,-0.43
1.95,-0.42
1.9527777777777777,-0.415
1.9555555555555555,-0.41
1.9583333333333333,-0.41
1.961111111111111,-0.425
1.9638888888888888,-0.42
1.9666666666666666,-0.4
1.9694444444444446,-0.395
1.9722222222222223,-0.4
1.975,-0.4
1.9777777777777779,-0.395
1.9805555555555556,-0.415
1.9833333333333334,-0.405
1.9861111111111112,-0.39
1.988888888888889,-0.4
1.9916666666666667,-0.4
1.9944444444444445,-0.415
1.9972222222222222,-0.425
2.0,-0.425
2.0027777777777778,-0.415
2.0055555555555555,-0.415
2.0083333333333333,-0.41
2.011111111111111,-0.425
2.013888888888889,-0.425
2.0166666666666666,-0.42
2.0194444444444444,-0.415
2.022222222222222,-0.4
2.025,-0.4
2.0277777777777777,-0.41
2.0305555555555554,-0.425
2.033333333333333,-0.41
2.036111111111111,-0.405
2.0388888888888888,-0.395
2.0416666666666665,-0.4
2.0444444444444443,-0.4
2.047222222222222,-0.405
2.05,-0.385
2.0527777777777776,-0.4
2.0555555555555554,-0.39
2.058333333333333,-0.39
2.061111111111111,-0.4
2.063888888888889,-0.415
2.066666666666667,-0.405
2.0694444444444446,-0.405
2.0722222222222224,-0.41
2.075,-0.415
2.077777777777778,-0.42
2.0805555555555557,-0.42
2.0833333333333335,-0.425
2.0861111111111112,-0.415
2.088888888888889,-0.415
2.091666666666667,-0.41
2.0944444444444446,-0.435
2.0972222222222223,-0.43
2.1,-0.435
2.102777777777778,-0.42
2.1055555555555556,-0.42
2.1083333333333334,-0.42
2.111111111111111,-0.42
2.113888888888889,-0.425
2.1166666666666667,-0.425
2.1194444444444445,-0.415
2.1222222222222222,-0.395
2.125,-0.395
2.1277777777777778,-0.39
2.1305555555555555,-0.375
2.1333333333333333,-0.36
2.136111111111111,-0.34
2.138888888888889,-0.335
2.1416666666666666,-0.33
2.1444444444444444,-0.335
2.147222222222222,-0.335
2.15,-0.325
2.1527777777777777,-0.32
2.1555555555555554,-0.305
2.158333333333333,-0.305
2.161111111111111,-0.315
2.1638888888888888,-0.31
2.1666666666666665,-0.305
2.1694444444444443,-0.3
2.172222222222222,-0.3
2.175,-0.3
2.1777777777777776,-0.31
2.1805555555555554,-0.31
2.183333333333333,-0.31
2.186111111111111,-0.315
2.188888888888889,-0.3
2.191666666666667,-0.305
2.1944444444444446,-0.315
2.1972222222222224,-0.32
2.2,-0.325
2.202777777777778,-0.31
2.2055555555555557,-0.305
2.2083333333333335,-0.305
2.2111111111111112,-0.32
2.213888888888889,-0.325
2.216666666666667,-0.305
2.2194444444444446,-0.31
2.2222222222222223,-0.295
2.225,-0.31
2.227777777777778,-0.325
2.2305555555555556,-0.33
2.2333333333333334,-0.32
2.236111111111111,-0.32
2.238888888888889,-0.32
2.2416666666666667,-0.325
2.2444444444444445,-0.35
2.2472222222222222,-0.35
2.25,-0.34
2.2527777777777778,-0.335
2.2555555555555555,-0.33
2.2583333333333333,-0.335
2.261111111111111,-0.34
2.263888888888889,-0.36
2.2666666666666666,-0.35
2.2694444444444444,-0.35
2.272222222222222,-0.355
2.275,-0.36
2.2777777777777777,-0.355
2.2805555555555554,-0.365
2.283333333333333,-0.355
2.286111111111111,-0.35
2.2888888888888888,-0.34
2.2916666666666665,-0.355
2.2944444444444443,-0.35
2.297222222222222,-0.365
2.3,-0.365
2.3027777777777776,-0.35
2.3055555555555554,-0.355
2.308333333333333,-0.35
2.311111111111111,-0.37
2.313888888888889,-0.38
2.316666666666667,-0.37
2.3194444444444446,-0.36
2.3222222222222224,-0.365
2.325,-0.36
2.327777777777778,-0.365
2.3305555555555557,-0.38
2.3333333333333335,-0.37
2.3361111111111112,-0.365
2.338888888888889,-0.35
2.341666666666667,-0.35
2.3444444444444446,-0.35
2.3472222222222223,-0.37
2.35,-0.365
2.352777777777778,-0.345
2.3555555555555556,-0.345
2.3583333333333334,-0.34
2.361111111111111,-0.355
2.363888888888889,-0.365
2.3666666666666667,-0.36
2.3694444444444445,-0.355
2.3722222222222222,-0.355
2.375,-0.355
2.3777777777777778,-0.375
2.3805555555555555,-0.385
2.3833333333333333,-0.355
2.386111111111111,-0.36
2.388888888888889,-0.355
2.3916666666666666,-0.36
2.3944444444444444,-0.36
2.397222222222222,-0.37
2.4,-0.36
2.4027777777777777,-0.345
2.4055555555555554,-0.355
2.408333333333333,-0.345
2.411111111111111,-0.345
2.4138888888888888,-0.345
2.4166666666666665,-0.34
2.4194444444444443,-0.31
2.422222222222222,-0.305
2.425,-0.305
2.4277777777777776,-0.31
2.4305555555555554,-0.305
2.433333333333333,-0.29
2.436111111111111,-0.285
2.438888888888889,-0.275
2.441666666666667,-0.28
2.4444444444444446,-0.28
2.4472222222222224,-0.275
2.45,-0.265
2.452777777777778,-0.255
2.4555555555555557,-0.245
2.4583333333333335,-0.26
2.4611111111111112,-0.265
2.463888888888889,-0.275
2.466666666666667,-0.28
2.4694444444444446,-0.265
2.4722222222222223,-0.27
2.475,-0.275
2.477777777777778,-0.28
2.4805555555555556,-0.275
2.4833333333333334,-0.28
2.486111111111111,-0.275
2.488888888888889,-0.265
2.4916666666666667,-0.255
2.4944444444444445,-0.24
2.4972222222222222,-0.26
2.5,-0.28
2.5027777777777778,-0.31
2.5055555555555555,-0.31
2.5083333333333333,-0.345
2.511111111111111,-0.36
2.513888888888889,-0.38
2.5166666666666666,-0.385
2.5194444444444444,-0.38
2.522222222222222,-0.37
2.525,-0.375
2.5277777777777777,-0.385
2.5305555555555554,-0.39
2.533333333333333,-0.395
2.536111111111111,-0.385
2.5388888888888888,-0.385
2.5416666666666665,-0.385
2.5444444444444443,-0.395
2.547222222222222,-0.405
2.55,-0.4
2.5527777777777776,-0.375
2.5555555555555554,-0.375
2.558333333333333,-0.39
2.561111111111111,-0.395
2.563888888888889,-0.415
2.566666666666667,-0.405
2.5694444444444446,-0.4
2.5722222222222224,-0.39
2.575,-0.405
2.577777777777778,-0.425
2.5805555555555557,-0.46
2.5833333333333335,-0.475
2.5861111111111112,-0.505
2.588888888888889,-0.51
2.591666666666667,-0.525
2.5944444444444446,-0.54
2.5972222222222223,-0.6
2.6,-0.645
2.602777777777778,-0.63
2.6055555555555556,-0.575
2.6083333333333334,-0.495
2.611111111111111,-0.385
2.613888888888889,-0.27
2.6166666666666667,-0.115
2.6194444444444445,0.09
2.6222222222222222,0.37
2.625,0.635
2.6277777777777778,0.81
2.6305555555555555,0.86
2.6333333333333333,0.77
2.636111111111111,0.475
2.638888888888889,0.065
2.6416666666666666,-0.305
2.6444444444444444,-0.5
2.647222222222222,-0.52
2.65,-0.475
2.6527777777777777,-0.41
2.6555555555555554,-0.39
2.658333333333333,-0.39
2.661111111111111,-0.4
2.6638888888888888,-0.41
2.6666666666666665,-0.405
2.6694444444444443,-0.385
2.672222222222222,-0.39
2.675,-0.395
2.6777777777777776,-0.405
2.6805555555555554,-0.41
2.683333333333333,-0.405
2.686111111111111,-0.4
2.688888888888889,-0.39
2.691666666666667,-0.395
2.6944444444444446,-0.41
2.6972222222222224,-0.415
2.7,-0.41
2.702777777777778,-0.395
2.7055555555555557,-0.405
2.7083333333333335,-0.41
2.7111111111111112,-0.405
2.713888888888889,-0.405
2.716666666666667,-0.41
2.7194444444444446,-0.39
2.7222222222222223,-0.385
2.725,-0.39
2.727777777777778,-0.395
2.7305555555555556,-0.4
2.7333333333333334,-0.4
2.736111111111111,-0.4
2.738888888888889,-0.395
2.7416666666666667,-0.395
2.7444444444444445,-0.405
2.7472222222222222,-0.405
2.75,-0.4
2.7527777777777778,-0.395
2.7555555555555555,-0.385
2.7583333333333333,-0.375
2.761111111111111,-0.385
2.763888888888889,-0.395
2.7666666666666666,-0.39
2.7694444444444444,-0.385
2.772222222222222,-0.375
2.775,-0.385
2.7777777777777777,-0.395
2.7805555555555554,-0.395
2.783333333333333,-0.385
2.786111111111111,-0.375
2.7888888888888888,-0.375
2.7916666666666665,-0.385
2.7944444444444443,-0.395
2.797222222222222,-0.39
2.8,-0.39
2.8027777777777776,-0.365
2.8055555555555554,-0.375
2.808333333333333,-0.385
2.811111111111111,-0.395
2.813888888888889,-0.38
2.816666666666667,-0.385
2.8194444444444446,-0.375
2.8222222222222224,-0.38
2.825,-0.39
2.827777777777778,-0.38
2.8305555555555557,-0.375
2.8333333333333335,-0.375
2.8361111111111112,-0.375
2.838888888888889,-0.375
2.841666666666667,-0.38
2.8444444444444446,-0.39
2.8472222222222223,-0.39
2.85,-0.365
2.852777777777778,-0.37
2.8555555555555556,-0.375
2.8583333333333334,-0.385
2.861111111111111,-0.39
2.863888888888889,-0.39
2.8666666666666667,-0.375
2.8694444444444445,-0.365
2.8722222222222222,-0.385
2.875,-0.38
2.8777777777777778,-0.39
2.8805555555555555,-0.375
2.8833333333333333,-0.375
2.886111111111111,-0.365
2.888888888888889,-0.37
2.8916666666666666,-0.385
2.8944444444444444,-0.395
2.897222222222222,-0.385
2.9,-0.385
2.9027777777777777,-0.37
2.9055555555555554,-0.365
2.908333333333333,-0.37
2.911111111111111,-0.375
2.9138888888888888,-0.35
2.9166666666666665,-0.335
2.9194444444444443,-0.32
2.922222222222222,-0.315
2.925,-0.32
2.9277777777777776,-0.325
2.9305555555555554,-0.315
2.933333333333333,-0.295
2.936111111111111,-0.285
2.938888888888889,-0.3
2.941666666666667,-0.295
2.9444444444444446,-0.285
2.9472222222222224,-0.285
2.95,-0.28
2.952777777777778,-0.27
2.9555555555555557,-0.28
2.9583333333333335,-0.29
2.9611111111111112,-0.295
2.963888888888889,-0.295
2.966666666666667,-0.29
2.9694444444444446,-0.28
2.9722222222222223,-0.29
2.975,-0.295
2.977777777777778,-0.31
2.9805555555555556,-0.295
2.9833333333333334,-0.285
2.986111111111111,-0.28
2.988888888888889,-0.275
2.9916666666666667,-0.295
2.9944444444444445,-0.305
2.9972222222222222,-0.3
3.0,-0.295
3.0027777777777778,-0.295
3.0055555555555555,-0.285
3.0083333333333333,-0.3
3.011111111111111,-0.305
3.013888888888889,-0.3
3.0166666666666666,-0.295
3.0194444444444444,-0.3
3.022222222222222,-0.305
3.025,-0.315
3.0277777777777777,-0.31
3.0305555555555554,-0.315
3.033333333333333,-0.295
3.036111111111111,-0.3
3.0388888888888888,-0.31
3.0416666666666665,-0.33
3.0444444444444443,-0.34
3.047222222222222,-0.33
3.05,-0.32
3.0527777777777776,-0.32
3.0555555555555554,-0.315
3.058333333333333,-0.325
3.061111111111111,-0.335
3.063888888888889,-0.33
3.066666666666667,-0.315
3.0694444444444446,-0.32
3.0722222222222224,-0.32
3.075,-0.33
3.077777777777778,-0.345
3.0805555555555557,-0.34
3.0833333333333335,-0.335
3.0861111111111112,-0.33
3.088888888888889,-0.335
3.091666666666667,-0.345
3.0944444444444446,-0.35
3.0972222222222223,-0.345
3.1,-0.34
3.102777777777778,-0.335
3.1055555555555556,-0.335
3.1083333333333334,-0.33
3.111111111111111,-0.335
3.113888888888889,-0.34
3.1166666666666667,-0.335
3.1194444444444445,-0.32
3.1222222222222222,-0.34
3.125,-0.34
3.1277777777777778,-0.35
3.1305555555555555,-0.365
3.1333333333333333,-0.36
3.136111111111111,-0.345
3.138888888888889,-0.345
3.1416666666666666,-0.35
3.1444444444444444,-0.35
3.147222222222222,-0.35
3.15,-0.34
3.1527777777777777,-0.34
3.1555555555555554,-0.345
3.158333333333333,-0.345
3.161111111111111,-0.38
3.1638888888888888,-0.36
3.1666666666666665,-0.36
3.1694444444444443,-0.345
3.172222222222222,-0.345
3.175,-0.35
3.1777777777777776,-0.355
3.1805555555555554,-0.345
3.183333333333333,-0.33
3.186111111111111,-0.33
3.188888888888889,-0.335
3.191666666666667,-0.335
3.1944444444444446,-0.34
3.1972222222222224,-0.33
3.2,-0.32
3.202777777777778,-0.29
3.2055555555555557,-0.29
3.2083333333333335,-0.3
3.2111111111111112,-0.305
3.213888888888889,-0.285
3.216666666666667,-0.28
3.2194444444444446,-0.275
3.2222222222222223,-0.28
3.225,-0.275
3.227777777777778,-0.27
3.2305555555555556,-0.265
3.2333333333333334,-0.25
3.236111111111111,-0.23
3.238888888888889,-0.245
3.2416666666666667,-0.24
3.2444444444444445,-0.255
3.2472222222222222,-0.255
3.25,-0.245
3.2527777777777778,-0.235
3.2555555555555555,-0.255
3.2583333333333333,-0.265
3.261111111111111,-0.26
3.263888888888889,-0.255
3.2666666666666666,-0.27
3.2694444444444444,-0.265
3.272222222222222,-0.28
3.275,-0.255
3.2777777777777777,-0.25
3.2805555555555554,-0.245
3.283333333333333,-0.265
3.286111111111111,-0.28
3.2888888888888888,-0.3
3.2916666666666665,-0.315
3.2944444444444443,-0.325
3.297222222222222,-0.335
3.3,-0.345
3.3027777777777776,-0.33
3.3055555555555554,-0.335
3.308333333333333,-0.345
3.311111111111111,-0.36
3.313888888888889,-0.35
3.316666666666667,-0.34
3.3194444444444446,-0.335
3.3222222222222224,-0.345
3.325,-0.36
3.327777777777778,-0.365
3.3305555555555557,-0.375
3.3333333333333335,-0.37
3.3361111111111112,-0.365
3.338888888888889,-0.365
3.341666666666667,-0.38
3.3444444444444446,-0.375
3.3472222222222223,-0.375
3.35,-0.365
3.352777777777778,-0.37
3.3555555555555556,-0.36
3.3583333333333334,-0.37
3.361111111111111,-0.38
3.363888888888889,-0.365
3.3666666666666667,-0.36
3.3694444444444445,-0.35
3.3722222222222222,-0.355
3.375,-0.37
3.3777777777777778,-0.385
3.3805555555555555,-0.395
3.3833333333333333,-0.43
3.386111111111111,-0.445
3.388888888888889,-0.485
3.3916666666666666,-0.515
3.3944444444444444,-0.565
3.397222222222222,-0.555
3.4,-0.475
3.4027777777777777,-0.355
3.4055555555555554,-0.22
3.408333333333333,-0.055
3.411111111111111,0.185
3.4138888888888888,0.475
3.4166666666666665,0.705
3.4194444444444443,0.82
3.422222222222222,0.78
3.425,0.535
3.4277777777777776,0.145
3.4305555555555554,-0.2
3.433333333333333,-0.42
3.436111111111111,-0.5
3.438888888888889,-0.48
3.441666666666667,-0.45
3.4444444444444446,-0.41
3.4472222222222224,-0.4
3.45,-0.39
3.452777777777778,-0.39
3.4555555555555557,-0.4
3.4583333333333335,-0.405
3.4611111111111112,-0.425
3.463888888888889,-0.425
3.466666666666667,-0.405
3.4694444444444446,-0.395
3.4722222222222223,-0.405
3.475,-0.405
3.477777777777778,-0.415
3.4805555555555556,-0.405
3.4833333333333334,-0.385
3.486111111111111,-0.39
3.488888888888889,-0.395
3.4916666666666667,-0.395
3.4944444444444445,-0.395
3.4972222222222222,-0.395
3.5,-0.385
3.5027777777777778,-0.39
3.5055555555555555,-0.39
3.5083333333333333,-0.4
3.511111111111111,-0.425
3.513888888888889,-0.41
3.5166666666666666,-0.4
3.5194444444444444,-0.395
3.522222222222222,-0.4
3.525,-0.405
3.5277777777777777,-0.425
3.5305555555555554,-0.415
3.533333333333333,-0.405
3.536111111111111,-0.405
3.5388888888888888,-0.405
3.5416666666666665,-0.41
3.5444444444444443,-0.415
3.547222222222222,-0.405
3.55,-0.42
3.5527777777777776,-0.405
3.5555555555555554,-0.41
3.558333333333333,-0.41
3.561111111111111,-0.42
3.563888888888889,-0.415
3.566666666666667,-0.405
3.5694444444444446,-0.395
3.5722222222222224,-0.395
3.575,-0.395
3.577777777777778,-0.4
3.5805555555555557,-0.395
3.5833333333333335,-0.395
3.5861111111111112,-0.405
3.588888888888889,-0.405
3.591666666666667,-0.42
3.5944444444444446,-0.435
3.5972222222222223,-0.415
3.6,-0.405
3.602777777777778,-0.395
3.6055555555555556,-0.39
3.6083333333333334,-0.415
3.611111111111111,-0.405
3.613888888888889,-0.405
3.6166666666666667,-0.4
3.6194444444444445,-0.395
3.6222222222222222,-0.395
3.625,-0.405
3.6277777777777778,-0.42
3.6305555555555555,-0.415
3.6333333333333333,-0.4
3.636111111111111,-0.395
3.638888888888889,-0.4
3.6416666666666666,-0.405
3.6444444444444444,-0.425
3.647222222222222,-0.425
3.65,-0.425
3.6527777777777777,-0.42
3.6555555555555554,-0.425
3.658333333333333,-0.45
3.661111111111111,-0.445
3.6638888888888888,-0.45
3.6666666666666665,-0.435
3.6694444444444443,-0.445
3.672222222222222,-0.47
3.675,-0.455
3.6777777777777776,-0.46
3.6805555555555554,-0.44
3.683333333333333,-0.435
3.686111111111111,-0.425
3.688888888888889,-0.43
3.691666666666667,-0.445
3.6944444444444446,-0.45
3.6972222222222224,-0.445
3.7,-0.43
3.702777777777778,-0.42
3.7055555555555557,-0.41
3.7083333333333335,-0.425
3.7111111111111112,-0.42
3.713888888888889,-0.405
3.716666666666667,-0.38
3.7194444444444446,-0.37
3.7222222222222223,-0.365
3.725,-0.365
3.727777777777778,-0.365
3.7305555555555556,-0.345
3.7333333333333334,-0.33
3.736111111111111,-0.315
3.738888888888889,-0.305
3.7416666666666667,-0.305
3.7444444444444445,-0.32
3.7472222222222222,-0.31
3.75,-0.31
3.7527777777777778,-0.305
3.7555555555555555,-0.31
3.7583333333333333,-0.315
3.761111111111111,-0.32
3.763888888888889,-0.315
3.7666666666666666,-0.305
3.7694444444444444,-0.305
3.772222222222222,-0.295
3.775,-0.31
3.7777777777777777,-0.32
3.7805555555555554,-0.31
3.783333333333333,-0.315
3.786111111111111,-0.295
3.7888888888888888,-0.3
3.7916666666666665,-0.305
3.7944444444444443,-0.3
3.797222222222222,-0.285
3.8,-0.28
3.8027777777777776,-0.29
3.8055555555555554,-0.295
3.808333333333333,-0.305
3.811111111111111,-0.325
3.813888888888889,-0.305
3.816666666666667,-0.3
3.8194444444444446,-0.3
3.8222222222222224,-0.315
3.825,-0.325
3.827777777777778,-0.335
3.8305555555555557,-0.325
3.8333333333333335,-0.315
3.8361111111111112,-0.32
3.838888888888889,-0.335
3.841666666666667,-0.33
3.8444444444444446,-0.34
3.8472222222222223,-0.325
3.85,-0.325
3.852777777777778,-0.32
3.8555555555555556,-0.315
3.8583333333333334,-0.335
3.861111111111111,-0.335
3.863888888888889,-0.345
3.8666666666666667,-0.335
3.8694444444444445,-0.325
3.8722222222222222,-0.33
3.875,-0.315
3.8777777777777778,-0.335
3.8805555555555555,-0.33
3.8833333333333333,-0.33
3.886111111111111,-0.33
3.888888888888889,-0.33
3.8916666666666666,-0.335
3.8944444444444444,-0.34
3.897222222222222,-0.33
3.9,-0.32
3.9027777777777777,-0.315
3.9055555555555554,-0.325
3.908333333333333,-0.335
3.911111111111111,-0.355
3.9138888888888888,-0.345
3.9166666666666665,-0.34
3.9194444444444443,-0.335
3.922222222222222,-0.32
3.925,-0.325
3.9277777777777776,-0.35
3.9305555555555554,-0.33
3.933333333333333,-0.315
3.936111111111111,-0.315
3.938888888888889,-0.33
3.941666666666667,-0.33
3.9444444444444446,-0.335
3.9472222222222224,-0.335
3.95,-0.33
3.952777777777778,-0.33
3.9555555555555557,-0.33
3.9583333333333335,-0.34
3.9611111111111112,-0.34
3.963888888888889,-0.34
3.966666666666667,-0.325
3.9694444444444446,-0.325
3.9722222222222223,-0.325
3.975,-0.345
3.977777777777778,-0.35
3.9805555555555556,-0.34
3.9833333333333334,-0.33
3.986111111111111,-0.32
3.988888888888889,-0.31
3.9916666666666667,-0.305
3.9944444444444445,-0.305
3.9972222222222222,-0.275
4.0,-0.27
4.002777777777778,-0.255
4.0055555555555555,-0.26
4.008333333333334,-0.265
4.011111111111111,-0.26
4.013888888888889,-0.25
4.016666666666667,-0.235
4.019444444444445,-0.235
4.022222222222222,-0.22
4.025,-0.235
4.027777777777778,-0.235
4.030555555555556,-0.22
4.033333333333333,-0.23
4.036111111111111,-0.225
4.038888888888889,-0.235
4.041666666666667,-0.245
4.044444444444444,-0.255
4.0472222222222225,-0.24
4.05,-0.23
4.052777777777778,-0.23
4.055555555555555,-0.25
4.058333333333334,-0.255
4.061111111111111,-0.25
4.063888888888889,-0.23
4.066666666666666,-0.205
4.069444444444445,-0.195
4.072222222222222,-0.21
4.075,-0.23
4.0777777777777775,-0.27
4.080555555555556,-0.27
4.083333333333333,-0.285
4.086111111111111,-0.285
4.088888888888889,-0.31
4.091666666666667,-0.33
4.094444444444444,-0.34
4.097222222222222,-0.34
4.1,-0.345
4.102777777777778,-0.35
4.105555555555555,-0.35
4.108333333333333,-0.34
4.111111111111111,-0.355
4.113888888888889,-0.345
4.116666666666666,-0.34
4.1194444444444445,-0.34
4.122222222222222,-0.345
4.125,-0.355
4.127777777777778,-0.37
4.1305555555555555,-0.355
4.133333333333334,-0.37
4.136111111111111,-0.345
4.138888888888889,-0.34
4.141666666666667,-0.36
4.144444444444445,-0.38
4.147222222222222,-0.36
4.15,-0.345
4.152777777777778,-0.35
4.155555555555556,-0.35
4.158333333333333,-0.355
4.161111111111111,-0.38
4.163888888888889,-0.39
4.166666666666667,-0.395
4.169444444444444,-0.425
4.1722222222222225,-0.455
4.175,-0.475
4.177777777777778,-0.51
4.180555555555555,-0.545
4.183333333333334,-0.54
4.186111111111111,-0.495
4.188888888888889,-0.405
4.191666666666666,-0.295
4.194444444444445,-0.16
4.197222222222222,0.04
4.2,0.315
4.2027777777777775,0.595
4.205555555555556,0.8
4.208333333333333,0.885
4.211111111111111,0.795
4.213888888888889,0.52
4.216666666666667,0.13
4.219444444444444,-0.215
4.222222222222222,-0.425
4.225,-0.5
4.227777777777778,-0.49
4.230555555555555,-0.45
4.233333333333333,-0.4
4.236111111111111,-0.39
4.238888888888889,-0.395
4.241666666666666,-0.395
4.2444444444444445,-0.4
4.247222222222222,-0.39
4.25,-0.38
4.252777777777778,-0.385
4.2555555555555555,-0.385
4.258333333333334,-0.4
4.261111111111111,-0.41
4.263888888888889,-0.41
4.266666666666667,-0.39
4.269444444444445,-0.39
4.272222222222222,-0.405
4.275,-0.405
4.277777777777778,-0.415
4.280555555555556,-0.41
4.283333333333333,-0.395
4.286111111111111,-0.395
4.288888888888889,-0.4
4.291666666666667,-0.415
4.294444444444444,-0.415
4.2972222222222225,-0.415
4.3,-0.4
4.302777777777778,-0.39
4.305555555555555,-0.39
4.308333333333334,-0.41
4.311111111111111,-0.415
4.313888888888889,-0.405
4.316666666666666,-0.395
4.319444444444445,-0.395
4.322222222222222,-0.395
4.325,-0.405
4.3277777777777775,-0.41
4.330555555555556,-0.41
4.333333333333333,-0.4
4.336111111111111,-0.39
4.338888888888889,-0.395
4.341666666666667,-0.41
4.344444444444444,-0.425
4.347222222222222,-0.415
4.35,-0.405
4.352777777777778,-0.41
4.355555555555555,-0.405
4.358333333333333,-0.415
4.361111111111111,-0.425
4.363888888888889,-0.425
4.366666666666666,-0.41
4.3694444444444445,-0.395
4.372222222222222,-0.39
4.375,-0.4
4.377777777777778,-0.41
4.3805555555555555,-0.41
4.383333333333334,-0.4
4.386111111111111,-0.39
4.388888888888889,-0.41
4.391666666666667,-0.42
4.394444444444445,-0.42
4.397222222222222,-0.415
4.4,-0.415
4.402777777777778,-0.405
4.405555555555556,-0.42
4.408333333333333,-0.415
4.411111111111111,-0.425
4.413888888888889,-0.41
4.416666666666667,-0.4
4.419444444444444,-0.405
4.4222222222222225,-0.4
4.425,-0.4
4.427777777777778,-0.41
4.430555555555555,-0.4
4.433333333333334,-0.395
4.436111111111111,-0.395
4.438888888888889,-0.405
4.441666666666666,-0.41
4.444444444444445,-0.425
4.447222222222222,-0.425
4.45,-0.41
4.4527777777777775,-0.41
4.455555555555556,-0.42
4.458333333333333,-0.43
4.461111111111111,-0.445
4.463888888888889,-0.44
4.466666666666667,-0.435
4.469444444444444,-0.43
4.472222222222222,-0.43
4.475,-0.45
4.477777777777778,-0.445
4.480555555555555,-0.445
4.483333333333333,-0.435
4.486111111111111,-0.435
4.488888888888889,-0.445
4.491666666666666,-0.44
4.4944444444444445,-0.45
4.497222222222222,-0.43
4.5,-0.43
4.502777777777778,-0.415
4.5055555555555555,-0.4
4.508333333333334,-0.4
4.511111111111111,-0.385
4.513888888888889,-0.365
4.516666666666667,-0.335
4.519444444444445,-0.33
4.522222222222222,-0.325
4.525,-0.33
4.527777777777778,-0.33
4.530555555555556,-0.31
4.533333333333333,-0.295
4.536111111111111,-0.285
4.538888888888889,-0.29
4.541666666666667,-0.29
4.544444444444444,-0.31
4.5472222222222225,-0.295
4.55,-0.285
4.552777777777778,-0.28
4.555555555555555,-0.3
4.558333333333334,-0.29
4.561111111111111,-0.295
4.563888888888889,-0.29
4.566666666666666,-0.28
4.569444444444445,-0.275
4.572222222222222,-0.275
4.575,-0.29
4.5777777777777775,-0.29
4.580555555555556,-0.285
4.583333333333333,-0.27
4.586111111111111,-0.27
4.588888888888889,-0.27
4.591666666666667,-0.275
4.594444444444444,-0.29
4.597222222222222,-0.285
4.6,-0.275
4.602777777777778,-0.275
4.605555555555555,-0.29
4.608333333333333,-0.295
4.611111111111111,-0.305
4.613888888888889,-0.295
4.616666666666666,-0.295
4.6194444444444445,-0.285
4.622222222222222,-0.29
4.625,-0.3
4.627777777777778,-0.305
4.6305555555555555,-0.31
4.633333333333334,-0.295
4.636111111111111,-0.3
4.638888888888889,-0.305
4.641666666666667,-0.31
4.644444444444445,-0.325
4.647222222222222,-0.325
4.65,-0.315
4.652777777777778,-0.31
4.655555555555556,-0.315
4.658333333333333,-0.315
4.661111111111111,-0.325
4.663888888888889,-0.32
4.666666666666667,-0.31
4.669444444444444,-0.32
4.6722222222222225,-0.315
4.675,-0.33
4.677777777777778,-0.33
4.680555555555555,-0.32
4.683333333333334,-0.31
4.686111111111111,-0.31
4.688888888888889,-0.31
4.691666666666666,-0.33
4.694444444444445,-0.335
4.697222222222222,-0.33
4.7,-0.32
4.7027777777777775,-0.325
4.705555555555556,-0.325
4.708333333333333,-0.33
4.711111111111111,-0.335
4.713888888888889,-0.33
4.716666666666667,-0.325
4.719444444444444,-0.325
4.722222222222222,-0.32
4.725,-0.325
4.727777777777778,-0.33
4.730555555555555,-0.325
4.733333333333333,-0.315
4.736111111111111,-0.305
4.738888888888889,-0.325
4.741666666666666,-0.315
4.7444444444444445,-0.335
4.747222222222222,-0.33
4.75,-0.31
4.752777777777778,-0.32
4.7555555555555555,-0.33
4.758333333333334,-0.33
4.761111111111111,-0.335
4.763888888888889,-0.33
4.766666666666667,-0.33
4.769444444444445,-0.32
4.772222222222222,-0.32
4.775,-0.33
4.777777777777778,-0.33
4.780555555555556,-0.325
4.783333333333333,-0.315
4.786111111111111,-0.315
4.788888888888889,-0.315
4.791666666666667,-0.33
4.794444444444444,-0.33
4.7972222222222225,-0.32
4.8,-0.315
4.802777777777778,-0.305
4.805555555555555,-0.305
4.808333333333334,-0.295
4.811111111111111,-0.315
4.813888888888889,-0.3
4.816666666666666,-0.275
4.819444444444445,-0.255
4.822222222222222,-0.255
4.825,-0.26
4.8277777777777775,-0.265
4.830555555555556,-0.255
4.833333333333333,-0.235
4.836111111111111,-0.23
4.838888888888889,-0.225
4.841666666666667,-0.22
4.844444444444444,-0.22
4.847222222222222,-0.215
4.85,-0.2
4.852777777777778,-0.205
4.855555555555555,-0.205
4.858333333333333,-0.225
4.861111111111111,-0.235
4.863888888888889,-0.24
4.866666666666666,-0.23
4.8694444444444445,-0.215
4.872222222222222,-0.24
4.875,-0.24
4.877777777777778,-0.25
4.8805555555555555,-0.235
4.883333333333334,-0.21
4.886111111111111,-0.2
4.888888888888889,-0.22
4.891666666666667,-0.255
4.894444444444445,-0.275
4.897222222222222,-0.285
4.9,-0.3
4.902777777777778,-0.305
4.905555555555556,-0.32
4.908333333333333,-0.33
4.911111111111111,-0.325
4.913888888888889,-0.32
4.916666666666667,-0.33
4.919444444444444,-0.33
4.9222222222222225,-0.335
4.925,-0.34
4.927777777777778,-0.345
4.930555555555555,-0.34
4.933333333333334,-0.335
4.936111111111111,-0.32
4.938888888888889,-0.325
4.941666666666666,-0.335
4.944444444444445,-0.345
4.947222222222222,-0.345
4.95,-0.345
4.9527777777777775,-0.335
4.955555555555556,-0.34
4.958333333333333,-0.345
4.961111111111111,-0.355
4.963888888888889,-0.34
4.966666666666667,-0.34
4.969444444444444,-0.34
4.972222222222222,-0.34
4.975,-0.345
4.977777777777778,-0.355
4.980555555555555,-0.365
4.983333333333333,-0.37
4.986111111111111,-0.405
4.988888888888889,-0.445
4.991666666666666,-0.48
4.9944444444444445,-0.495
4.997222222222222,-0.52
5.0,-0.535
5.002777777777778,-0.505
5.0055555555555555,-0.415
5.008333333333334,-0.28
5.011111111111111,-0.135
5.013888888888889,0.065
5.016666666666667,0.3
5.019444444444445,0.58
5.022222222222222,0.81
5.025,0.945
5.027777777777778,0.92
5.030555555555556,0.775
5.033333333333333,0.445
5.036111111111111,0.02
5.038888888888889,-0.295
5.041666666666667,-0.445
5.044444444444444,-0.47
5.0472222222222225,-0.425
5.05,-0.38
5.052777777777778,-0.36
5.055555555555555,-0.36
5.058333333333334,-0.37
5.061111111111111,-0.38
5.063888888888889,-0.38
5.066666666666666,-0.375
5.069444444444445,-0.37
5.072222222222222,-0.365
5.075,-0.37
5.0777777777777775,-0.385
5.080555555555556,-0.385
5.083333333333333,-0.375
5.086111111111111,-0.37
5.088888888888889,-0.37
5.091666666666667,-0.385
5.094444444444444,-0.395
5.097222222222222,-0.385
5.1,-0.385
5.102777777777778,-0.39
5.105555555555555,-0.385
5.108333333333333,-0.395
5.111111111111111,-0.41
5.113888888888889,-0.4
5.116666666666666,-0.395
5.1194444444444445,-0.38
5.122222222222222,-0.395
5.125,-0.395
5.127777777777778,-0.4
5.1305555555555555,-0.4
5.133333333333334,-0.395
5.136111111111111,-0.39
5.138888888888889,-0.39
5.141666666666667,-0.395
5.144444444444445,-0.405
5.147222222222222,-0.39
5.15,-0.385
5.152777777777778,-0.375
5.155555555555556,-0.375
5.158333333333333,-0.38
5.161111111111111,-0.39
5.163888888888889,-0.385
5.166666666666667,-0.37
5.169444444444444,-0.37
5.1722222222222225,-0.37
5.175,-0.375
5.177777777777778,-0.385
5.180555555555555,-0.37
5.183333333333334,-0.39
5.186111111111111,-0.375
5.188888888888889,-0.37
5.191666666666666,-0.38
5.194444444444445,-0.39
5.197222222222222,-0.39
5.2,-0.385
5.2027777777777775,-0.375
5.205555555555556,-0.375
5.208333333333333,-0.385
5.211111111111111,-0.395
5.213888888888889,-0.39
5.216666666666667,-0.385
5.219444444444444,-0.375
5.222222222222222,-0.38
5.225,-0.385
5.227777777777778,-0.39
5.230555555555555,-0.38
5.233333333333333,-0.38
5.236111111111111,-0.37
5.238888888888889,-0.37
5.241666666666666,-0.365
5.2444444444444445,-0.39
5.247222222222222,-0.365
5.25,-0.365
5.252777777777778,-0.36
5.2555555555555555,-0.375
5.258333333333334,-0.38
5.261111111111111,-0.4
5.263888888888889,-0.39
5.266666666666667,-0.375
5.269444444444445,-0.375
5.272222222222222,-0.37
5.275,-0.385
5.277777777777778,-0.39
5.280555555555556,-0.39
5.283333333333333,-0.39
5.286111111111111,-0.39
5.288888888888889,-0.375
5.291666666666667,-0.385
5.294444444444444,-0.395
5.2972222222222225,-0.38
5.3,-0.37
5.302777777777778,-0.375
5.305555555555555,-0.375
5.308333333333334,-0.39
5.311111111111111,-0.405
5.313888888888889,-0.375
5.316666666666666,-0.37
5.319444444444445,-0.36
5.322222222222222,-0.375
5.325,-0.385
5.3277777777777775,-0.38
5.330555555555556,-0.37
5.333333333333333,-0.36
5.336111111111111,-0.345
5.338888888888889,-0.345
5.341666666666667,-0.33
5.344444444444444,-0.33
5.347222222222222,-0.315
5.35,-0.31
5.352777777777778,-0.295
5.355555555555555,-0.285
5.358333333333333,-0.285
5.361111111111111,-0.295
5.363888888888889,-0.28
5.366666666666666,-0.27
5.3694444444444445,-0.28
5.372222222222222,-0.28
5.375,-0.28
5.377777777777778,-0.29
5.3805555555555555,-0.29
5.383333333333334,-0.28
5.386111111111111,-0.275
5.388888888888889,-0.28
5.391666666666667,-0.285
5.394444444444445,-0.29
5.397222222222222,-0.29
5.4,-0.28
5.402777777777778,-0.28
5.405555555555556,-0.285
5.408333333333333,-0.29
5.411111111111111,-0.3
5.413888888888889,-0.295
5.416666666666667,-0.285
5.419444444444444,-0.28
5.4222222222222225,-0.285
5.425,-0.285
5.427777777777778,-0.295
5.430555555555555,-0.285
5.433333333333334,-0.28
5.436111111111111,-0.275
5.438888888888889,-0.28
5.441666666666666,-0.29
5.444444444444445,-0.31
5.447222222222222,-0.305
5.45,-0.285
5.4527777777777775,-0.27
5.455555555555556,-0.27
5.458333333333333,-0.275
5.461111111111111,-0.285
5.463888888888889,-0.285
5.466666666666667,-0.27
5.469444444444444,-0.265
5.472222222222222,-0.265
5.475,-0.265
5.477777777777778,-0.28
5.480555555555555,-0.265
5.483333333333333,-0.245
5.486111111111111,-0.235
5.488888888888889,-0.235
5.491666666666666,-0.25
5.4944444444444445,-0.25
5.497222222222222,-0.245
5.5,-0.215
5.502777777777778,-0.22
5.5055555555555555,-0.245
5.508333333333334,-0.255
5.511111111111111,-0.23
5.513888888888889,-0.205
5.516666666666667,-0.21
5.519444444444445,-0.22
5.522222222222222,-0.23
5.525,-0.24
5.527777777777778,-0.24
5.530555555555556,-0.245
5.533333333333333,-0.25
5.536111111111111,-0.27
5.538888888888889,-0.285
5.541666666666667,-0.315
5.544444444444444,-0.32
5.5472222222222225,-0.32
5.55,-0.31
5.552777777777778,-0.33
5.555555555555555,-0.34
5.558333333333334,-0.345
5.561111111111111,-0.36
5.563888888888889,-0.365
5.566666666666666,-0.36
5.569444444444445,-0.35
5.572222222222222,-0.355
5.575,-0.375
5.5777777777777775,-0.385
5.580555555555556,-0.375
5.583333333333333,-0.37
5.586111111111111,-0.365
5.588888888888889,-0.365
5.591666666666667,-0.37
5.594444444444444,-0.38
5.597222222222222,-0.36
5.6,-0.35
5.602777777777778,-0.355
5.605555555555555,-0.355
5.608333333333333,-0.35
5.611111111111111,-0.365
5.613888888888889,-0.35
5.616666666666666,-0.35
5.6194444444444445,-0.34
5.622222222222222,-0.355
5.625,-0.35
5.627777777777778,-0.375
5.6305555555555555,-0.365
5.633333333333334,-0.375
5.636111111111111,-0.4
5.638888888888889,-0.43
5.641666666666667,-0.475
5.644444444444445,-0.52
5.647222222222222,-0.52
5.65,-0.55
5.652777777777778,-0.57
5.655555555555556,-0.54
5.658333333333333,-0.445
5.661111111111111,-0.305
5.663888888888889,-0.14
5.666666666666667,0.025
5.669444444444444,0.26
5.6722222222222225,0.51
5.675,0.735
5.677777777777778,0.845
5.680555555555555,0.875
5.683333333333334,0.735
5.686111111111111,0.4
5.688888888888889,-0.025
5.691666666666666,-0.335
5.694444444444445,-0.48
5.697222222222222,-0.47
5.7,-0.415
5.7027777777777775,-0.375
5.705555555555556,-0.365
5.708333333333333,-0.385
5.711111111111111,-0.4
5.713888888888889,-0.38
5.716666666666667,-0.39
5.719444444444444,-0.375
5.722222222222222,-0.385
5.725,-0.395
5.727777777777778,-0.405
5.730555555555555,-0.39
5.733333333333333,-0.38
5.736111111111111,-0.385
5.738888888888889,-0.385
5.741666666666666,-0.395
5.7444444444444445,-0.4
5.747222222222222,-0.405
5.75,-0.4
5.752777777777778,-0.39
5.7555555555555555,-0.39
5.758333333333334,-0.395
5.761111111111111,-0.4
5.763888888888889,-0.39
5.766666666666667,-0.385
5.769444444444445,-0.39
5.772222222222222,-0.385
5.775,-0.41
5.777777777777778,-0.42
5.780555555555556,-0.405
5.783333333333333,-0.41
5.786111111111111,-0.39
5.788888888888889,-0.39
5.791666666666667,-0.39
5.794444444444444,-0.4
5.7972222222222225,-0.4
5.8,-0.39
5.802777777777778,-0.375
5.805555555555555,-0.38
5.808333333333334,-0.395
5.811111111111111,-0.4
5.813888888888889,-0.39
5.816666666666666,-0.4
5.819444444444445,-0.39
5.822222222222222,-0.395
5.825,-0.41
5.8277777777777775,-0.415
5.830555555555556,-0.405
5.833333333333333,-0.385
5.836111111111111,-0.385
5.838888888888889,-0.38
5.841666666666667,-0.4
5.844444444444444,-0.4
5.847222222222222,-0.395
5.85,-0.39
5.852777777777778,-0.38
5.855555555555555,-0.375
5.858333333333333,-0.395
5.861111111111111,-0.395
5.863888888888889,-0.385
5.866666666666666,-0.38
5.8694444444444445,-0.375
5.872222222222222,-0.385
5.875,-0.39
5.877777777777778,-0.4
5.8805555555555555,-0.4
5.883333333333334,-0.385
5.886111111111111,-0.38
5.888888888888889,-0.395
5.891666666666667,-0.39
5.894444444444445,-0.4
5.897222222222222,-0.395
5.9,-0.385
5.902777777777778,-0.38
5.905555555555556,-0.385
5.908333333333333,-0.395
5.911111111111111,-0.405
5.913888888888889,-0.4
5.916666666666667,-0.39
5.919444444444444,-0.38
5.9222222222222225,-0.38
5.925,-0.385
5.927777777777778,-0.405
5.930555555555555,-0.395
5.933333333333334,-0.4
5.936111111111111,-0.39
5.938888888888889,-0.4
5.941666666666666,-0.405
5.944444444444445,-0.425
5.947222222222222,-0.42
5.95,-0.405
5.9527777777777775,-0.4
5.955555555555556,-0.405
5.958333333333333,-0.405
5.961111111111111,-0.415
5.963888888888889,-0.4
5.966666666666667,-0.39
5.969444444444444,-0.38
5.972222222222222,-0.385
5.975,-0.395
5.977777777777778,-0.405
5.980555555555555,-0.39
5.983333333333333,-0.37
5.986111111111111,-0.37
5.988888888888889,-0.37
5.991666666666666,-0.385
5.9944444444444445,-0.37
5.997222222222222,-0.355
6.0,-0.345
6.002777777777778,-0.34
6.0055555555555555,-0.335
6.008333333333334,-0.34
6.011111111111111,-0.355
6.013888888888889,-0.335
6.016666666666667,-0.325
6.019444444444445,-0.31
6.022222222222222,-0.305
6.025,-0.305
6.027777777777778,-0.32
6.030555555555556,-0.315
6.033333333333333,-0.31
6.036111111111111,-0.305
6.038888888888889,-0.305
6.041666666666667,-0.33
6.044444444444444,-0.325
6.0472222222222225,-0.345
6.05,-0.325
6.052777777777778,-0.315
6.055555555555555,-0.315
6.058333333333334,-0.305
6.061111111111111,-0.31
6.063888888888889,-0.31
6.066666666666666,-0.3
6.069444444444445,-0.305
6.072222222222222,-0.305
6.075,-0.315
6.0777777777777775,-0.32
6.080555555555556,-0.325
6.083333333333333,-0.315
6.086111111111111,-0.305
6.088888888888889,-0.315
6.091666666666667,-0.325
6.094444444444444,-0.325
6.097222222222222,-0.33
6.1,-0.315
6.102777777777778,-0.315
6.105555555555555,-0.31
6.108333333333333,-0.33
6.111111111111111,-0.34
6.113888888888889,-0.335
6.116666666666666,-0.33
6.1194444444444445,-0.345
6.122222222222222,-0.355
6.125,-0.365
6.127777777777778,-0.37
6.1305555555555555,-0.345
6.133333333333334,-0.34
6.136111111111111,-0.34
6.138888888888889,-0.345
6.141666666666667,-0.36
6.144444444444445,-0.365
6.147222222222222,-0.36
6.15,-0.36
6.152777777777778,-0.345
6.155555555555556,-0.355
6.158333333333333,-0.365
6.161111111111111,-0.35
6.163888888888889,-0.36
6.166666666666667,-0.35
6.169444444444444,-0.34
6.1722222222222225,-0.345
6.175,-0.355
6.177777777777778,-0.37
6.180555555555555,-0.35
6.183333333333334,-0.35
6.186111111111111,-0.35
6.188888888888889,-0.345
6.191666666666666,-0.35
6.194444444444445,-0.355
6.197222222222222,-0.36
6.2,-0.345
6.2027777777777775,-0.355
6.205555555555556,-0.35
6.208333333333333,-0.36
6.211111111111111,-0.37
6.213888888888889,-0.355
6.216666666666667,-0.355
6.219444444444444,-0.35
6.222222222222222,-0.355
6.225,-0.36
6.227777777777778,-0.39
6.230555555555555,-0.385
6.233333333333333,-0.36
6.236111111111111,-0.36
6.238888888888889,-0.37
6.241666666666666,-0.37
6.2444444444444445,-0.39
6.247222222222222,-0.375
6.25,-0.37
6.252777777777778,-0.35
6.2555555555555555,-0.34
6.258333333333334,-0.345
6.261111111111111,-0.36
6.263888888888889,-0.36
6.266666666666667,-0.35
6.269444444444445,-0.35
6.272222222222222,-0.335
6.275,-0.36
6.277777777777778,-0.365
6.280555555555556,-0.365
6.283333333333333,-0.36
6.286111111111111,-0.36
6.288888888888889,-0.365
6.291666666666667,-0.375
6.294444444444444,-0.385
6.2972222222222225,-0.385
6.3,-0.365
6.302777777777778,-0.37
6.305555555555555,-0.375
6.308333333333334,-0.37
6.311111111111111,-0.375
6.313888888888889,-0.365
6.316666666666666,-0.355
6.319444444444445,-0.355
6.322222222222222,-0.36
6.325,-0.365
6.3277777777777775,-0.37
6.330555555555556,-0.36
6.333333333333333,-0.35
6.336111111111111,-0.34
6.338888888888889,-0.345
6.341666666666667,-0.34
6.344444444444444,-0.35
6.347222222222222,-0.345
6.35,-0.35
6.352777777777778,-0.36
6.355555555555555,-0.35
6.358333333333333,-0.36
6.361111111111111,-0.37
6.363888888888889,-0.36
6.366666666666666,-0.36
6.3694444444444445,-0.355
6.372222222222222,-0.36
6.375,-0.375
6.377777777777778,-0.375
6.3805555555555555,-0.37
6.383333333333334,-0.35
6.386111111111111,-0.355
6.388888888888889,-0.36
6.391666666666667,-0.365
6.394444444444445,-0.375
6.397222222222222,-0.37
6.4,-0.365
6.402777777777778,-0.36
6.405555555555556,-0.355
6.408333333333333,-0.36
6.411111111111111,-0.36
6.413888888888889,-0.35
6.416666666666667,-0.34
6.419444444444444,-0.345
6.4222222222222225,-0.345
6.425,-0.355
6.427777777777778,-0.36
6.430555555555555,-0.36
6.433333333333334,-0.365
6.436111111111111,-0.345
6.438888888888889,-0.355
6.441666666666666,-0.35
6.444444444444445,-0.36
6.447222222222222,-0.355
6.45,-0.36
6.4527777777777775,-0.345
6.455555555555556,-0.335
6.458333333333333,-0.33
6.461111111111111,-0.33
6.463888888888889,-0.31
6.466666666666667,-0.305
6.469444444444444,-0.3
6.472222222222222,-0.305
6.475,-0.295
6.477777777777778,-0.305
6.480555555555555,-0.285
6.483333333333333,-0.275
6.486111111111111,-0.265
6.488888888888889,-0.255
6.491666666666666,-0.255
6.4944444444444445,-0.26
6.497222222222222,-0.265
6.5,-0.255
6.502777777777778,-0.255
6.5055555555555555,-0.26
6.508333333333334,-0.28
6.511111111111111,-0.29
6.513888888888889,-0.28
6.516666666666667,-0.27
6.519444444444445,-0.255
6.522222222222222,-0.275
6.525,-0.29
6.527777777777778,-0.32
6.530555555555556,-0.3
6.533333333333333,-0.295
6.536111111111111,-0.27
6.538888888888889,-0.265
6.541666666666667,-0.27
6.544444444444444,-0.285
6.5472222222222225,-0.3
6.55,-0.31
6.552777777777778,-0.315
6.555555555555555,-0.32
6.558333333333334,-0.35
6.561111111111111,-0.37
6.563888888888889,-0.365
6.566666666666666,-0.365
6.569444444444445,-0.365
6.572222222222222,-0.37
6.575,-0.37
6.5777777777777775,-0.37
6.580555555555556,-0.38
6.583333333333333,-0.36
6.586111111111111,-0.375
6.588888888888889,-0.375
6.591666666666667,-0.4
6.594444444444444,-0.42
6.597222222222222,-0.405
6.6,-0.4
6.602777777777778,-0.385
6.605555555555555,-0.38
6.608333333333333,-0.4
6.611111111111111,-0.415
6.613888888888889,-0.405
6.616666666666666,-0.395
6.6194444444444445,-0.395
6.622222222222222,-0.395
6.625,-0.41
6.627777777777778,-0.43
6.6305555555555555,-0.44
6.633333333333334,-0.455
6.636111111111111,-0.49
6.638888888888889,-0.485
6.641666666666667,-0.52
6.644444444444445,-0.57
6.647222222222222,-0.575
6.65,-0.525
6.652777777777778,-0.42
6.655555555555556,-0.305
6.658333333333333,-0.19
6.661111111111111,-0.02
6.663888888888889,0.22
6.666666666666667,0.485
6.669444444444444,0.715
6.6722222222222225,0.845
6.675,0.885
6.677777777777778,0.79
6.680555555555555,0.56
6.683333333333334,0.225
6.686111111111111,-0.07
6.688888888888889,-0.285
6.691666666666666,-0.425
6.694444444444445,-0.5
6.697222222222222,-0.55
6.7,-0.535
6.7027777777777775,-0.5
6.705555555555556,-0.465
6.708333333333333,-0.45
6.711111111111111,-0.45
6.713888888888889,-0.435
6.716666666666667,-0.42
6.719444444444444,-0.41
6.722222222222222,-0.41
6.725,-0.415
6.727777777777778,-0.42
6.730555555555555,-0.425
6.733333333333333,-0.42
6.736111111111111,-0.43
6.738888888888889,-0.43
6.741666666666666,-0.44
6.7444444444444445,-0.45
6.747222222222222,-0.45
6.75,-0.43
6.752777777777778,-0.43
6.7555555555555555,-0.43
6.758333333333334,-0.445
6.761111111111111,-0.445
6.763888888888889,-0.44
6.766666666666667,-0.425
6.769444444444445,-0.43
6.772222222222222,-0.43
6.775,-0.425
6.777777777777778,-0.445
6.780555555555556,-0.445
6.783333333333333,-0.43
6.786111111111111,-0.435
6.788888888888889,-0.435
6.791666666666667,-0.445
6.794444444444444,-0.445
6.7972222222222225,-0.435
6.8,-0.43
6.802777777777778,-0.425
6.805555555555555,-0.43
6.808333333333334,-0.43
6.811111111111111,-0.44
6.813888888888889,-0.42
6.816666666666666,-0.43
6.819444444444445,-0.425
6.822222222222222,-0.43
6.825,-0.44
6.8277777777777775,-0.44
6.830555555555556,-0.43
6.833333333333333,-0.43
6.836111111111111,-0.415
6.838888888888889,-0.425
6.841666666666667,-0.43
6.844444444444444,-0.455
6.847222222222222,-0.445
6.85,-0.445
6.852777777777778,-0.43
6.855555555555555,-0.43
6.858333333333333,-0.44
6.861111111111111,-0.44
6.863888888888889,-0.435
6.866666666666666,-0.43
6.8694444444444445,-0.415
6.872222222222222,-0.415
6.875,-0.425
6.877777777777778,-0.425
6.8805555555555555,-0.42
6.883333333333334,-0.405
6.886111111111111,-0.405
6.888888888888889,-0.415
6.891666666666667,-0.415
6.894444444444445,-0.425
6.897222222222222,-0.43
6.9,-0.405
6.902777777777778,-0.405
6.905555555555556,-0.405
6.908333333333333,-0.405
6.911111111111111,-0.43
6.913888888888889,-0.415
6.916666666666667,-0.41
6.919444444444444,-0.415
6.9222222222222225,-0.43
6.925,-0.445
6.927777777777778,-0.465
6.930555555555555,-0.46
6.933333333333334,-0.45
6.936111111111111,-0.455
6.938888888888889,-0.46
6.941666666666666,-0.465
6.944444444444445,-0.485
6.947222222222222,-0.495
6.95,-0.475
6.9527777777777775,-0.49
6.955555555555556,-0.5
6.958333333333333,-0.495
6.961111111111111,-0.515
6.963888888888889,-0.5
6.966666666666667,-0.485
6.969444444444444,-0.49
6.972222222222222,-0.485
6.975,-0.5
6.977777777777778,-0.5
6.980555555555555,-0.49
6.983333333333333,-0.48
6.986111111111111,-0.46
6.988888888888889,-0.46
6.991666666666666,-0.47
6.9944444444444445,-0.465
6.997222222222222,-0.44
7.0,-0.43
7.002777777777778,-0.425
7.0055555555555555,-0.41
7.008333333333334,-0.41
7.011111111111111,-0.4
7.013888888888889,-0.39
7.016666666666667,-0.38
7.019444444444445,-0.355
7.022222222222222,-0.35
7.025,-0.355
7.027777777777778,-0.35
7.030555555555556,-0.34
7.033333333333333,-0.33
7.036111111111111,-0.325
7.038888888888889,-0.305
7.041666666666667,-0.32
7.044444444444444,-0.315
7.0472222222222225,-0.305
7.05,-0.3
7.052777777777778,-0.305
7.055555555555555,-0.305
7.058333333333334,-0.31
7.061111111111111,-0.33
7.063888888888889,-0.31
7.066666666666666,-0.315
7.069444444444445,-0.315
7.072222222222222,-0.32
7.075,-0.325
7.0777777777777775,-0.325
7.080555555555556,-0.325
7.083333333333333,-0.31
7.086111111111111,-0.31
7.088888888888889,-0.315
7.091666666666667,-0.325
7.094444444444444,-0.33
7.097222222222222,-0.325
7.1,-0.325
7.102777777777778,-0.315
7.105555555555555,-0.32
7.108333333333333,-0.33
7.111111111111111,-0.335
7.113888888888889,-0.33
7.116666666666666,-0.315
7.1194444444444445,-0.32
7.122222222222222,-0.32
7.125,-0.335
7.127777777777778,-0.335
7.1305555555555555,-0.325
7.133333333333334,-0.325
7.136111111111111,-0.32
7.138888888888889,-0.32
7.141666666666667,-0.325
7.144444444444445,-0.35
7.147222222222222,-0.345
7.15,-0.345
7.152777777777778,-0.335
7.155555555555556,-0.345
7.158333333333333,-0.355
7.161111111111111,-0.355
7.163888888888889,-0.355
7.166666666666667,-0.345
7.169444444444444,-0.335
7.1722222222222225,-0.335
7.175,-0.345
7.177777777777778,-0.355
7.180555555555555,-0.34
7.183333333333334,-0.335
7.186111111111111,-0.33
7.188888888888889,-0.335
7.191666666666666,-0.345
7.194444444444445,-0.35
7.197222222222222,-0.35
7.2,-0.34
7.2027777777777775,-0.335
7.205555555555556,-0.33
7.208333333333333,-0.36
7.211111111111111,-0.355
7.213888888888889,-0.345
7.216666666666667,-0.335
7.219444444444444,-0.345
7.222222222222222,-0.35
7.225,-0.36
7.227777777777778,-0.38
7.230555555555555,-0.37
7.233333333333333,-0.345
7.236111111111111,-0.345
7.238888888888889,-0.35
7.241666666666666,-0.355
7.2444444444444445,-0.365
7.247222222222222,-0.36
7.25,-0.345
7.252777777777778,-0.345
7.2555555555555555,-0.35
7.258333333333334,-0.36
7.261111111111111,-0.36
7.263888888888889,-0.35
7.266666666666667,-0.355
7.269444444444445,-0.34
7.272222222222222,-0.345
7.275,-0.355
7.277777777777778,-0.355
7.280555555555556,-0.355
7.283333333333333,-0.34
7.286111111111111,-0.34
7.288888888888889,-0.345
7.291666666666667,-0.365
7.294444444444444,-0.37
7.2972222222222225,-0.35
7.3,-0.33
7.302777777777778,-0.32
7.305555555555555,-0.315
7.308333333333334,-0.295
7.311111111111111,-0.305
7.313888888888889,-0.295
7.316666666666666,-0.3
7.319444444444445,-0.285
7.322222222222222,-0.275
7.325,-0.26
7.3277777777777775,-0.275
7.330555555555556,-0.265
7.333333333333333,-0.26
7.336111111111111,-0.25
7.338888888888889,-0.245
7.341666666666667,-0.255
7.344444444444444,-0.265
7.347222222222222,-0.26
7.35,-0.26
7.352777777777778,-0.25
7.355555555555555,-0.26
7.358333333333333,-0.28
7.361111111111111,-0.28
7.363888888888889,-0.275
7.366666666666666,-0.285
7.3694444444444445,-0.28
7.372222222222222,-0.255
7.375,-0.245
7.377777777777778,-0.245
7.3805555555555555,-0.26
7.383333333333334,-0.285
7.386111111111111,-0.29
7.388888888888889,-0.3
7.391666666666667,-0.32
7.394444444444445,-0.335
7.397222222222222,-0.355
7.4,-0.35
7.402777777777778,-0.355
7.405555555555556,-0.355
7.408333333333333,-0.375
7.411111111111111,-0.385
7.413888888888889,-0.38
7.416666666666667,-0.36
7.419444444444444,-0.35
7.4222222222222225,-0.36
7.425,-0.365
7.427777777777778,-0.37
7.430555555555555,-0.37
7.433333333333334,-0.365
7.436111111111111,-0.36
7.438888888888889,-0.365
7.441666666666666,-0.37
7.444444444444445,-0.385
7.447222222222222,-0.385
7.45,-0.365
7.4527777777777775,-0.36
7.455555555555556,-0.38
7.458333333333333,-0.385
7.461111111111111,-0.395
7.463888888888889,-0.395
7.466666666666667,-0.385
7.469444444444444,-0.38
7.472222222222222,-0.395
7.475,-0.425
7.477777777777778,-0.465
7.480555555555555,-0.5
7.483333333333333,-0.515
7.486111111111111,-0.53
7.488888888888889,-0.56
7.491666666666666,-0.585
7.4944444444444445,-0.53
7.497222222222222,-0.41
7.5,-0.255
7.502777777777778,-0.105
7.5055555555555555,0.105
7.508333333333334,0.355
7.511111111111111,0.6
7.513888888888889,0.81
7.516666666666667,0.89
7.519444444444445,0.83
7.522222222222222,0.58
7.525,0.185
7.527777777777778,-0.205
7.530555555555556,-0.45
7.533333333333333,-0.525
7.536111111111111,-0.495
7.538888888888889,-0.465
7.541666666666667,-0.435
7.544444444444444,-0.415
7.5472222222222225,-0.415
7.55,-0.415
7.552777777777778,-0.4
7.555555555555555,-0.395
7.558333333333334,-0.405
7.561111111111111,-0.425
7.563888888888889,-0.435
7.566666666666666,-0.415
7.569444444444445,-0.415
7.572222222222222,-0.415
7.575,-0.415
7.5777777777777775,-0.43
7.580555555555556,-0.42
7.583333333333333,-0.41
7.586111111111111,-0.405
7.588888888888889,-0.42
7.591666666666667,-0.41
7.594444444444444,-0.42
7.597222222222222,-0.4
7.6,-0.395
7.602777777777778,-0.385
7.605555555555555,-0.4
7.608333333333333,-0.4
7.611111111111111,-0.4
7.613888888888889,-0.4
7.616666666666666,-0.395
7.6194444444444445,-0.4
7.622222222222222,-0.4
7.625,-0.4
7.627777777777778,-0.41
7.6305555555555555,-0.395
7.633333333333334,-0.41
7.636111111111111,-0.4
7.638888888888889,-0.395
7.641666666666667,-0.405
7.644444444444445,-0.41
7.647222222222222,-0.415
7.65,-0.405
7.652777777777778,-0.4
7.655555555555556,-0.395
7.658333333333333,-0.405
7.661111111111111,-0.415
7.663888888888889,-0.405
7.666666666666667,-0.415
7.669444444444444,-0.41
7.6722222222222225,-0.405
7.675,-0.405
7.677777777777778,-0.41
7.680555555555555,-0.405
7.683333333333334,-0.4
7.686111111111111,-0.395
7.688888888888889,-0.405
7.691666666666666,-0.405
7.694444444444445,-0.4
7.697222222222222,-0.395
7.7,-0.39
7.7027777777777775,-0.395
7.705555555555556,-0.39
7.708333333333333,-0.395
7.711111111111111,-0.42
7.713888888888889,-0.415
7.716666666666667,-0.405
7.719444444444444,-0.4
7.722222222222222,-0.4
7.725,-0.415
7.727777777777778,-0.42
7.730555555555555,-0.41
7.733333333333333,-0.395
7.736111111111111,-0.4
7.738888888888889,-0.405
7.741666666666666,-0.415
7.7444444444444445,-0.435
7.747222222222222,-0.415
7.75,-0.415
7.752777777777778,-0.4
7.7555555555555555,-0.405
7.758333333333334,-0.42
7.761111111111111,-0.43
7.763888888888889,-0.425
7.766666666666667,-0.41
7.769444444444445,-0.41
7.772222222222222,-0.405
7.775,-0.415
7.777777777777778,-0.425
7.780555555555556,-0.425
7.783333333333333,-0.42
7.786111111111111,-0.41
7.788888888888889,-0.41
7.791666666666667,-0.42
7.794444444444444,-0.43
7.7972222222222225,-0.425
7.8,-0.42
7.802777777777778,-0.405
7.805555555555555,-0.415
7.808333333333334,-0.41
7.811111111111111,-0.41
7.813888888888889,-0.385
7.816666666666666,-0.37
7.819444444444445,-0.36
7.822222222222222,-0.35
7.825,-0.35
7.8277777777777775,-0.35
7.830555555555556,-0.335
7.833333333333333,-0.32
7.836111111111111,-0.305
7.838888888888889,-0.315
7.841666666666667,-0.315
7.844444444444444,-0.32
7.847222222222222,-0.305
7.85,-0.305
7.852777777777778,-0.295
7.855555555555555,-0.29
7.858333333333333,-0.295
7.861111111111111,-0.295
7.863888888888889,-0.285
7.866666666666666,-0.285
7.8694444444444445,-0.27
7.872222222222222,-0.28
7.875,-0.28
7.877777777777778,-0.295
7.8805555555555555,-0.28
7.883333333333334,-0.285
7.886111111111111,-0.275
7.888888888888889,-0.285
7.891666666666667,-0.295
7.894444444444445,-0.305
7.897222222222222,-0.295
7.9,-0.285
7.902777777777778,-0.285
7.905555555555556,-0.29
7.908333333333333,-0.3
7.911111111111111,-0.31
7.913888888888889,-0.295
7.916666666666667,-0.3
7.919444444444444,-0.29
7.9222222222222225,-0.285
7.925,-0.305
7.927777777777778,-0.31
7.930555555555555,-0.3
7.933333333333334,-0.295
7.936111111111111,-0.305
7.938888888888889,-0.3
7.941666666666666,-0.305
7.944444444444445,-0.32
7.947222222222222,-0.32
7.95,-0.31
7.9527777777777775,-0.3
7.955555555555556,-0.31
7.958333333333333,-0.32
7.961111111111111,-0.34
7.963888888888889,-0.33
7.966666666666667,-0.31
7.969444444444444,-0.315
7.972222222222222,-0.325
7.975,-0.325
7.977777777777778,-0.345
7.980555555555555,-0.33
7.983333333333333,-0.32
7.986111111111111,-0.32
7.988888888888889,-0.335
7.991666666666666,-0.335
7.9944444444444445,-0.355
7.997222222222222,-0.34
8.0,-0.32
8.002777777777778,-0.315
8.005555555555556,-0.33
8.008333333333333,-0.34
8.011111111111111,-0.34
8.01388888888889,-0.35
8.016666666666667,-0.33
8.019444444444444,-0.33
8.022222222222222,-0.34
8.025,-0.35
8.027777777777779,-0.355
8.030555555555555,-0.345
8.033333333333333,-0.335
8.036111111111111,-0.335
8.03888888888889,-0.34
8.041666666666666,-0.34
8.044444444444444,-0.345
8.047222222222222,-0.335
8.05,-0.335
8.052777777777777,-0.325
8.055555555555555,-0.325
8.058333333333334,-0.335
8.061111111111112,-0.34
8.063888888888888,-0.34
8.066666666666666,-0.32
8.069444444444445,-0.315
8.072222222222223,-0.32
8.075,-0.335
8.077777777777778,-0.335
8.080555555555556,-0.32
8.083333333333334,-0.325
8.08611111111111,-0.315
8.088888888888889,-0.32
8.091666666666667,-0.32
8.094444444444445,-0.345
8.097222222222221,-0.335
8.1,-0.32
8.102777777777778,-0.31
8.105555555555556,-0.32
8.108333333333333,-0.32
8.11111111111111,-0.34
8.113888888888889,-0.33
8.116666666666667,-0.32
8.119444444444444,-0.31
8.122222222222222,-0.31
8.125,-0.31
8.127777777777778,-0.295
8.130555555555556,-0.28
8.133333333333333,-0.255
8.136111111111111,-0.25
8.13888888888889,-0.25
8.141666666666667,-0.255
8.144444444444444,-0.26
8.147222222222222,-0.24
8.15,-0.22
8.152777777777779,-0.23
8.155555555555555,-0.23
8.158333333333333,-0.215
8.161111111111111,-0.22
8.16388888888889,-0.225
8.166666666666666,-0.23
8.169444444444444,-0.23
8.172222222222222,-0.235
8.175,-0.245
8.177777777777777,-0.255
8.180555555555555,-0.24
8.183333333333334,-0.235
8.186111111111112,-0.245
8.188888888888888,-0.235
8.191666666666666,-0.23
8.194444444444445,-0.22
8.197222222222223,-0.195
8.2,-0.22
8.202777777777778,-0.245
8.205555555555556,-0.26
8.208333333333334,-0.27
8.21111111111111,-0.29
8.213888888888889,-0.3
8.216666666666667,-0.305
8.219444444444445,-0.305
8.222222222222221,-0.32
8.225,-0.33
8.227777777777778,-0.35
8.230555555555556,-0.35
8.233333333333333,-0.335
8.23611111111111,-0.335
8.238888888888889,-0.335
8.241666666666667,-0.34
8.244444444444444,-0.35
8.247222222222222,-0.35
8.25,-0.345
8.252777777777778,-0.335
8.255555555555556,-0.345
8.258333333333333,-0.355
8.261111111111111,-0.37
8.26388888888889,-0.35
8.266666666666667,-0.345
8.269444444444444,-0.335
8.272222222222222,-0.335
8.275,-0.335
8.277777777777779,-0.355
8.280555555555555,-0.355
8.283333333333333,-0.345
8.286111111111111,-0.355
8.28888888888889,-0.395
8.291666666666666,-0.45
8.294444444444444,-0.48
8.297222222222222,-0.505
8.3,-0.525
8.302777777777777,-0.545
8.305555555555555,-0.5
8.308333333333334,-0.395
8.311111111111112,-0.255
8.313888888888888,-0.07
8.316666666666666,0.145
8.319444444444445,0.425
8.322222222222223,0.685
8.325,0.875
8.327777777777778,0.925
8.330555555555556,0.795
8.333333333333334,0.47
8.33611111111111,0.02
8.338888888888889,-0.325
8.341666666666667,-0.47
8.344444444444445,-0.485
8.347222222222221,-0.41
8.35,-0.365
8.352777777777778,-0.355
8.355555555555556,-0.365
8.358333333333333,-0.38
8.36111111111111,-0.385
8.363888888888889,-0.38
8.366666666666667,-0.37
8.369444444444444,-0.37
8.372222222222222,-0.375
8.375,-0.385
8.377777777777778,-0.395
8.380555555555556,-0.385
8.383333333333333,-0.38
8.386111111111111,-0.385
8.38888888888889,-0.375
8.391666666666667,-0.39
8.394444444444444,-0.405
8.397222222222222,-0.405
8.4,-0.39
8.402777777777779,-0.385
8.405555555555555,-0.385
8.408333333333333,-0.39
8.411111111111111,-0.41
8.41388888888889,-0.4
8.416666666666666,-0.39
8.419444444444444,-0.385
8.422222222222222,-0.385
8.425,-0.395
8.427777777777777,-0.39
8.430555555555555,-0.395
8.433333333333334,-0.38
8.436111111111112,-0.375
8.438888888888888,-0.38
8.441666666666666,-0.385
8.444444444444445,-0.4
8.447222222222223,-0.385
8.45,-0.38
8.452777777777778,-0.375
8.455555555555556,-0.38
8.458333333333334,-0.395
8.46111111111111,-0.395
8.463888888888889,-0.385
8.466666666666667,-0.375
8.469444444444445,-0.37
8.472222222222221,-0.365
8.475,-0.385
8.477777777777778,-0.395
8.480555555555556,-0.385
8.483333333333333,-0.385
8.48611111111111,-0.37
8.488888888888889,-0.375
8.491666666666667,-0.37
8.494444444444444,-0.375
8.497222222222222,-0.375
8.5,-0.37
8.502777777777778,-0.355
8.505555555555556,-0.365
8.508333333333333,-0.38
8.511111111111111,-0.375
8.51388888888889,-0.37
8.516666666666667,-0.38
8.519444444444444,-0.365
8.522222222222222,-0.37
8.525,-0.375
8.527777777777779,-0.39
8.530555555555555,-0.38
8.533333333333333,-0.375
8.536111111111111,-0.38
8.53888888888889,-0.37
8.541666666666666,-0.375
8.544444444444444,-0.38
8.547222222222222,-0.385
8.55,-0.385
8.552777777777777,-0.37
8.555555555555555,-0.375
8.558333333333334,-0.375
8.561111111111112,-0.38
8.563888888888888,-0.38
8.566666666666666,-0.38
8.569444444444445,-0.38
8.572222222222223,-0.375
8.575,-0.39
8.577777777777778,-0.395
8.580555555555556,-0.385
8.583333333333334,-0.385
8.58611111111111,-0.375
8.588888888888889,-0.375
8.591666666666667,-0.385
8.594444444444445,-0.385
8.597222222222221,-0.39
8.6,-0.37
8.602777777777778,-0.365
8.605555555555556,-0.365
8.608333333333333,-0.375
8.61111111111111,-0.385
8.613888888888889,-0.35
8.616666666666667,-0.345
8.619444444444444,-0.325
8.622222222222222,-0.325
8.625,-0.33
8.627777777777778,-0.325
8.630555555555556,-0.325
8.633333333333333,-0.315
8.636111111111111,-0.315
8.63888888888889,-0.315
8.641666666666667,-0.3
8.644444444444444,-0.3
8.647222222222222,-0.285
8.65,-0.27
8.652777777777779,-0.265
8.655555555555555,-0.26
8.658333333333333,-0.275
8.661111111111111,-0.285
8.66388888888889,-0.265
8.666666666666666,-0.255
8.669444444444444,-0.25
8.672222222222222,-0.27
8.675,-0.28
8.677777777777777,-0.285
8.680555555555555,-0.285
8.683333333333334,-0.28
8.686111111111112,-0.27
8.688888888888888,-0.27
8.691666666666666,-0.27
8.694444444444445,-0.285
8.697222222222223,-0.28
8.7,-0.275
8.702777777777778,-0.27
8.705555555555556,-0.265
8.708333333333334,-0.275
8.71111111111111,-0.29
8.713888888888889,-0.285
8.716666666666667,-0.285
8.719444444444445,-0.275
8.722222222222221,-0.27
8.725,-0.28
8.727777777777778,-0.295
8.730555555555556,-0.28
8.733333333333333,-0.27
8.73611111111111,-0.27
8.738888888888889,-0.275
8.741666666666667,-0.285
8.744444444444444,-0.3
8.747222222222222,-0.295
8.75,-0.29
8.752777777777778,-0.295
8.755555555555556,-0.3
8.758333333333333,-0.29
8.761111111111111,-0.305
8.76388888888889,-0.295
8.766666666666667,-0.29
8.769444444444444,-0.295
8.772222222222222,-0.29
8.775,-0.31
8.777777777777779,-0.32
8.780555555555555,-0.315
8.783333333333333,-0.315
8.786111111111111,-0.3
8.78888888888889,-0.305
8.791666666666666,-0.315
8.794444444444444,-0.33
8.797222222222222,-0.32
8.8,-0.305
8.802777777777777,-0.315
8.805555555555555,-0.305
8.808333333333334,-0.315
8.811111111111112,-0.325
8.813888888888888,-0.31
8.816666666666666,-0.295
8.819444444444445,-0.3
8.822222222222223,-0.305
8.825,-0.31
8.827777777777778,-0.325
8.830555555555556,-0.315
8.833333333333334,-0.315
8.83611111111111,-0.305
8.838888888888889,-0.305
8.841666666666667,-0.325
8.844444444444445,-0.32
8.847222222222221,-0.32
8.85,-0.31
8.852777777777778,-0.305
8.855555555555556,-0.32
8.858333333333333,-0.32
8.86111111111111,-0.32
8.863888888888889,-0.31
8.866666666666667,-0.305
8.869444444444444,-0.29
8.872222222222222,-0.285
8.875,-0.29
8.877777777777778,-0.305
8.880555555555556,-0.31
8.883333333333333,-0.3
8.886111111111111,-0.3
8.88888888888889,-0.31
8.891666666666667,-0.315
8.894444444444444,-0.315
8.897222222222222,-0.31
8.9,-0.295
8.902777777777779,-0.3
8.905555555555555,-0.295
8.908333333333333,-0.315
8.911111111111111,-0.31
8.91388888888889,-0.29
8.916666666666666,-0.265
8.919444444444444,-0.24
8.922222222222222,-0.255
8.925,-0.24
8.927777777777777,-0.25
8.930555555555555,-0.225
8.933333333333334,-0.225
8.936111111111112,-0.215
8.938888888888888,-0.21
8.941666666666666,-0.2
8.944444444444445,-0.195
8.947222222222223,-0.195
8.95,-0.18
8.952777777777778,-0.175
8.955555555555556,-0.18
8.958333333333334,-0.205
8.96111111111111,-0.215
8.963888888888889,-0.21
8.966666666666667,-0.21
8.969444444444445,-0.21
8.972222222222221,-0.21
8.975,-0.215
8.977777777777778,-0.225
8.980555555555556,-0.21
8.983333333333333,-0.18
8.98611111111111,-0.17
8.988888888888889,-0.185
8.991666666666667,-0.24
8.994444444444444,-0.255
8.997222222222222,-0.255
9.0,-0.27
9.002777777777778,-0.275
9.005555555555556,-0.285
9.008333333333333,-0.3
9.011111111111111,-0.3
9.01388888888889,-0.315
9.016666666666667,-0.305
9.019444444444444,-0.3
9.022222222222222,-0.295
9.025,-0.3
9.027777777777779,-0.315
9.030555555555555,-0.31
9.033333333333333,-0.31
9.036111111111111,-0.3
9.03888888888889,-0.3
9.041666666666666,-0.305
9.044444444444444,-0.315
9.047222222222222,-0.325
9.05,-0.32
9.052777777777777,-0.32
9.055555555555555,-0.32
9.058333333333334,-0.325
9.061111111111112,-0.34
9.063888888888888,-0.335
9.066666666666666,-0.325
9.069444444444445,-0.315
9.072222222222223,-0.32
9.075,-0.345
9.077777777777778,-0.37
9.080555555555556,-0.395
9.083333333333334,-0.425
9.08611111111111,-0.445
9.088888888888889,-0.465
9.091666666666667,-0.51
9.094444444444445,-0.53
9.097222222222221,-0.485
9.1,-0.37
9.102777777777778,-0.235
9.105555555555556,-0.09
9.108333333333333,0.105
9.11111111111111,0.375
9.113888888888889,0.655
9.116666666666667,0.82
9.119444444444444,0.865
9.122222222222222,0.735
9.125,0.45
9.127777777777778,0.06
9.130555555555556,-0.27
9.133333333333333,-0.43
9.136111111111111,-0.46
9.13888888888889,-0.415
9.141666666666667,-0.385
9.144444444444444,-0.365
9.147222222222222,-0.355
9.15,-0.355
9.152777777777779,-0.345
9.155555555555555,-0.35
9.158333333333333,-0.35
9.161111111111111,-0.36
9.16388888888889,-0.345
9.166666666666666,-0.34
9.169444444444444,-0.34
9.172222222222222,-0.335
9.175,-0.335
9.177777777777777,-0.355
9.180555555555555,-0.345
9.183333333333334,-0.34
9.186111111111112,-0.335
9.188888888888888,-0.34
9.191666666666666,-0.35
9.194444444444445,-0.365
9.197222222222223,-0.36
9.2,-0.365
9.202777777777778,-0.35
9.205555555555556,-0.345
9.208333333333334,-0.365
9.21111111111111,-0.36
9.213888888888889,-0.35
9.216666666666667,-0.355
9.219444444444445,-0.35
9.222222222222221,-0.355
9.225,-0.35
9.227777777777778,-0.36
9.230555555555556,-0.335
9.233333333333333,-0.335
9.23611111111111,-0.33
9.238888888888889,-0.34
9.241666666666667,-0.35
9.244444444444444,-0.35
9.247222222222222,-0.345
9.25,-0.335
9.252777777777778,-0.345
9.255555555555556,-0.355
9.258333333333333,-0.355
9.261111111111111,-0.37
9.26388888888889,-0.355
9.266666666666667,-0.35
9.269444444444444,-0.345
9.272222222222222,-0.365
9.275,-0.365
9.277777777777779,-0.37
9.280555555555555,-0.365
9.283333333333333,-0.355
9.286111111111111,-0.345
9.28888888888889,-0.345
9.291666666666666,-0.345
9.294444444444444,-0.34
9.297222222222222,-0.335
9.3,-0.325
9.302777777777777,-0.335
9.305555555555555,-0.345
9.308333333333334,-0.35
9.311111111111112,-0.35
9.313888888888888,-0.355
9.316666666666666,-0.355
9.319444444444445,-0.36
9.322222222222223,-0.35
9.325,-0.36
9.327777777777778,-0.365
9.330555555555556,-0.345
9.333333333333334,-0.345
9.33611111111111,-0.33
9.338888888888889,-0.35
9.341666666666667,-0.345
9.344444444444445,-0.355
9.347222222222221,-0.35
9.35,-0.34
9.352777777777778,-0.335
9.355555555555556,-0.35
9.358333333333333,-0.365
9.36111111111111,-0.38
9.363888888888889,-0.385
9.366666666666667,-0.355
9.369444444444444,-0.36
9.372222222222222,-0.355
9.375,-0.37
9.377777777777778,-0.385
9.380555555555556,-0.37
9.383333333333333,-0.37
9.386111111111111,-0.35
9.38888888888889,-0.345
9.391666666666667,-0.365
9.394444444444444,-0.365
9.397222222222222,-0.36
9.4,-0.345
9.402777777777779,-0.33
9.405555555555555,-0.33
9.408333333333333,-0.33
9.411111111111111,-0.335
9.41388888888889,-0.315
9.416666666666666,-0.31
9.419444444444444,-0.285
9.422222222222222,-0.29
9.425,-0.29
9.427777777777777,-0.3
9.430555555555555,-0.28
9.433333333333334,-0.275
9.436111111111112,-0.26
9.438888888888888,-0.26
9.441666666666666,-0.27
9.444444444444445,-0.265
9.447222222222223,-0.255
9.45,-0.25
9.452777777777778,-0.245
9.455555555555556,-0.245
9.458333333333334,-0.255
9.46111111111111,-0.265
9.463888888888889,-0.26
9.466666666666667,-0.255
9.469444444444445,-0.24
9.472222222222221,-0.25
9.475,-0.255
9.477777777777778,-0.275
9.480555555555556,-0.275
9.483333333333333,-0.265
9.48611111111111,-0.27
9.488888888888889,-0.275
9.491666666666667,-0.28
9.494444444444444,-0.29
9.497222222222222,-0.28
9.5,-0.275
9.502777777777778,-0.27
9.505555555555556,-0.27
9.508333333333333,-0.28
9.511111111111111,-0.29
9.51388888888889,-0.28
9.516666666666667,-0.285
9.519444444444444,-0.275
9.522222222222222,-0.29
9.525,-0.28
9.527777777777779,-0.29
9.530555555555555,-0.28
9.533333333333333,-0.285
9.536111111111111,-0.275
9.53888888888889,-0.28
9.541666666666666,-0.295
9.544444444444444,-0.305
9.547222222222222,-0.3
9.55,-0.3
9.552777777777777,-0.305
9.555555555555555,-0.315
9.558333333333334,-0.32
9.561111111111112,-0.31
9.563888888888888,-0.31
9.566666666666666,-0.3
9.569444444444445,-0.31
9.572222222222223,-0.31
9.575,-0.32
9.577777777777778,-0.325
9.580555555555556,-0.31
9.583333333333334,-0.32
9.58611111111111,-0.31
9.588888888888889,-0.31
9.591666666666667,-0.315
9.594444444444445,-0.325
9.597222222222221,-0.315
9.6,-0.305
9.602777777777778,-0.315
9.605555555555556,-0.31
9.608333333333333,-0.32
9.61111111111111,-0.325
9.613888888888889,-0.325
9.616666666666667,-0.32
9.619444444444444,-0.305
9.622222222222222,-0.305
9.625,-0.3
9.627777777777778,-0.315
9.630555555555556,-0.3
9.633333333333333,-0.31
9.636111111111111,-0.315
9.63888888888889,-0.305
9.641666666666667,-0.31
9.644444444444444,-0.32
9.647222222222222,-0.31
9.65,-0.3
9.652777777777779,-0.295
9.655555555555555,-0.3
9.658333333333333,-0.315
9.661111111111111,-0.325
9.66388888888889,-0.325
9.666666666666666,-0.305
9.669444444444444,-0.31
9.672222222222222,-0.29
9.675,-0.315
9.677777777777777,-0.325
9.680555555555555,-0.32
9.683333333333334,-0.29
9.686111111111112,-0.28
9.688888888888888,-0.26
9.691666666666666,-0.26
9.694444444444445,-0.265
9.697222222222223,-0.26
9.7,-0.25
9.702777777777778,-0.23
9.705555555555556,-0.22
9.708333333333334,-0.22
9.71111111111111,-0.235
9.713888888888889,-0.22
9.716666666666667,-0.205
9.719444444444445,-0.205
9.722222222222221,-0.21
9.725,-0.21
9.727777777777778,-0.23
9.730555555555556,-0.24
9.733333333333333,-0.23
9.73611111111111,-0.225
9.738888888888889,-0.235
9.741666666666667,-0.25
9.744444444444444,-0.265
9.747222222222222,-0.26
9.75,-0.245
9.752777777777778,-0.215
9.755555555555556,-0.215
9.758333333333333,-0.245
9.761111111111111,-0.28
9.76388888888889,-0.275
9.766666666666667,-0.275
9.769444444444444,-0.295
9.772222222222222,-0.31
9.775,-0.325
9.777777777777779,-0.34
9.780555555555555,-0.34
9.783333333333333,-0.325
9.786111111111111,-0.315
9.78888888888889,-0.31
9.791666666666666,-0.315
9.794444444444444,-0.33
9.797222222222222,-0.33
9.8,-0.325
9.802777777777777,-0.325
9.805555555555555,-0.335
9.808333333333334,-0.345
9.811111111111112,-0.35
9.813888888888888,-0.35
9.816666666666666,-0.35
9.819444444444445,-0.345
9.822222222222223,-0.35
9.825,-0.365
9.827777777777778,-0.36
9.830555555555556,-0.35
9.833333333333334,-0.355
9.83611111111111,-0.345
9.838888888888889,-0.345
9.841666666666667,-0.35
9.844444444444445,-0.365
9.847222222222221,-0.38
9.85,-0.405
9.852777777777778,-0.425
9.855555555555556,-0.44
9.858333333333333,-0.47
9.86111111111111,-0.52
9.863888888888889,-0.54
9.866666666666667,-0.49
9.869444444444444,-0.39
9.872222222222222,-0.26
9.875,-0.115
9.877777777777778,0.085
9.880555555555556,0.36
9.883333333333333,0.615
9.886111111111111,0.78
9.88888888888889,0.835
9.891666666666667,0.72
9.894444444444444,0.41
9.897222222222222,0.03
9.9,-0.255
9.902777777777779,-0.415
9.905555555555555,-0.47
9.908333333333333,-0.465
9.911111111111111,-0.435
9.91388888888889,-0.395
9.916666666666666,-0.375
9.919444444444444,-0.37
9.922222222222222,-0.375
9.925,-0.375
9.927777777777777,-0.39
9.930555555555555,-0.4
9.933333333333334,-0.38
9.936111111111112,-0.385
9.938888888888888,-0.385
9.941666666666666,-0.385
9.944444444444445,-0.385
9.947222222222223,-0.37
9.95,-0.37
9.952777777777778,-0.36
9.955555555555556,-0.38
9.958333333333334,-0.38
9.96111111111111,-0.385
9.963888888888889,-0.37
9.966666666666667,-0.37
9.969444444444445,-0.365
9.972222222222221,-0.375
9.975,-0.385
9.977777777777778,-0.39
9.980555555555556,-0.39
9.983333333333333,-0.385
9.98611111111111,-0.385
9.988888888888889,-0.395
9.991666666666667,-0.39
9.994444444444444,-0.4
9.997222222222222,-0.405
10.0,-0.39
10.002777777777778,-0.395
10.005555555555556,-0.39
10.008333333333333,-0.405
10.011111111111111,-0.405
10.01388888888889,-0.4
10.016666666666667,-0.375
10.019444444444444,-0.38
10.022222222222222,-0.39
10.025,-0.395
10.027777777777779,-0.395
10.030555555555555,-0.39
10.033333333333333,-0.39
10.036111111111111,-0.385
10.03888888888889,-0.405
10.041666666666666,-0.4
10.044444444444444,-0.405
10.047222222222222,-0.395
10.05,-0.39
10.052777777777777,-0.395
10.055555555555555,-0.39
10.058333333333334,-0.4
10.061111111111112,-0.405
10.063888888888888,-0.405
10.066666666666666,-0.39
10.069444444444445,-0.39
10.072222222222223,-0.395
10.075,-0.4
10.077777777777778,-0.4
10.080555555555556,-0.395
10.083333333333334,-0.38
10.08611111111111,-0.37
10.088888888888889,-0.38
10.091666666666667,-0.385
10.094444444444445,-0.395
10.097222222222221,-0.39
10.1,-0.38
10.102777777777778,-0.38
10.105555555555556,-0.385
10.108333333333333,-0.39
10.11111111111111,-0.39
10.113888888888889,-0.4
10.116666666666667,-0.4
10.119444444444444,-0.405
10.122222222222222,-0.415
10.125,-0.42
10.127777777777778,-0.43
10.130555555555556,-0.43
10.133333333333333,-0.425
10.136111111111111,-0.42
10.13888888888889,-0.43
10.141666666666667,-0.445
10.144444444444444,-0.465
10.147222222222222,-0.455
10.15,-0.44
10.152777777777779,-0.425
10.155555555555555,-0.435
10.158333333333333,-0.45
10.161111111111111,-0.44
10.16388888888889,-0.445
10.166666666666666,-0.425
10.169444444444444,-0.425
10.172222222222222,-0.425
10.175,-0.43
10.177777777777777,-0.43
10.180555555555555,-0.415
10.183333333333334,-0.415
10.186111111111112,-0.385
10.188888888888888,-0.375
10.191666666666666,-0.385
10.194444444444445,-0.37
10.197222222222223,-0.36
10.2,-0.35
10.202777777777778,-0.335
10.205555555555556,-0.335
10.208333333333334,-0.325
10.21111111111111,-0.32
10.213888888888889,-0.325
10.216666666666667,-0.305
10.219444444444445,-0.295
10.222222222222221,-0.3
10.225,-0.29
10.227777777777778,-0.295
10.230555555555556,-0.29
10.233333333333333,-0.29
10.23611111111111,-0.285
10.238888888888889,-0.285
10.241666666666667,-0.285
10.244444444444444,-0.29
10.247222222222222,-0.29
10.25,-0.285
10.252777777777778,-0.27
10.255555555555556,-0.27
10.258333333333333,-0.28
10.261111111111111,-0.29
10.26388888888889,-0.285
10.266666666666667,-0.275
10.269444444444444,-0.275
10.272222222222222,-0.275
10.275,-0.29
10.277777777777779,-0.305
10.280555555555555,-0.305
10.283333333333333,-0.3
10.286111111111111,-0.28
10.28888888888889,-0.29
10.291666666666666,-0.305
10.294444444444444,-0.315
10.297222222222222,-0.31
10.3,-0.295
10.302777777777777,-0.29
10.305555555555555,-0.3
10.308333333333334,-0.305
10.311111111111112,-0.305
10.313888888888888,-0.31
10.316666666666666,-0.3
10.319444444444445,-0.295
10.322222222222223,-0.305
10.325,-0.305
10.327777777777778,-0.315
10.330555555555556,-0.31
10.333333333333334,-0.31
10.33611111111111,-0.295
10.338888888888889,-0.3
10.341666666666667,-0.305
10.344444444444445,-0.31
10.347222222222221,-0.305
10.35,-0.305
10.352777777777778,-0.295
10.355555555555556,-0.3
10.358333333333333,-0.315
10.36111111111111,-0.325
10.363888888888889,-0.32
10.366666666666667,-0.32
10.369444444444444,-0.315
10.372222222222222,-0.31
10.375,-0.325
10.377777777777778,-0.335
10.380555555555556,-0.33
10.383333333333333,-0.32
10.386111111111111,-0.32
10.38888888888889,-0.31
10.391666666666667,-0.33
10.394444444444444,-0.33
10.397222222222222,-0.325
10.4,-0.31
10.402777777777779,-0.305
10.405555555555555,-0.305
10.408333333333333,-0.32
10.411111111111111,-0.33
10.41388888888889,-0.325
10.416666666666666,-0.3
10.419444444444444,-0.31
10.422222222222222,-0.305
10.425,-0.315
10.427777777777777,-0.33
10.430555555555555,-0.33
10.433333333333334,-0.33
10.436111111111112,-0.32
10.438888888888888,-0.325
10.441666666666666,-0.325
10.444444444444445,-0.335
10.447222222222223,-0.325
10.45,-0.315
10.452777777777778,-0.31
10.455555555555556,-0.315
10.458333333333334,-0.32
10.46111111111111,-0.325
10.463888888888889,-0.315
10.466666666666667,-0.31
10.469444444444445,-0.305
10.472222222222221,-0.31
10.475,-0.315
10.477777777777778,-0.32
10.480555555555556,-0.315
10.483333333333333,-0.31
10.48611111111111,-0.295
10.488888888888889,-0.295
10.491666666666667,-0.305
10.494444444444444,-0.31
10.497222222222222,-0.3
10.5,-0.28
10.502777777777778,-0.275
10.505555555555556,-0.265
10.508333333333333,-0.275
10.511111111111111,-0.275
10.51388888888889,-0.26
10.516666666666667,-0.24
10.519444444444444,-0.24
10.522222222222222,-0.235
10.525,-0.24
10.527777777777779,-0.235
10.530555555555555,-0.225
10.533333333333333,-0.215
10.536111111111111,-0.205
10.53888888888889,-0.205
10.541666666666666,-0.21
10.544444444444444,-0.215
10.547222222222222,-0.22
10.55,-0.22
10.552777777777777,-0.215
10.555555555555555,-0.22
10.558333333333334,-0.22
10.561111111111112,-0.23
10.563888888888888,-0.23
10.566666666666666,-0.24
10.569444444444445,-0.21
10.572222222222223,-0.22
10.575,-0.23
10.577777777777778,-0.255
10.580555555555556,-0.235
10.583333333333334,-0.21
10.58611111111111,-0.19
10.588888888888889,-0.205
10.591666666666667,-0.225
10.594444444444445,-0.26
10.597222222222221,-0.275
10.6,-0.28
10.602777777777778,-0.285
10.605555555555556,-0.305
10.608333333333333,-0.32
10.61111111111111,-0.315
10.613888888888889,-0.335
10.616666666666667,-0.325
10.619444444444444,-0.335
10.622222222222222,-0.32
10.625,-0.325
10.627777777777778,-0.32
10.630555555555556,-0.325
10.633333333333333,-0.325
10.636111111111111,-0.31
10.63888888888889,-0.305
10.641666666666667,-0.32
10.644444444444444,-0.32
10.647222222222222,-0.33
10.65,-0.32
10.652777777777779,-0.32
10.655555555555555,-0.33
10.658333333333333,-0.33
10.661111111111111,-0.36
10.66388888888889,-0.355
10.666666666666666,-0.33
10.669444444444444,-0.325
10.672222222222222,-0.325
10.675,-0.335
10.677777777777777,-0.35
10.680555555555555,-0.34
10.683333333333334,-0.345
10.686111111111112,-0.355
10.688888888888888,-0.385
10.691666666666666,-0.425
10.694444444444445,-0.45
10.697222222222223,-0.47
10.7,-0.485
10.702777777777778,-0.51
10.705555555555556,-0.515
10.708333333333334,-0.455
10.71111111111111,-0.325
10.713888888888889,-0.165
10.716666666666667,0.01
10.719444444444445,0.25
10.722222222222221,0.515
10.725,0.74
10.727777777777778,0.885
10.730555555555556,0.935
10.733333333333333,0.835
10.73611111111111,0.525
10.738888888888889,0.12
10.741666666666667,-0.23
10.744444444444444,-0.425
10.747222222222222,-0.455
10.75,-0.42
10.752777777777778,-0.38
10.755555555555556,-0.36
10.758333333333333,-0.365
10.761111111111111,-0.375
10.76388888888889,-0.38
10.766666666666667,-0.355
10.769444444444444,-0.355
10.772222222222222,-0.37
10.775,-0.375
10.777777777777779,-0.385
10.780555555555555,-0.38
10.783333333333333,-0.365
10.786111111111111,-0.37
10.78888888888889,-0.37
10.791666666666666,-0.365
10.794444444444444,-0.38
10.797222222222222,-0.37
10.8,-0.375
10.802777777777777,-0.365
10.805555555555555,-0.37
10.808333333333334,-0.38
10.811111111111112,-0.375
10.813888888888888,-0.365
10.816666666666666,-0.36
10.819444444444445,-0.36
10.822222222222223,-0.355
10.825,-0.355
10.827777777777778,-0.37
10.830555555555556,-0.365
10.833333333333334,-0.355
10.83611111111111,-0.35
10.838888888888889,-0.35
10.841666666666667,-0.35
10.844444444444445,-0.36
10.847222222222221,-0.36
10.85,-0.36
10.852777777777778,-0.35
10.855555555555556,-0.355
10.858333333333333,-0.365
10.86111111111111,-0.37
10.863888888888889,-0.36
10.866666666666667,-0.35
10.869444444444444,-0.355
10.872222222222222,-0.35
10.875,-0.355
10.877777777777778,-0.37
10.880555555555556,-0.375
10.883333333333333,-0.36
10.886111111111111,-0.35
10.88888888888889,-0.345
10.891666666666667,-0.35
10.894444444444444,-0.37
10.897222222222222,-0.37
10.9,-0.355
10.902777777777779,-0.35
10.905555555555555,-0.345
10.908333333333333,-0.36
10.911111111111111,-0.37
10.91388888888889,-0.365
10.916666666666666,-0.36
10.919444444444444,-0.35
10.922222222222222,-0.355
10.925,-0.365
10.927777777777777,-0.365
10.930555555555555,-0.37
10.933333333333334,-0.365
10.936111111111112,-0.35
10.938888888888888,-0.35
10.941666666666666,-0.36
10.944444444444445,-0.36
10.947222222222223,-0.355
10.95,-0.345
10.952777777777778,-0.35
10.955555555555556,-0.345
10.958333333333334,-0.355
10.96111111111111,-0.37
10.963888888888889,-0.365
10.966666666666667,-0.355
10.969444444444445,-0.36
10.972222222222221,-0.365
10.975,-0.365
10.977777777777778,-0.38
10.980555555555556,-0.385
10.983333333333333,-0.375
10.98611111111111,-0.37
10.988888888888889,-0.375
10.991666666666667,-0.385
10.994444444444444,-0.395
10.997222222222222,-0.375
11.0,-0.385
11.002777777777778,-0.38
11.005555555555556,-0.37
11.008333333333333,-0.385
11.011111111111111,-0.385
11.01388888888889,-0.38
11.016666666666667,-0.37
11.019444444444444,-0.36
11.022222222222222,-0.35
11.025,-0.335
11.027777777777779,-0.33
11.030555555555555,-0.315
11.033333333333333,-0.295
11.036111111111111,-0.29
11.03888888888889,-0.29
11.041666666666666,-0.285
11.044444444444444,-0.29
11.047222222222222,-0.28
11.05,-0.28
11.052777777777777,-0.26
11.055555555555555,-0.255
11.058333333333334,-0.27
11.061111111111112,-0.275
11.063888888888888,-0.26
11.066666666666666,-0.25
11.069444444444445,-0.245
11.072222222222223,-0.25
11.075,-0.26
11.077777777777778,-0.265
11.080555555555556,-0.245
11.083333333333334,-0.235
11.08611111111111,-0.245
11.088888888888889,-0.24
11.091666666666667,-0.25
11.094444444444445,-0.265
11.097222222222221,-0.25
11.1,-0.25
11.102777777777778,-0.25
11.105555555555556,-0.25
11.108333333333333,-0.255
11.11111111111111,-0.265
11.113888888888889,-0.26
11.116666666666667,-0.24
11.119444444444444,-0.25
11.122222222222222,-0.245
11.125,-0.25
11.127777777777778,-0.27
11.130555555555556,-0.265
11.133333333333333,-0.27
11.136111111111111,-0.265
11.13888888888889,-0.265
11.141666666666667,-0.275
11.144444444444444,-0.285
11.147222222222222,-0.275
11.15,-0.265
11.152777777777779,-0.27
11.155555555555555,-0.27
11.158333333333333,-0.28
11.161111111111111,-0.285
11.16388888888889,-0.285
11.166666666666666,-0.28
11.169444444444444,-0.285
11.172222222222222,-0.28
11.175,-0.285
11.177777777777777,-0.3
11.180555555555555,-0.29
11.183333333333334,-0.285
11.186111111111112,-0.27
11.188888888888888,-0.28
11.191666666666666,-0.295
11.194444444444445,-0.29
11.197222222222223,-0.29
11.2,-0.295
11.202777777777778,-0.29
11.205555555555556,-0.285
11.208333333333334,-0.305
11.21111111111111,-0.315
11.213888888888889,-0.31
11.216666666666667,-0.31
11.219444444444445,-0.29
11.222222222222221,-0.295
11.225,-0.31
11.227777777777778,-0.32
11.230555555555556,-0.315
11.233333333333333,-0.31
11.23611111111111,-0.3
11.238888888888889,-0.3
11.241666666666667,-0.315
11.244444444444444,-0.32
11.247222222222222,-0.315
11.25,-0.32
11.252777777777778,-0.29
11.255555555555556,-0.3
11.258333333333333,-0.3
11.261111111111111,-0.315
11.26388888888889,-0.31
11.266666666666667,-0.3
11.269444444444444,-0.3
11.272222222222222,-0.29
11.275,-0.31
11.277777777777779,-0.325
11.280555555555555,-0.315
11.283333333333333,-0.305
11.286111111111111,-0.305
11.28888888888889,-0.305
11.291666666666666,-0.315
11.294444444444444,-0.325
11.297222222222222,-0.32
11.3,-0.31
11.302777777777777,-0.3
11.305555555555555,-0.295
11.308333333333334,-0.315
11.311111111111112,-0.32
11.313888888888888,-0.305
11.316666666666666,-0.3
11.319444444444445,-0.29
11.322222222222223,-0.295
11.325,-0.295
11.327777777777778,-0.31
11.330555555555556,-0.295
11.333333333333334,-0.295
11.33611111111111,-0.285
11.338888888888889,-0.295
11.341666666666667,-0.295
11.344444444444445,-0.31
11.347222222222221,-0.3
11.35,-0.285
11.352777777777778,-0.28
11.355555555555556,-0.275
11.358333333333333,-0.28
11.36111111111111,-0.265
11.363888888888889,-0.245
11.366666666666667,-0.23
11.369444444444444,-0.24
11.372222222222222,-0.24
11.375,-0.24
11.377777777777778,-0.245
11.380555555555556,-0.22
11.383333333333333,-0.22
11.386111111111111,-0.215
11.38888888888889,-0.2
11.391666666666667,-0.2
11.394444444444444,-0.21
11.397222222222222,-0.205
11.4,-0.195
11.402777777777779,-0.205
11.405555555555555,-0.21
11.408333333333333,-0.215
11.411111111111111,-0.225
11.41388888888889,-0.225
11.416666666666666,-0.2
11.419444444444444,-0.2
11.422222222222222,-0.21
11.425,-0.225
11.427777777777777,-0.22
11.430555555555555,-0.195
11.433333333333334,-0.18
11.436111111111112,-0.175
11.438888888888888,-0.205
11.441666666666666,-0.245
11.444444444444445,-0.265
11.447222222222223,-0.275
11.45,-0.28
11.452777777777778,-0.285
11.455555555555556,-0.3
11.458333333333334,-0.31
11.46111111111111,-0.325
11.463888888888889,-0.32
11.466666666666667,-0.325
11.469444444444445,-0.31
11.472222222222221,-0.325
11.475,-0.33
11.477777777777778,-0.34
11.480555555555556,-0.335
11.483333333333333,-0.33
11.48611111111111,-0.325
11.488888888888889,-0.32
11.491666666666667,-0.34
11.494444444444444,-0.345
11.497222222222222,-0.34
11.5,-0.33
11.502777777777778,-0.335
11.505555555555556,-0.33
11.508333333333333,-0.34
11.511111111111111,-0.34
11.51388888888889,-0.335
11.516666666666667,-0.335
11.519444444444444,-0.33
11.522222222222222,-0.335
11.525,-0.345
11.527777777777779,-0.375
11.530555555555555,-0.395
11.533333333333333,-0.43
11.536111111111111,-0.44
11.53888888888889,-0.45
11.541666666666666,-0.45
11.544444444444444,-0.475
11.547222222222222,-0.48
11.55,-0.51
11.552777777777777,-0.55
11.555555555555555,-0.575
11.558333333333334,-0.545
11.561111111111112,-0.49
11.563888888888888,-0.375
11.566666666666666,-0.25
11.569444444444445,-0.12
11.572222222222223,0.06
11.575,0.285
11.577777777777778,0.525
11.580555555555556,0.74
11.583333333333334,0.86
11.58611111111111,0.89
11.588888888888889,0.73
11.591666666666667,0.425
11.594444444444445,0.015
11.597222222222221,-0.285
11.6,-0.435
11.602777777777778,-0.45
11.605555555555556,-0.435
11.608333333333333,-0.385
11.61111111111111,-0.38
11.613888888888889,-0.37
11.616666666666667,-0.37
11.619444444444444,-0.37
11.622222222222222,-0.36
11.625,-0.36
11.627777777777778,-0.37
11.630555555555556,-0.385
11.633333333333333,-0.365
11.636111111111111,-0.36
11.63888888888889,-0.365
11.641666666666667,-0.365
11.644444444444444,-0.375
11.647222222222222,-0.385
11.65,-0.36
11.652777777777779,-0.365
11.655555555555555,-0.355
11.658333333333333,-0.375
11.661111111111111,-0.38
11.66388888888889,-0.375
11.666666666666666,-0.355
11.669444444444444,-0.355
11.672222222222222,-0.36
11.675,-0.365
11.677777777777777,-0.38
11.680555555555555,-0.37
11.683333333333334,-0.355
11.686111111111112,-0.35
11.688888888888888,-0.355
11.691666666666666,-0.365
11.694444444444445,-0.38
11.697222222222223,-0.365
11.7,-0.355
11.702777777777778,-0.355
11.705555555555556,-0.365
11.708333333333334,-0.385
11.71111111111111,-0.39
11.713888888888889,-0.375
11.716666666666667,-0.355
11.719444444444445,-0.365
11.722222222222221,-0.36
11.725,-0.355
11.727777777777778,-0.365
11.730555555555556,-0.365
11.733333333333333,-0.355
11.73611111111111,-0.345
11.738888888888889,-0.345
11.741666666666667,-0.365
11.744444444444444,-0.36
11.747222222222222,-0.375
11.75,-0.355
11.752777777777778,-0.36
11.755555555555556,-0.365
11.758333333333333,-0.365
11.761111111111111,-0.37
11.76388888888889,-0.36
11.766666666666667,-0.355
11.769444444444444,-0.36
11.772222222222222,-0.365
11.775,-0.385
11.777777777777779,-0.38
11.780555555555555,-0.365
11.783333333333333,-0.355
11.786111111111111,-0.335
11.78888888888889,-0.36
11.791666666666666,-0.36
11.794444444444444,-0.385
11.797222222222222,-0.38
11.8,-0.375
11.802777777777777,-0.36
11.805555555555555,-0.36
11.808333333333334,-0.365
11.811111111111112,-0.375
11.813888888888888,-0.365
11.816666666666666,-0.355
11.819444444444445,-0.36
11.822222222222223,-0.35
11.825,-0.36
11.827777777777778,-0.37
11.830555555555556,-0.37
11.833333333333334,-0.365
11.83611111111111,-0.37
11.838888888888889,-0.38
11.841666666666667,-0.39
11.844444444444445,-0.385
11.847222222222221,-0.38
11.85,-0.37
11.852777777777778,-0.37
11.855555555555556,-0.365
11.858333333333333,-0.365
11.86111111111111,-0.39
11.863888888888889,-0.375
11.866666666666667,-0.37
11.869444444444444,-0.355
11.872222222222222,-0.365
11.875,-0.36
11.877777777777778,-0.37
11.880555555555556,-0.35
11.883333333333333,-0.34
11.886111111111111,-0.325
11.88888888888889,-0.32
11.891666666666667,-0.315
11.894444444444444,-0.325
11.897222222222222,-0.31
11.9,-0.295
11.902777777777779,-0.285
11.905555555555555,-0.29
11.908333333333333,-0.29
11.911111111111111,-0.275
11.91388888888889,-0.27
11.916666666666666,-0.265
11.919444444444444,-0.26
11.922222222222222,-0.26
11.925,-0.275
11.927777777777777,-0.275
11.930555555555555,-0.285
11.933333333333334,-0.26
11.936111111111112,-0.26
11.938888888888888,-0.265
11.941666666666666,-0.27
11.944444444444445,-0.28
11.947222222222223,-0.275
11.95,-0.255
11.952777777777778,-0.255
11.955555555555556,-0.245
11.958333333333334,-0.255
11.96111111111111,-0.26
11.963888888888889,-0.255
11.966666666666667,-0.255
11.969444444444445,-0.26
11.972222222222221,-0.265
11.975,-0.28
11.977777777777778,-0.295
11.980555555555556,-0.29
11.983333333333333,-0.275
11.98611111111111,-0.28
11.988888888888889,-0.28
11.991666666666667,-0.28
11.994444444444444,-0.285
11.997222222222222,-0.285
12.0,-0.28
12.002777777777778,-0.27
12.005555555555556,-0.285
12.008333333333333,-0.3
12.011111111111111,-0.31
12.01388888888889,-0.3
12.016666666666667,-0.29
12.019444444444444,-0.28
12.022222222222222,-0.3
12.025,-0.29
12.027777777777779,-0.31
12.030555555555555,-0.3
12.033333333333333,-0.295
12.036111111111111,-0.29
12.03888888888889,-0.285
12.041666666666666,-0.295
12.044444444444444,-0.325
12.047222222222222,-0.315
12.05,-0.31
12.052777777777777,-0.305
12.055555555555555,-0.3
12.058333333333334,-0.315
12.061111111111112,-0.33
12.063888888888888,-0.32
12.066666666666666,-0.32
12.069444444444445,-0.315
12.072222222222223,-0.32
12.075,-0.325
12.077777777777778,-0.335
12.080555555555556,-0.33
12.083333333333334,-0.325
12.08611111111111,-0.31
12.088888888888889,-0.315
12.091666666666667,-0.315
12.094444444444445,-0.335
12.097222222222221,-0.32
12.1,-0.31
12.102777777777778,-0.315
12.105555555555556,-0.31
12.108333333333333,-0.32
12.11111111111111,-0.335
12.113888888888889,-0.325
12.116666666666667,-0.325
12.119444444444444,-0.315
12.122222222222222,-0.31
12.125,-0.32
12.127777777777778,-0.33
12.130555555555556,-0.32
12.133333333333333,-0.32
12.136111111111111,-0.31
12.13888888888889,-0.33
12.141666666666667,-0.33
12.144444444444444,-0.345
12.147222222222222,-0.34
12.15,-0.33
12.152777777777779,-0.32
12.155555555555555,-0.315
12.158333333333333,-0.335
12.161111111111111,-0.335
12.16388888888889,-0.33
12.166666666666666,-0.31
12.169444444444444,-0.31
12.172222222222222,-0.315
12.175,-0.33
12.177777777777777,-0.32
12.180555555555555,-0.315
12.183333333333334,-0.3
12.186111111111112,-0.285
12.188888888888888,-0.28
12.191666666666666,-0.265
12.194444444444445,-0.26
12.197222222222223,-0.265
12.2,-0.26
12.202777777777778,-0.255
12.205555555555556,-0.26
12.208333333333334,-0.25
12.21111111111111,-0.255
12.213888888888889,-0.24
12.216666666666667,-0.23
12.219444444444445,-0.205
12.222222222222221,-0.21
12.225,-0.225
12.227777777777778,-0.235
12.230555555555556,-0.225
12.233333333333333,-0.225
12.23611111111111,-0.23
12.238888888888889,-0.225
12.241666666666667,-0.24
12.244444444444444,-0.24
12.247222222222222,-0.23
12.25,-0.235
12.252777777777778,-0.25
12.255555555555556,-0.25
12.258333333333333,-0.255
12.261111111111111,-0.235
12.26388888888889,-0.22
12.266666666666667,-0.205
12.269444444444444,-0.215
12.272222222222222,-0.24
12.275,-0.265
12.277777777777779,-0.28
12.280555555555555,-0.28
12.283333333333333,-0.27
12.286111111111111,-0.27
12.28888888888889,-0.29
12.291666666666666,-0.32
12.294444444444444,-0.335
12.297222222222222,-0.34
12.3,-0.33
12.302777777777777,-0.33
12.305555555555555,-0.335
12.308333333333334,-0.35
12.311111111111112,-0.36
12.313888888888888,-0.35
12.316666666666666,-0.35
12.319444444444445,-0.345
12.322222222222223,-0.35
12.325,-0.355
12.327777777777778,-0.365
12.330555555555556,-0.36
12.333333333333334,-0.355
12.33611111111111,-0.35
12.338888888888889,-0.34
12.341666666666667,-0.36
12.344444444444445,-0.37
12.347222222222221,-0.37
12.35,-0.355
12.352777777777778,-0.345
12.355555555555556,-0.35
12.358333333333333,-0.37
12.36111111111111,-0.385
12.363888888888889,-0.41
12.366666666666667,-0.44
12.369444444444444,-0.46
12.372222222222222,-0.49
12.375,-0.54
12.377777777777778,-0.565
12.380555555555556,-0.55
12.383333333333333,-0.485
12.386111111111111,-0.365
12.38888888888889,-0.255
12.391666666666667,-0.125
12.394444444444444,0.09
12.397222222222222,0.36
12.4,0.6
12.402777777777779,0.75
12.405555555555555,0.795
12.408333333333333,0.7
12.411111111111111,0.44
12.41388888888889,0.095
12.416666666666666,-0.185
12.419444444444444,-0.37
12.422222222222222,-0.47
12.425,-0.49
12.427777777777777,-0.47
12.430555555555555,-0.44
12.433333333333334,-0.425
12.436111111111112,-0.41
12.438888888888888,-0.41
12.441666666666666,-0.41
12.444444444444445,-0.42
12.447222222222223,-0.4
12.45,-0.395
12.452777777777778,-0.405
12.455555555555556,-0.41
12.458333333333334,-0.405
12.46111111111111,-0.42
12.463888888888889,-0.395
12.466666666666667,-0.395
12.469444444444445,-0.39
12.472222222222221,-0.395
12.475,-0.395
12.477777777777778,-0.41
12.480555555555556,-0.4
12.483333333333333,-0.4
12.48611111111111,-0.41
12.488888888888889,-0.4
12.491666666666667,-0.405
12.494444444444444,-0.41
12.497222222222222,-0.41
12.5,-0.4
12.502777777777778,-0.39
12.505555555555556,-0.39
12.508333333333333,-0.4
12.511111111111111,-0.4
12.51388888888889,-0.395
12.516666666666667,-0.39
12.519444444444444,-0.385
12.522222222222222,-0.39
12.525,-0.41
12.527777777777779,-0.41
12.530555555555555,-0.41
12.533333333333333,-0.415
12.536111111111111,-0.41
12.53888888888889,-0.405
12.541666666666666,-0.42
12.544444444444444,-0.42
12.547222222222222,-0.42
12.55,-0.415
12.552777777777777,-0.41
12.555555555555555,-0.415
12.558333333333334,-0.425
12.561111111111112,-0.425
12.563888888888888,-0.42
12.566666666666666,-0.425
12.569444444444445,-0.42
12.572222222222223,-0.41
12.575,-0.41
12.577777777777778,-0.415
12.580555555555556,-0.41
12.583333333333334,-0.41
12.58611111111111,-0.4
12.588888888888889,-0.405
12.591666666666667,-0.405
12.594444444444445,-0.425
12.597222222222221,-0.42
12.6,-0.41
12.602777777777778,-0.4
12.605555555555556,-0.405
12.608333333333333,-0.415
12.61111111111111,-0.42
12.613888888888889,-0.41
12.616666666666667,-0.41
12.619444444444444,-0.4
12.622222222222222,-0.41
12.625,-0.415
12.627777777777778,-0.42
12.630555555555556,-0.41
12.633333333333333,-0.4
12.636111111111111,-0.39
12.63888888888889,-0.4
12.641666666666667,-0.415
12.644444444444444,-0.42
12.647222222222222,-0.415
12.65,-0.415
12.652777777777779,-0.4
12.655555555555555,-0.415
12.658333333333333,-0.43
12.661111111111111,-0.45
12.66388888888889,-0.44
12.666666666666666,-0.44
12.669444444444444,-0.435
12.672222222222222,-0.435
12.675,-0.44
12.677777777777777,-0.45
12.680555555555555,-0.435
12.683333333333334,-0.44
12.686111111111112,-0.43
12.688888888888888,-0.44
12.691666666666666,-0.445
12.694444444444445,-0.445
12.697222222222223,-0.44
12.7,-0.435
12.702777777777778,-0.42
12.705555555555556,-0.415
12.708333333333334,-0.41
12.71111111111111,-0.405
12.713888888888889,-0.38
12.716666666666667,-0.375
12.719444444444445,-0.37
12.722222222222221,-0.37
12.725,-0.37
12.727777777777778,-0.36
12.730555555555556,-0.355
12.733333333333333,-0.325
12.73611111111111,-0.305
12.738888888888889,-0.31
12.741666666666667,-0.32
12.744444444444444,-0.325
12.747222222222222,-0.325
12.75,-0.315
12.752777777777778,-0.3
12.755555555555556,-0.305
12.758333333333333,-0.32
12.761111111111111,-0.33
12.76388888888889,-0.33
12.766666666666667,-0.31
12.769444444444444,-0.31
12.772222222222222,-0.31
12.775,-0.305
12.777777777777779,-0.31
12.780555555555555,-0.32
12.783333333333333,-0.305
12.786111111111111,-0.3
12.78888888888889,-0.3
12.791666666666666,-0.305
12.794444444444444,-0.32
12.797222222222222,-0.32
12.8,-0.315
12.802777777777777,-0.315
12.805555555555555,-0.31
12.808333333333334,-0.33
12.811111111111112,-0.335
12.813888888888888,-0.335
12.816666666666666,-0.32
12.819444444444445,-0.315
12.822222222222223,-0.315
12.825,-0.325
12.827777777777778,-0.33
12.830555555555556,-0.335
12.833333333333334,-0.32
12.83611111111111,-0.3
12.838888888888889,-0.3
12.841666666666667,-0.32
12.844444444444445,-0.32
12.847222222222221,-0.33
12.85,-0.32
12.852777777777778,-0.32
12.855555555555556,-0.325
12.858333333333333,-0.34
12.86111111111111,-0.355
12.863888888888889,-0.345
12.866666666666667,-0.35
12.869444444444444,-0.345
12.872222222222222,-0.345
12.875,-0.36
12.877777777777778,-0.36
12.880555555555556,-0.345
12.883333333333333,-0.34
12.886111111111111,-0.34
12.88888888888889,-0.355
12.891666666666667,-0.35
12.894444444444444,-0.35
12.897222222222222,-0.355
12.9,-0.34
12.902777777777779,-0.335
12.905555555555555,-0.34
12.908333333333333,-0.35
12.911111111111111,-0.355
12.91388888888889,-0.355
12.916666666666666,-0.355
12.919444444444444,-0.345
12.922222222222222,-0.345
12.925,-0.35
12.927777777777777,-0.36
12.930555555555555,-0.365
12.933333333333334,-0.365
12.936111111111112,-0.35
12.938888888888888,-0.35
12.941666666666666,-0.36
12.944444444444445,-0.37
12.947222222222223,-0.36
12.95,-0.35
12.952777777777778,-0.335
12.955555555555556,-0.35
12.958333333333334,-0.35
12.96111111111111,-0.345
12.963888888888889,-0.34
12.966666666666667,-0.34
12.969444444444445,-0.34
12.972222222222221,-0.34
12.975,-0.345
12.977777777777778,-0.35
12.980555555555556,-0.36
12.983333333333333,-0.35
12.98611111111111,-0.335
12.988888888888889,-0.345
12.991666666666667,-0.35
12.994444444444444,-0.35
12.997222222222222,-0.355
13.0,-0.34
13.002777777777778,-0.335
13.005555555555556,-0.33
13.008333333333333,-0.34
13.011111111111111,-0.355
13.01388888888889,-0.355
13.016666666666667,-0.33
13.019444444444444,-0.315
13.022222222222222,-0.315
13.025,-0.315
13.027777777777779,-0.32
13.030555555555555,-0.3
13.033333333333333,-0.3
13.036111111111111,-0.28
13.03888888888889,-0.265
13.041666666666666,-0.28
13.044444444444444,-0.285
13.047222222222222,-0.265
13.05,-0.235
13.052777777777777,-0.23
13.055555555555555,-0.23
13.058333333333334,-0.245
13.061111111111112,-0.255
13.063888888888888,-0.25
13.066666666666666,-0.245
13.069444444444445,-0.25
13.072222222222223,-0.255
13.075,-0.265
13.077777777777778,-0.27
13.080555555555556,-0.29
13.083333333333334,-0.28
13.08611111111111,-0.275
13.088888888888889,-0.26
13.091666666666667,-0.255
13.094444444444445,-0.26
13.097222222222221,-0.275
13.1,-0.295
13.102777777777778,-0.3
13.105555555555556,-0.305
13.108333333333333,-0.335
13.11111111111111,-0.355
13.113888888888889,-0.35
13.116666666666667,-0.35
13.119444444444444,-0.35
13.122222222222222,-0.355
13.125,-0.37
13.127777777777778,-0.37
13.130555555555556,-0.36
13.133333333333333,-0.365
13.136111111111111,-0.355
13.13888888888889,-0.365
13.141666666666667,-0.375
13.144444444444444,-0.385
13.147222222222222,-0.38
13.15,-0.375
13.152777777777779,-0.355
13.155555555555555,-0.37
13.158333333333333,-0.385
13.161111111111111,-0.39
13.16388888888889,-0.39
13.166666666666666,-0.37
13.169444444444444,-0.36
13.172222222222222,-0.37
13.175,-0.38
13.177777777777777,-0.385
13.180555555555555,-0.38
13.183333333333334,-0.375
13.186111111111112,-0.37
13.188888888888888,-0.38
13.191666666666666,-0.405
13.194444444444445,-0.445
13.197222222222223,-0.465
13.2,-0.48
13.202777777777778,-0.485
13.205555555555556,-0.525
13.208333333333334,-0.555
13.21111111111111,-0.535
13.213888888888889,-0.45
13.216666666666667,-0.325
13.219444444444445,-0.185
13.222222222222221,-0.025
13.225,0.185
13.227777777777778,0.43
13.230555555555556,0.66
13.233333333333333,0.815
13.23611111111111,0.85
13.238888888888889,0.75
13.241666666666667,0.485
13.244444444444444,0.11
13.247222222222222,-0.21
13.25,-0.39
13.252777777777778,-0.46
13.255555555555556,-0.485
13.258333333333333,-0.47
13.261111111111111,-0.45
13.26388888888889,-0.425
13.266666666666667,-0.415
13.269444444444444,-0.405
13.272222222222222,-0.415
13.275,-0.415
13.277777777777779,-0.42
13.280555555555555,-0.4
13.283333333333333,-0.395
13.286111111111111,-0.385
13.28888888888889,-0.395
13.291666666666666,-0.4
13.294444444444444,-0.42
13.297222222222222,-0.41
13.3,-0.4
13.302777777777777,-0.4
13.305555555555555,-0.405
13.308333333333334,-0.405
13.311111111111112,-0.435
13.313888888888888,-0.42
13.316666666666666,-0.41
13.319444444444445,-0.405
13.322222222222223,-0.415
13.325,-0.43
13.327777777777778,-0.44
13.330555555555556,-0.435
13.333333333333334,-0.415
13.33611111111111,-0.42
13.338888888888889,-0.43
13.341666666666667,-0.415
13.344444444444445,-0.43
13.347222222222221,-0.425
13.35,-0.42
13.352777777777778,-0.42
13.355555555555556,-0.415
13.358333333333333,-0.425
13.36111111111111,-0.425
13.363888888888889,-0.42
13.366666666666667,-0.41
13.369444444444444,-0.41
13.372222222222222,-0.41
13.375,-0.42
13.377777777777778,-0.43
13.380555555555556,-0.42
13.383333333333333,-0.415
13.386111111111111,-0.395
13.38888888888889,-0.405
13.391666666666667,-0.415
13.394444444444444,-0.43
13.397222222222222,-0.42
13.4,-0.42
13.402777777777779,-0.415
13.405555555555555,-0.42
13.408333333333333,-0.425
13.411111111111111,-0.44
13.41388888888889,-0.43
13.416666666666666,-0.425
13.419444444444444,-0.415
13.422222222222222,-0.42
13.425,-0.425
13.427777777777777,-0.44
13.430555555555555,-0.43
13.433333333333334,-0.43
13.436111111111112,-0.425
13.438888888888888,-0.42
13.441666666666666,-0.415
13.444444444444445,-0.425
13.447222222222223,-0.43
13.45,-0.425
13.452777777777778,-0.415
13.455555555555556,-0.405
13.458333333333334,-0.405
13.46111111111111,-0.425
13.463888888888889,-0.415
13.466666666666667,-0.42
13.469444444444445,-0.42
13.472222222222221,-0.42
13.475,-0.435
13.477777777777778,-0.435
13.480555555555556,-0.44
13.483333333333333,-0.42
13.48611111111111,-0.43
13.488888888888889,-0.45
13.491666666666667,-0.455
13.494444444444444,-0.465
13.497222222222222,-0.465
13.5,-0.465
13.502777777777778,-0.465
13.505555555555556,-0.465
13.508333333333333,-0.47
13.511111111111111,-0.49
13.51388888888889,-0.485
13.516666666666667,-0.46
13.519444444444444,-0.455
13.522222222222222,-0.46
13.525,-0.455
13.527777777777779,-0.455
13.530555555555555,-0.44
13.533333333333333,-0.425
13.536111111111111,-0.415
13.53888888888889,-0.4
13.541666666666666,-0.405
13.544444444444444,-0.4
13.547222222222222,-0.385
13.55,-0.365
13.552777777777777,-0.365
13.555555555555555,-0.36
13.558333333333334,-0.37
13.561111111111112,-0.375
13.563888888888888,-0.355
13.566666666666666,-0.34
13.569444444444445,-0.33
13.572222222222223,-0.33
13.575,-0.33
13.577777777777778,-0.34
13.580555555555556,-0.335
13.583333333333334,-0.32
13.58611111111111,-0.305
13.588888888888889,-0.315
13.591666666666667,-0.32
13.594444444444445,-0.32
13.597222222222221,-0.32
13.6,-0.315
13.602777777777778,-0.31
13.605555555555556,-0.31
13.608333333333333,-0.315
13.61111111111111,-0.33
13.613888888888889,-0.32
13.616666666666667,-0.32
13.619444444444444,-0.31
13.622222222222222,-0.32
13.625,-0.33
13.627777777777778,-0.34
13.630555555555556,-0.33
13.633333333333333,-0.325
13.636111111111111,-0.325
13.63888888888889,-0.32
13.641666666666667,-0.34
13.644444444444444,-0.35
13.647222222222222,-0.34
13.65,-0.32
13.652777777777779,-0.315
13.655555555555555,-0.325
13.658333333333333,-0.34
13.661111111111111,-0.345
13.66388888888889,-0.345
13.666666666666666,-0.34
13.669444444444444,-0.33
13.672222222222222,-0.335
13.675,-0.345
13.677777777777777,-0.36
13.680555555555555,-0.355
13.683333333333334,-0.34
13.686111111111112,-0.33
13.688888888888888,-0.335
13.691666666666666,-0.345
13.694444444444445,-0.365
13.697222222222223,-0.37
13.7,-0.35
13.702777777777778,-0.34
13.705555555555556,-0.335
13.708333333333334,-0.36
13.71111111111111,-0.355
13.713888888888889,-0.34
13.716666666666667,-0.335
13.719444444444445,-0.335
13.722222222222221,-0.32
13.725,-0.335
13.727777777777778,-0.355
13.730555555555556,-0.35
13.733333333333333,-0.345
13.73611111111111,-0.34
13.738888888888889,-0.335
13.741666666666667,-0.35
13.744444444444444,-0.37
13.747222222222222,-0.36
13.75,-0.355
13.752777777777778,-0.35
13.755555555555556,-0.345
13.758333333333333,-0.365
13.761111111111111,-0.36
13.76388888888889,-0.36
13.766666666666667,-0.35
13.769444444444444,-0.345
13.772222222222222,-0.355
13.775,-0.355
13.777777777777779,-0.365
13.780555555555555,-0.36
13.783333333333333,-0.345
13.786111111111111,-0.345
13.78888888888889,-0.35
13.791666666666666,-0.355
13.794444444444444,-0.36
13.797222222222222,-0.355
13.8,-0.35
13.802777777777777,-0.335
13.805555555555555,-0.335
13.808333333333334,-0.355
13.811111111111112,-0.345
13.813888888888888,-0.34
13.816666666666666,-0.33
13.819444444444445,-0.34
13.822222222222223,-0.345
13.825,-0.35
13.827777777777778,-0.355
13.830555555555556,-0.35
13.833333333333334,-0.335
13.83611111111111,-0.33
13.838888888888889,-0.33
13.841666666666667,-0.33
13.844444444444445,-0.33
13.847222222222221,-0.305
13.85,-0.285
13.852777777777778,-0.275
13.855555555555556,-0.28
13.858333333333333,-0.285
13.86111111111111,-0.29
13.863888888888889,-0.275
13.866666666666667,-0.26
13.869444444444444,-0.245
13.872222222222222,-0.24
13.875,-0.24
13.877777777777778,-0.24
13.880555555555556,-0.235
13.883333333333333,-0.225
13.886111111111111,-0.22
13.88888888888889,-0.23
13.891666666666667,-0.24
13.894444444444444,-0.255
13.897222222222222,-0.255
13.9,-0.24
13.902777777777779,-0.24
13.905555555555555,-0.25
13.908333333333333,-0.27
13.911111111111111,-0.27
13.91388888888889,-0.24
13.916666666666666,-0.23
13.919444444444444,-0.225
13.922222222222222,-0.265
13.925,-0.295
13.927777777777777,-0.305
13.930555555555555,-0.325
13.933333333333334,-0.315
13.936111111111112,-0.325
13.938888888888888,-0.33
13.941666666666666,-0.345
13.944444444444445,-0.36
13.947222222222223,-0.365
13.95,-0.355
13.952777777777778,-0.345
13.955555555555556,-0.34
13.958333333333334,-0.335
13.96111111111111,-0.36
13.963888888888889,-0.355
13.966666666666667,-0.345
13.969444444444445,-0.335
13.972222222222221,-0.355
13.975,-0.35
13.977777777777778,-0.375
13.980555555555556,-0.375
13.983333333333333,-0.365
13.98611111111111,-0.365
13.988888888888889,-0.35
13.991666666666667,-0.37
13.994444444444444,-0.38
13.997222222222222,-0.365
14.0,-0.37
14.002777777777778,-0.355
14.005555555555556,-0.37
14.008333333333333,-0.38
14.011111111111111,-0.385
14.01388888888889,-0.385
14.016666666666667,-0.4
14.019444444444444,-0.43
14.022222222222222,-0.465
14.025,-0.485
14.027777777777779,-0.52
14.030555555555555,-0.555
14.033333333333333,-0.525
14.036111111111111,-0.435
14.03888888888889,-0.305
14.041666666666666,-0.155
14.044444444444444,0.01
14.047222222222222,0.26
14.05,0.535
14.052777777777777,0.76
14.055555555555555,0.89
14.058333333333334,0.905
14.061111111111112,0.705
14.063888888888888,0.36
14.066666666666666,-0.03
14.069444444444445,-0.32
14.072222222222223,-0.455
14.075,-0.475
14.077777777777778,-0.44
14.080555555555556,-0.395
14.083333333333334,-0.38
14.08611111111111,-0.38
14.088888888888889,-0.385
14.091666666666667,-0.395
14.094444444444445,-0.4
14.097222222222221,-0.405
14.1,-0.395
14.102777777777778,-0.41
14.105555555555556,-0.39
14.108333333333333,-0.395
14.11111111111111,-0.405
14.113888888888889,-0.405
14.116666666666667,-0.395
14.119444444444444,-0.385
14.122222222222222,-0.385
14.125,-0.405
14.127777777777778,-0.405
14.130555555555556,-0.4
14.133333333333333,-0.385
14.136111111111111,-0.38
14.13888888888889,-0.385
14.141666666666667,-0.405
14.144444444444444,-0.41
14.147222222222222,-0.4
14.15,-0.395
14.152777777777779,-0.385
14.155555555555555,-0.395
14.158333333333333,-0.41
14.161111111111111,-0.405
14.16388888888889,-0.405
14.166666666666666,-0.395
14.169444444444444,-0.39
14.172222222222222,-0.395
14.175,-0.395
14.177777777777777,-0.405
14.180555555555555,-0.41
14.183333333333334,-0.4
14.186111111111112,-0.385
14.188888888888888,-0.395
14.191666666666666,-0.4
14.194444444444445,-0.395
14.197222222222223,-0.385
14.2,-0.385
14.202777777777778,-0.375
14.205555555555556,-0.375
14.208333333333334,-0.38
14.21111111111111,-0.395
14.213888888888889,-0.385
14.216666666666667,-0.39
14.219444444444445,-0.385
14.222222222222221,-0.38
14.225,-0.39
14.227777777777778,-0.4
14.230555555555556,-0.4
14.233333333333333,-0.39
14.23611111111111,-0.365
14.238888888888889,-0.375
14.241666666666667,-0.385
14.244444444444444,-0.4
14.247222222222222,-0.4
14.25,-0.39
14.252777777777778,-0.38
14.255555555555556,-0.375
14.258333333333333,-0.385
14.261111111111111,-0.395
14.26388888888889,-0.38
14.266666666666667,-0.37
14.269444444444444,-0.365
14.272222222222222,-0.365
14.275,-0.375
14.277777777777779,-0.385
14.280555555555555,-0.375
14.283333333333333,-0.375
14.286111111111111,-0.365
14.28888888888889,-0.37
14.291666666666666,-0.375
14.294444444444444,-0.4
14.297222222222222,-0.395
14.3,-0.405
14.302777777777777,-0.37
14.305555555555555,-0.385
14.308333333333334,-0.4
14.311111111111112,-0.41
14.313888888888888,-0.4
14.316666666666666,-0.395
14.319444444444445,-0.375
14.322222222222223,-0.38
14.325,-0.385
14.327777777777778,-0.405
14.330555555555556,-0.385
14.333333333333334,-0.375
14.33611111111111,-0.37
14.338888888888889,-0.365
14.341666666666667,-0.365
14.344444444444445,-0.35
14.347222222222221,-0.355
14.35,-0.32
14.352777777777778,-0.31
14.355555555555556,-0.31
14.358333333333333,-0.305
14.36111111111111,-0.31
14.363888888888889,-0.29
14.366666666666667,-0.28
14.369444444444444,-0.28
14.372222222222222,-0.27
14.375,-0.28
14.377777777777778,-0.285
14.380555555555556,-0.28
14.383333333333333,-0.285
14.386111111111111,-0.265
14.38888888888889,-0.27
14.391666666666667,-0.275
14.394444444444444,-0.29
14.397222222222222,-0.29
14.4,-0.275
14.402777777777779,-0.275
14.405555555555555,-0.27
14.408333333333333,-0.275
14.411111111111111,-0.29
14.41388888888889,-0.285
14.416666666666666,-0.285
14.419444444444444,-0.26
14.422222222222222,-0.26
14.425,-0.275
14.427777777777777,-0.285
14.430555555555555,-0.275
14.433333333333334,-0.265
14.436111111111112,-0.27
14.438888888888888,-0.28
14.441666666666666,-0.29
14.444444444444445,-0.295
14.447222222222223,-0.3
14.45,-0.28
14.452777777777778,-0.28
14.455555555555556,-0.275
14.458333333333334,-0.29
14.46111111111111,-0.3
14.463888888888889,-0.305
14.466666666666667,-0.285
14.469444444444445,-0.285
14.472222222222221,-0.285
14.475,-0.295
14.477777777777778,-0.3
14.480555555555556,-0.3
14.483333333333333,-0.295
14.48611111111111,-0.28
14.488888888888889,-0.295
14.491666666666667,-0.29
14.494444444444444,-0.305
14.497222222222222,-0.305
14.5,-0.3
14.502777777777778,-0.285
14.505555555555556,-0.285
14.508333333333333,-0.31
14.511111111111111,-0.315
14.51388888888889,-0.305
14.516666666666667,-0.305
14.519444444444444,-0.295
14.522222222222222,-0.3
14.525,-0.32
14.527777777777779,-0.335
14.530555555555555,-0.32
14.533333333333333,-0.32
14.536111111111111,-0.31
14.53888888888889,-0.315
14.541666666666666,-0.31
14.544444444444444,-0.33
14.547222222222222,-0.32
14.55,-0.31
14.552777777777777,-0.305
14.555555555555555,-0.305
14.558333333333334,-0.315
14.561111111111112,-0.315
14.563888888888888,-0.315
14.566666666666666,-0.305
14.569444444444445,-0.305
14.572222222222223,-0.3
14.575,-0.31
14.577777777777778,-0.31
14.580555555555556,-0.31
14.583333333333334,-0.31
14.58611111111111,-0.295
14.588888888888889,-0.3
14.591666666666667,-0.325
14.594444444444445,-0.325
14.597222222222221,-0.33
14.6,-0.32
14.602777777777778,-0.31
14.605555555555556,-0.305
14.608333333333333,-0.315
14.61111111111111,-0.33
14.613888888888889,-0.32
14.616666666666667,-0.31
14.619444444444444,-0.305
14.622222222222222,-0.3
14.625,-0.295
14.627777777777778,-0.32
14.630555555555556,-0.31
14.633333333333333,-0.3
14.636111111111111,-0.275
14.63888888888889,-0.27
14.641666666666667,-0.26
14.644444444444444,-0.25
14.647222222222222,-0.235
14.65,-0.23
14.652777777777779,-0.225
14.655555555555555,-0.23
14.658333333333333,-0.23
14.661111111111111,-0.24
14.66388888888889,-0.23
14.666666666666666,-0.225
14.669444444444444,-0.205
14.672222222222222,-0.205
14.675,-0.2
14.677777777777777,-0.21
14.680555555555555,-0.195
14.683333333333334,-0.2
14.686111111111112,-0.19
14.688888888888888,-0.2
14.691666666666666,-0.21
14.694444444444445,-0.225
14.697222222222223,-0.225
14.7,-0.22
14.702777777777778,-0.22
14.705555555555556,-0.22
14.708333333333334,-0.23
14.71111111111111,-0.25
14.713888888888889,-0.245
14.716666666666667,-0.23
14.719444444444445,-0.205
14.722222222222221,-0.185
14.725,-0.195
14.727777777777778,-0.225
14.730555555555556,-0.25
14.733333333333333,-0.255
14.73611111111111,-0.265
14.738888888888889,-0.275
14.741666666666667,-0.305
14.744444444444444,-0.32
14.747222222222222,-0.325
14.75,-0.325
14.752777777777778,-0.33
14.755555555555556,-0.33
14.758333333333333,-0.325
14.761111111111111,-0.335
14.76388888888889,-0.34
14.766666666666667,-0.335
14.769444444444444,-0.32
14.772222222222222,-0.335
14.775,-0.345
14.777777777777779,-0.355
14.780555555555555,-0.35
14.783333333333333,-0.355
14.786111111111111,-0.35
14.78888888888889,-0.345
14.791666666666666,-0.34
14.794444444444444,-0.355
14.797222222222222,-0.35
14.8,-0.34
14.802777777777777,-0.34
14.805555555555555,-0.34
14.808333333333334,-0.355
14.811111111111112,-0.4
14.813888888888888,-0.435
14.816666666666666,-0.455
14.819444444444445,-0.47
14.822222222222223,-0.5
14.825,-0.54
14.827777777777778,-0.545
14.830555555555556,-0.465
14.833333333333334,-0.355
14.83611111111111,-0.21
14.838888888888889,-0.035
14.841666666666667,0.185
14.844444444444445,0.435
14.847222222222221,0.675
14.85,0.82
14.852777777777778,0.825
14.855555555555556,0.64
14.858333333333333,0.32
14.86111111111111,-0.07
14.863888888888889,-0.34
14.866666666666667,-0.445
14.869444444444444,-0.445
14.872222222222222,-0.41
14.875,-0.38
14.877777777777778,-0.375
14.880555555555556,-0.375
14.883333333333333,-0.37
14.886111111111111,-0.365
14.88888888888889,-0.36
14.891666666666667,-0.37
14.894444444444444,-0.375
14.897222222222222,-0.37
14.9,-0.36
14.902777777777779,-0.35
14.905555555555555,-0.355
14.908333333333333,-0.365
14.911111111111111,-0.38
14.91388888888889,-0.38
14.916666666666666,-0.37
14.919444444444444,-0.365
14.922222222222222,-0.365
14.925,-0.38
14.927777777777777,-0.385
14.930555555555555,-0.39
14.933333333333334,-0.38
14.936111111111112,-0.375
14.938888888888888,-0.375
14.941666666666666,-0.38
14.944444444444445,-0.39
14.947222222222223,-0.38
14.95,-0.375
14.952777777777778,-0.37
14.955555555555556,-0.365
14.958333333333334,-0.375
14.96111111111111,-0.385
14.963888888888889,-0.365
14.966666666666667,-0.36
14.969444444444445,-0.35
14.972222222222221,-0.355
14.975,-0.355
14.977777777777778,-0.37
14.980555555555556,-0.365
14.983333333333333,-0.35
14.98611111111111,-0.36
14.988888888888889,-0.365
14.991666666666667,-0.365
14.994444444444444,-0.375
14.997222222222222,-0.375
15.0,-0.355
15.002777777777778,-0.355
15.005555555555556,-0.37
15.008333333333333,-0.375
15.011111111111111,-0.38
15.01388888888889,-0.385
15.016666666666667,-0.37
15.019444444444444,-0.37
15.022222222222222,-0.36
15.025,-0.37
15.027777777777779,-0.375
15.030555555555555,-0.365
15.033333333333333,-0.355
15.036111111111111,-0.345
15.03888888888889,-0.36
15.041666666666666,-0.355
15.044444444444444,-0.365
15.047222222222222,-0.36
15.05,-0.345
15.052777777777777,-0.335
15.055555555555555,-0.335
15.058333333333334,-0.355
15.061111111111112,-0.355
15.063888888888888,-0.35
15.066666666666666,-0.34
15.069444444444445,-0.35
15.072222222222223,-0.35
15.075,-0.355
15.077777777777778,-0.365
15.080555555555556,-0.36
15.083333333333334,-0.365
15.08611111111111,-0.365
15.088888888888889,-0.365
15.091666666666667,-0.37
15.094444444444445,-0.375
15.097222222222221,-0.38
15.1,-0.365
15.102777777777778,-0.35
15.105555555555556,-0.36
15.108333333333333,-0.365
15.11111111111111,-0.38
15.113888888888889,-0.375
15.116666666666667,-0.37
15.119444444444444,-0.36
15.122222222222222,-0.365
15.125,-0.375
15.127777777777778,-0.38
15.130555555555556,-0.375
15.133333333333333,-0.36
15.136111111111111,-0.355
15.13888888888889,-0.355
15.141666666666667,-0.355
15.144444444444444,-0.35
15.147222222222222,-0.35
15.15,-0.34
15.152777777777779,-0.33
15.155555555555555,-0.325
15.158333333333333,-0.335
15.161111111111111,-0.335
15.16388888888889,-0.33
15.166666666666666,-0.31
15.169444444444444,-0.3
15.172222222222222,-0.295
15.175,-0.305
15.177777777777777,-0.31
15.180555555555555,-0.285
15.183333333333334,-0.285
15.186111111111112,-0.265
15.188888888888888,-0.27
15.191666666666666,-0.285
15.194444444444445,-0.29
15.197222222222223,-0.275
15.2,-0.27
15.202777777777778,-0.255
15.205555555555556,-0.265
15.208333333333334,-0.265
15.21111111111111,-0.275
15.213888888888889,-0.27
15.216666666666667,-0.26
15.219444444444445,-0.25
15.222222222222221,-0.26
15.225,-0.27
15.227777777777778,-0.28
15.230555555555556,-0.29
15.233333333333333,-0.29
15.23611111111111,-0.28
15.238888888888889,-0.28
15.241666666666667,-0.29
15.244444444444444,-0.305
15.247222222222222,-0.3
15.25,-0.3
15.252777777777778,-0.295
15.255555555555556,-0.3
15.258333333333333,-0.29
15.261111111111111,-0.3
15.26388888888889,-0.31
15.266666666666667,-0.31
15.269444444444444,-0.295
15.272222222222222,-0.295
15.275,-0.3
15.277777777777779,-0.32
15.280555555555555,-0.315
15.283333333333333,-0.315
15.286111111111111,-0.3
15.28888888888889,-0.31
15.291666666666666,-0.305
15.294444444444444,-0.315
15.297222222222222,-0.305
15.3,-0.305
15.302777777777777,-0.305
15.305555555555555,-0.3
15.308333333333334,-0.305
15.311111111111112,-0.31
15.313888888888888,-0.315
15.316666666666666,-0.315
15.319444444444445,-0.315
15.322222222222223,-0.32
15.325,-0.335
15.327777777777778,-0.345
15.330555555555556,-0.335
15.333333333333334,-0.31
15.33611111111111,-0.325
15.338888888888889,-0.32
15.341666666666667,-0.33
15.344444444444445,-0.325
15.347222222222221,-0.325
15.35,-0.32
15.352777777777778,-0.32
15.355555555555556,-0.315
15.358333333333333,-0.325
15.36111111111111,-0.345
15.363888888888889,-0.335
15.366666666666667,-0.325
15.369444444444444,-0.325
15.372222222222222,-0.33
15.375,-0.335
15.377777777777778,-0.34
15.380555555555556,-0.335
15.383333333333333,-0.325
15.386111111111111,-0.32
15.38888888888889,-0.315
15.391666666666667,-0.335
15.394444444444444,-0.345
15.397222222222222,-0.335
15.4,-0.325
15.402777777777779,-0.325
15.405555555555555,-0.32
15.408333333333333,-0.325
15.411111111111111,-0.335
15.41388888888889,-0.32
15.416666666666666,-0.32
15.419444444444444,-0.31
15.422222222222222,-0.31
15.425,-0.32
15.427777777777777,-0.33
15.430555555555555,-0.34
15.433333333333334,-0.325
15.436111111111112,-0.305
15.438888888888888,-0.305
15.441666666666666,-0.29
15.444444444444445,-0.29
15.447222222222223,-0.27
15.45,-0.265
15.452777777777778,-0.265
15.455555555555556,-0.26
15.458333333333334,-0.26
15.46111111111111,-0.27
15.463888888888889,-0.275
15.466666666666667,-0.26
15.469444444444445,-0.245
15.472222222222221,-0.235
15.475,-0.23
15.477777777777778,-0.245
15.480555555555556,-0.24
15.483333333333333,-0.23
15.48611111111111,-0.24
15.488888888888889,-0.225
15.491666666666667,-0.24
15.494444444444444,-0.245
15.497222222222222,-0.24
15.5,-0.22
15.502777777777778,-0.22
15.505555555555556,-0.23
15.508333333333333,-0.245
15.511111111111111,-0.255
15.51388888888889,-0.24
15.516666666666667,-0.215
15.519444444444444,-0.225
15.522222222222222,-0.255
15.525,-0.285
15.527777777777779,-0.31
15.530555555555555,-0.31
15.533333333333333,-0.33
15.536111111111111,-0.335
15.53888888888889,-0.35
15.541666666666666,-0.35
15.544444444444444,-0.36
15.547222222222222,-0.355
15.55,-0.34
15.552777777777777,-0.34
15.555555555555555,-0.335
15.558333333333334,-0.35
15.561111111111112,-0.36
15.563888888888888,-0.36
15.566666666666666,-0.345
15.569444444444445,-0.345
15.572222222222223,-0.35
15.575,-0.35
15.577777777777778,-0.36
15.580555555555556,-0.35
15.583333333333334,-0.35
15.58611111111111,-0.345
15.588888888888889,-0.355
15.591666666666667,-0.355
15.594444444444445,-0.37
15.597222222222221,-0.375
15.6,-0.39
15.602777777777778,-0.425
15.605555555555556,-0.455
15.608333333333333,-0.475
15.61111111111111,-0.5
15.613888888888889,-0.54
15.616666666666667,-0.57
15.619444444444444,-0.51
15.622222222222222,-0.415
15.625,-0.335
15.627777777777778,-0.26
15.630555555555556,-0.15
15.633333333333333,-0.005
15.636111111111111,0.205
15.63888888888889,0.47
15.641666666666667,0.68
15.644444444444444,0.825
15.647222222222222,0.925
15.65,0.97
15.652777777777779,0.885
15.655555555555555,0.69
15.658333333333333,0.415
15.661111111111111,0.105
15.66388888888889,-0.15
15.666666666666666,-0.345
15.669444444444444,-0.435
15.672222222222222,-0.465
15.675,-0.455
15.677777777777777,-0.425
15.680555555555555,-0.415
15.683333333333334,-0.395
15.686111111111112,-0.375
15.688888888888888,-0.37
15.691666666666666,-0.395
15.694444444444445,-0.4
15.697222222222223,-0.4
15.7,-0.41
15.702777777777778,-0.4
15.705555555555556,-0.405
15.708333333333334,-0.4
15.71111111111111,-0.405
15.713888888888889,-0.395
15.716666666666667,-0.39
15.719444444444445,-0.38
15.722222222222221,-0.385
15.725,-0.405
15.727777777777778,-0.42
15.730555555555556,-0.405
15.733333333333333,-0.4
15.73611111111111,-0.39
15.738888888888889,-0.38
15.741666666666667,-0.395
15.744444444444444,-0.395
15.747222222222222,-0.4
15.75,-0.39
15.752777777777778,-0.41
15.755555555555556,-0.405
15.758333333333333,-0.41
15.761111111111111,-0.41
15.76388888888889,-0.395
15.766666666666667,-0.385
15.769444444444444,-0.395
15.772222222222222,-0.405
15.775,-0.42
15.777777777777779,-0.435
15.780555555555555,-0.415
15.783333333333333,-0.405
15.786111111111111,-0.41
15.78888888888889,-0.4
15.791666666666666,-0.41
15.794444444444444,-0.415
15.797222222222222,-0.41
15.8,-0.4
15.802777777777777,-0.405
15.805555555555555,-0.39
15.808333333333334,-0.39
15.811111111111112,-0.4
15.813888888888888,-0.39
15.816666666666666,-0.39
15.819444444444445,-0.39
15.822222222222223,-0.395
15.825,-0.42
15.827777777777778,-0.42
15.830555555555556,-0.415
15.833333333333334,-0.41
15.83611111111111,-0.395
15.838888888888889,-0.395
15.841666666666667,-0.4
15.844444444444445,-0.415
15.847222222222221,-0.415
15.85,-0.4
15.852777777777778,-0.4
15.855555555555556,-0.385
15.858333333333333,-0.39
15.86111111111111,-0.41
15.863888888888889,-0.395
15.866666666666667,-0.39
15.869444444444444,-0.38
15.872222222222222,-0.375
15.875,-0.39
15.877777777777778,-0.405
15.880555555555556,-0.42
15.883333333333333,-0.415
15.886111111111111,-0.415
15.88888888888889,-0.415
15.891666666666667,-0.435
15.894444444444444,-0.465
15.897222222222222,-0.455
15.9,-0.465
15.902777777777779,-0.46
15.905555555555555,-0.445
15.908333333333333,-0.455
15.911111111111111,-0.465
15.91388888888889,-0.475
15.916666666666666,-0.455
15.919444444444444,-0.46
15.922222222222222,-0.45
15.925,-0.455
15.927777777777777,-0.47
15.930555555555555,-0.455
15.933333333333334,-0.44
15.936111111111112,-0.42
15.938888888888888,-0.415
15.941666666666666,-0.42
15.944444444444445,-0.41
15.947222222222223,-0.41
15.95,-0.37
15.952777777777778,-0.36
15.955555555555556,-0.35
15.958333333333334,-0.35
15.96111111111111,-0.345
15.963888888888889,-0.335
15.966666666666667,-0.32
15.969444444444445,-0.3
15.972222222222221,-0.32
15.975,-0.315
15.977777777777778,-0.34
15.980555555555556,-0.325
15.983333333333333,-0.3
15.98611111111111,-0.3
15.988888888888889,-0.3
15.991666666666667,-0.31
15.994444444444444,-0.33
15.997222222222222,-0.31
16.0,-0.305
16.002777777777776,-0.3
16.005555555555556,-0.305
16.008333333333333,-0.315
16.011111111111113,-0.33
16.01388888888889,-0.31
16.016666666666666,-0.305
16.019444444444446,-0.31
16.022222222222222,-0.305
16.025,-0.31
16.02777777777778,-0.31
16.030555555555555,-0.31
16.033333333333335,-0.3
16.03611111111111,-0.305
16.038888888888888,-0.31
16.041666666666668,-0.31
16.044444444444444,-0.32
16.04722222222222,-0.315
16.05,-0.33
16.052777777777777,-0.315
16.055555555555557,-0.32
16.058333333333334,-0.34
16.06111111111111,-0.34
16.06388888888889,-0.335
16.066666666666666,-0.33
16.069444444444443,-0.32
16.072222222222223,-0.32
16.075,-0.325
16.07777777777778,-0.35
16.080555555555556,-0.34
16.083333333333332,-0.335
16.086111111111112,-0.335
16.08888888888889,-0.345
16.091666666666665,-0.35
16.094444444444445,-0.36
16.09722222222222,-0.36
16.1,-0.345
16.102777777777778,-0.335
16.105555555555554,-0.335
16.108333333333334,-0.335
16.11111111111111,-0.345
16.113888888888887,-0.335
16.116666666666667,-0.335
16.119444444444444,-0.33
16.122222222222224,-0.335
16.125,-0.335
16.127777777777776,-0.35
16.130555555555556,-0.345
16.133333333333333,-0.355
16.136111111111113,-0.345
16.13888888888889,-0.345
16.141666666666666,-0.355
16.144444444444446,-0.365
16.147222222222222,-0.36
16.15,-0.355
16.15277777777778,-0.345
16.155555555555555,-0.345
16.158333333333335,-0.345
16.16111111111111,-0.36
16.163888888888888,-0.345
16.166666666666668,-0.34
16.169444444444444,-0.335
16.17222222222222,-0.34
16.175,-0.345
16.177777777777777,-0.37
16.180555555555557,-0.37
16.183333333333334,-0.36
16.18611111111111,-0.34
16.18888888888889,-0.35
16.191666666666666,-0.365
16.194444444444443,-0.355
16.197222222222223,-0.35
16.2,-0.34
16.20277777777778,-0.34
16.205555555555556,-0.355
16.208333333333332,-0.355
16.211111111111112,-0.35
16.21388888888889,-0.35
16.216666666666665,-0.335
16.219444444444445,-0.34
16.22222222222222,-0.34
16.225,-0.33
16.227777777777778,-0.35
16.230555555555554,-0.315
16.233333333333334,-0.3
16.23611111111111,-0.29
16.238888888888887,-0.275
16.241666666666667,-0.28
16.244444444444444,-0.285
16.247222222222224,-0.275
16.25,-0.27
16.252777777777776,-0.255
16.255555555555556,-0.24
16.258333333333333,-0.25
16.261111111111113,-0.255
16.26388888888889,-0.24
16.266666666666666,-0.225
16.269444444444446,-0.225
16.272222222222222,-0.24
16.275,-0.255
16.27777777777778,-0.26
16.280555555555555,-0.275
16.283333333333335,-0.26
16.28611111111111,-0.245
16.288888888888888,-0.255
16.291666666666668,-0.265
16.294444444444444,-0.28
16.29722222222222,-0.27
16.3,-0.25
16.302777777777777,-0.235
16.305555555555557,-0.23
16.308333333333334,-0.245
16.31111111111111,-0.27
16.31388888888889,-0.28
16.316666666666666,-0.28
16.319444444444443,-0.29
16.322222222222223,-0.315
16.325,-0.335
16.32777777777778,-0.355
16.330555555555556,-0.355
16.333333333333332,-0.355
16.336111111111112,-0.36
16.33888888888889,-0.36
16.341666666666665,-0.375
16.344444444444445,-0.38
16.34722222222222,-0.36
16.35,-0.355
16.352777777777778,-0.35
16.355555555555554,-0.345
16.358333333333334,-0.37
16.36111111111111,-0.37
16.363888888888887,-0.355
16.366666666666667,-0.355
16.369444444444444,-0.35
16.372222222222224,-0.345
16.375,-0.355
16.377777777777776,-0.355
16.380555555555556,-0.36
16.383333333333333,-0.355
16.386111111111113,-0.355
16.38888888888889,-0.355
16.391666666666666,-0.36
16.394444444444446,-0.375
16.397222222222222,-0.37
16.4,-0.39
16.40277777777778,-0.425
16.405555555555555,-0.465
16.408333333333335,-0.49
16.41111111111111,-0.525
16.413888888888888,-0.56
16.416666666666668,-0.56
16.419444444444444,-0.495
16.42222222222222,-0.36
16.425,-0.22
16.427777777777777,-0.045
16.430555555555557,0.19
16.433333333333334,0.475
16.43611111111111,0.725
16.43888888888889,0.895
16.441666666666666,0.895
16.444444444444443,0.71
16.447222222222223,0.35
16.45,-0.055
16.45277777777778,-0.35
16.455555555555556,-0.48
16.458333333333332,-0.49
16.461111111111112,-0.465
16.46388888888889,-0.415
16.466666666666665,-0.405
16.469444444444445,-0.395
16.47222222222222,-0.405
16.475,-0.42
16.477777777777778,-0.395
16.480555555555554,-0.415
16.483333333333334,-0.4
16.48611111111111,-0.39
16.488888888888887,-0.385
16.491666666666667,-0.395
16.494444444444444,-0.405
16.497222222222224,-0.395
16.5,-0.4
16.502777777777776,-0.39
16.505555555555556,-0.39
16.508333333333333,-0.4
16.511111111111113,-0.415
16.51388888888889,-0.405
16.516666666666666,-0.39
16.519444444444446,-0.38
16.522222222222222,-0.38
16.525,-0.405
16.52777777777778,-0.39
16.530555555555555,-0.4
16.533333333333335,-0.39
16.53611111111111,-0.38
16.538888888888888,-0.38
16.541666666666668,-0.405
16.544444444444444,-0.4
16.54722222222222,-0.41
16.55,-0.4
16.552777777777777,-0.395
16.555555555555557,-0.4
16.558333333333334,-0.4
16.56111111111111,-0.405
16.56388888888889,-0.39
16.566666666666666,-0.38
16.569444444444443,-0.385
16.572222222222223,-0.385
16.575,-0.39
16.57777777777778,-0.405
16.580555555555556,-0.4
16.583333333333332,-0.4
16.586111111111112,-0.39
16.58888888888889,-0.39
16.591666666666665,-0.41
16.594444444444445,-0.41
16.59722222222222,-0.405
16.6,-0.4
16.602777777777778,-0.41
16.605555555555554,-0.405
16.608333333333334,-0.41
16.61111111111111,-0.415
16.613888888888887,-0.41
16.616666666666667,-0.405
16.619444444444444,-0.395
16.622222222222224,-0.405
16.625,-0.4
16.627777777777776,-0.4
16.630555555555556,-0.395
16.633333333333333,-0.405
16.636111111111113,-0.38
16.63888888888889,-0.385
16.641666666666666,-0.39
16.644444444444446,-0.41
16.647222222222222,-0.395
16.65,-0.39
16.65277777777778,-0.38
16.655555555555555,-0.385
16.658333333333335,-0.405
16.66111111111111,-0.405
16.663888888888888,-0.405
16.666666666666668,-0.4
16.669444444444444,-0.41
16.67222222222222,-0.41
16.675,-0.415
16.677777777777777,-0.435
16.680555555555557,-0.43
16.683333333333334,-0.415
16.68611111111111,-0.42
16.68888888888889,-0.42
16.691666666666666,-0.44
16.694444444444443,-0.44
16.697222222222223,-0.435
16.7,-0.435
16.70277777777778,-0.435
16.705555555555556,-0.43
16.708333333333332,-0.445
16.711111111111112,-0.445
16.71388888888889,-0.42
16.716666666666665,-0.425
16.719444444444445,-0.41
16.72222222222222,-0.405
16.725,-0.4
16.727777777777778,-0.41
16.730555555555554,-0.38
16.733333333333334,-0.37
16.73611111111111,-0.35
16.738888888888887,-0.34
16.741666666666667,-0.355
16.744444444444444,-0.345
16.747222222222224,-0.34
16.75,-0.315
16.752777777777776,-0.32
16.755555555555556,-0.3
16.758333333333333,-0.3
16.761111111111113,-0.315
16.76388888888889,-0.305
16.766666666666666,-0.3
16.769444444444446,-0.28
16.772222222222222,-0.29
16.775,-0.29
16.77777777777778,-0.3
16.780555555555555,-0.295
16.783333333333335,-0.295
16.78611111111111,-0.28
16.788888888888888,-0.285
16.791666666666668,-0.29
16.794444444444444,-0.295
16.79722222222222,-0.285
16.8,-0.28
16.802777777777777,-0.275
16.805555555555557,-0.265
16.808333333333334,-0.28
16.81111111111111,-0.295
16.81388888888889,-0.28
16.816666666666666,-0.28
16.819444444444443,-0.275
16.822222222222223,-0.29
16.825,-0.295
16.82777777777778,-0.31
16.830555555555556,-0.29
16.833333333333332,-0.29
16.836111111111112,-0.275
16.83888888888889,-0.27
16.841666666666665,-0.295
16.844444444444445,-0.315
16.84722222222222,-0.31
16.85,-0.3
16.852777777777778,-0.295
16.855555555555554,-0.29
16.858333333333334,-0.3
16.86111111111111,-0.315
16.863888888888887,-0.305
16.866666666666667,-0.3
16.869444444444444,-0.29
16.872222222222224,-0.31
16.875,-0.315
16.877777777777776,-0.33
16.880555555555556,-0.31
16.883333333333333,-0.305
16.886111111111113,-0.295
16.88888888888889,-0.295
16.891666666666666,-0.305
16.894444444444446,-0.325
16.897222222222222,-0.315
16.9,-0.315
16.90277777777778,-0.31
16.905555555555555,-0.3
16.908333333333335,-0.315
16.91111111111111,-0.335
16.913888888888888,-0.325
16.916666666666668,-0.325
16.919444444444444,-0.315
16.92222222222222,-0.31
16.925,-0.32
16.927777777777777,-0.335
16.930555555555557,-0.325
16.933333333333334,-0.31
16.93611111111111,-0.305
16.93888888888889,-0.305
16.941666666666666,-0.32
16.944444444444443,-0.325
16.947222222222223,-0.315
16.95,-0.31
16.95277777777778,-0.3
16.955555555555556,-0.315
16.958333333333332,-0.325
16.961111111111112,-0.32
16.96388888888889,-0.32
16.966666666666665,-0.32
16.969444444444445,-0.31
16.97222222222222,-0.31
16.975,-0.31
16.977777777777778,-0.315
16.980555555555554,-0.305
16.983333333333334,-0.285
16.98611111111111,-0.295
16.988888888888887,-0.305
16.991666666666667,-0.31
16.994444444444444,-0.315
16.997222222222224,-0.3
17.0,-0.315
17.002777777777776,-0.305
17.005555555555556,-0.305
17.008333333333333,-0.325
17.011111111111113,-0.325
17.01388888888889,-0.315
17.016666666666666,-0.3
17.019444444444446,-0.295
17.022222222222222,-0.31
17.025,-0.315
17.02777777777778,-0.32
17.030555555555555,-0.315
17.033333333333335,-0.31
17.03611111111111,-0.295
17.038888888888888,-0.285
17.041666666666668,-0.27
17.044444444444444,-0.25
17.04722222222222,-0.245
17.05,-0.23
17.052777777777777,-0.22
17.055555555555557,-0.225
17.058333333333334,-0.235
17.06111111111111,-0.23
17.06388888888889,-0.22
17.066666666666666,-0.205
17.069444444444443,-0.19
17.072222222222223,-0.19
17.075,-0.19
17.07777777777778,-0.205
17.080555555555556,-0.205
17.083333333333332,-0.205
17.086111111111112,-0.21
17.08888888888889,-0.215
17.091666666666665,-0.225
17.094444444444445,-0.23
17.09722222222222,-0.225
17.1,-0.22
17.102777777777778,-0.22
17.105555555555554,-0.24
17.108333333333334,-0.24
17.11111111111111,-0.23
17.113888888888887,-0.205
17.116666666666667,-0.195
17.119444444444444,-0.195
17.122222222222224,-0.22
17.125,-0.245
17.127777777777776,-0.275
17.130555555555556,-0.26
17.133333333333333,-0.275
17.136111111111113,-0.285
17.13888888888889,-0.3
17.141666666666666,-0.3
17.144444444444446,-0.31
17.147222222222222,-0.31
17.15,-0.32
17.15277777777778,-0.32
17.155555555555555,-0.325
17.158333333333335,-0.335
17.16111111111111,-0.345
17.163888888888888,-0.335
17.166666666666668,-0.335
17.169444444444444,-0.33
17.17222222222222,-0.335
17.175,-0.345
17.177777777777777,-0.36
17.180555555555557,-0.345
17.183333333333334,-0.335
17.18611111111111,-0.345
17.18888888888889,-0.345
17.191666666666666,-0.355
17.194444444444443,-0.36
17.197222222222223,-0.355
17.2,-0.34
17.20277777777778,-0.34
17.205555555555556,-0.35
17.208333333333332,-0.35
17.211111111111112,-0.355
17.21388888888889,-0.355
17.216666666666665,-0.355
17.219444444444445,-0.37
17.22222222222222,-0.425
17.225,-0.465
17.227777777777778,-0.48
17.230555555555554,-0.5
17.233333333333334,-0.53
17.23611111111111,-0.535
17.238888888888887,-0.485
17.241666666666667,-0.395
17.244444444444444,-0.255
17.247222222222224,-0.095
17.25,0.095
17.252777777777776,0.35
17.255555555555556,0.63
17.258333333333333,0.845
17.261111111111113,0.955
17.26388888888889,0.975
17.266666666666666,0.825
17.269444444444446,0.48
17.272222222222222,0.055
17.275,-0.27
17.27777777777778,-0.455
17.280555555555555,-0.485
17.283333333333335,-0.44
17.28611111111111,-0.405
17.288888888888888,-0.375
17.291666666666668,-0.375
17.294444444444444,-0.39
17.29722222222222,-0.38
17.3,-0.36
17.302777777777777,-0.355
17.305555555555557,-0.345
17.308333333333334,-0.365
17.31111111111111,-0.375
17.31388888888889,-0.37
17.316666666666666,-0.37
17.319444444444443,-0.355
17.322222222222223,-0.37
17.325,-0.375
17.32777777777778,-0.38
17.330555555555556,-0.385
17.333333333333332,-0.38
17.336111111111112,-0.38
17.33888888888889,-0.38
17.341666666666665,-0.385
17.344444444444445,-0.395
17.34722222222222,-0.395
17.35,-0.39
17.352777777777778,-0.385
17.355555555555554,-0.38
17.358333333333334,-0.38
17.36111111111111,-0.395
17.363888888888887,-0.39
17.366666666666667,-0.38
17.369444444444444,-0.37
17.372222222222224,-0.375
17.375,-0.385
17.377777777777776,-0.38
17.380555555555556,-0.375
17.383333333333333,-0.365
17.386111111111113,-0.36
17.38888888888889,-0.365
17.391666666666666,-0.365
17.394444444444446,-0.385
17.397222222222222,-0.37
17.4,-0.365
17.40277777777778,-0.355
17.405555555555555,-0.385
17.408333333333335,-0.395
17.41111111111111,-0.395
17.413888888888888,-0.385
17.416666666666668,-0.37
17.419444444444444,-0.38
17.42222222222222,-0.37
17.425,-0.375
17.427777777777777,-0.39
17.430555555555557,-0.385
17.433333333333334,-0.38
17.43611111111111,-0.37
17.43888888888889,-0.37
17.441666666666666,-0.385
17.444444444444443,-0.385
17.447222222222223,-0.38
17.45,-0.385
17.45277777777778,-0.37
17.455555555555556,-0.375
17.458333333333332,-0.375
17.461111111111112,-0.38
17.46388888888889,-0.38
17.466666666666665,-0.355
17.469444444444445,-0.36
17.47222222222222,-0.365
17.475,-0.37
17.477777777777778,-0.38
17.480555555555554,-0.37
17.483333333333334,-0.375
17.48611111111111,-0.36
17.488888888888887,-0.37
17.491666666666667,-0.38
17.494444444444444,-0.385
17.497222222222224,-0.375
17.5,-0.375
17.502777777777776,-0.37
17.505555555555556,-0.37
17.508333333333333,-0.385
17.511111111111113,-0.4
17.51388888888889,-0.395
17.516666666666666,-0.385
17.519444444444446,-0.395
17.522222222222222,-0.38
17.525,-0.4
17.52777777777778,-0.4
17.530555555555555,-0.4
17.533333333333335,-0.39
17.53611111111111,-0.39
17.538888888888888,-0.385
17.541666666666668,-0.4
17.544444444444444,-0.4
17.54722222222222,-0.385
17.55,-0.38
17.552777777777777,-0.38
17.555555555555557,-0.385
17.558333333333334,-0.385
17.56111111111111,-0.405
17.56388888888889,-0.395
17.566666666666666,-0.38
17.569444444444443,-0.37
17.572222222222223,-0.37
17.575,-0.38
17.57777777777778,-0.365
17.580555555555556,-0.355
17.583333333333332,-0.335
17.586111111111112,-0.325
17.58888888888889,-0.32
17.591666666666665,-0.32
17.594444444444445,-0.33
17.59722222222222,-0.315
17.6,-0.3
17.602777777777778,-0.295
17.605555555555554,-0.285
17.608333333333334,-0.295
17.61111111111111,-0.29
17.613888888888887,-0.285
17.616666666666667,-0.27
17.619444444444444,-0.26
17.622222222222224,-0.265
17.625,-0.275
17.627777777777776,-0.28
17.630555555555556,-0.275
17.633333333333333,-0.27
17.636111111111113,-0.27
17.63888888888889,-0.26
17.641666666666666,-0.27
17.644444444444446,-0.28
17.647222222222222,-0.285
17.65,-0.275
17.65277777777778,-0.265
17.655555555555555,-0.27
17.658333333333335,-0.285
17.66111111111111,-0.285
17.663888888888888,-0.285
17.666666666666668,-0.275
17.669444444444444,-0.28
17.67222222222222,-0.275
17.675,-0.285
17.677777777777777,-0.295
17.680555555555557,-0.295
17.683333333333334,-0.285
17.68611111111111,-0.28
17.68888888888889,-0.27
17.691666666666666,-0.285
17.694444444444443,-0.275
17.697222222222223,-0.29
17.7,-0.285
17.70277777777778,-0.28
17.705555555555556,-0.29
17.708333333333332,-0.3
17.711111111111112,-0.31
17.71388888888889,-0.31
17.716666666666665,-0.31
17.719444444444445,-0.3
17.72222222222222,-0.3
17.725,-0.315
17.727777777777778,-0.325
17.730555555555554,-0.315
17.733333333333334,-0.305
17.73611111111111,-0.31
17.738888888888887,-0.31
17.741666666666667,-0.315
17.744444444444444,-0.33
17.747222222222224,-0.325
17.75,-0.32
17.752777777777776,-0.32
17.755555555555556,-0.315
17.758333333333333,-0.325
17.761111111111113,-0.33
17.76388888888889,-0.335
17.766666666666666,-0.325
17.769444444444446,-0.32
17.772222222222222,-0.32
17.775,-0.315
17.77777777777778,-0.32
17.780555555555555,-0.31
17.783333333333335,-0.31
17.78611111111111,-0.3
17.788888888888888,-0.305
17.791666666666668,-0.32
17.794444444444444,-0.34
17.79722222222222,-0.335
17.8,-0.33
17.802777777777777,-0.32
17.805555555555557,-0.33
17.808333333333334,-0.33
17.81111111111111,-0.335
17.81388888888889,-0.34
17.816666666666666,-0.335
17.819444444444443,-0.325
17.822222222222223,-0.34
17.825,-0.345
17.82777777777778,-0.34
17.830555555555556,-0.34
17.833333333333332,-0.325
17.836111111111112,-0.34
17.83888888888889,-0.335
17.841666666666665,-0.34
17.844444444444445,-0.35
17.84722222222222,-0.34
17.85,-0.33
17.852777777777778,-0.33
17.855555555555554,-0.325
17.858333333333334,-0.335
17.86111111111111,-0.34
17.863888888888887,-0.335
17.866666666666667,-0.315
17.869444444444444,-0.315
17.872222222222224,-0.31
17.875,-0.32
17.877777777777776,-0.33
17.880555555555556,-0.32
17.883333333333333,-0.305
17.886111111111113,-0.31
17.88888888888889,-0.305
17.891666666666666,-0.295
17.894444444444446,-0.32
17.897222222222222,-0.305
17.9,-0.29
17.90277777777778,-0.285
17.905555555555555,-0.285
17.908333333333335,-0.285
17.91111111111111,-0.285
17.913888888888888,-0.265
17.916666666666668,-0.25
17.919444444444444,-0.25
17.92222222222222,-0.25
17.925,-0.25
17.927777777777777,-0.25
17.930555555555557,-0.25
17.933333333333334,-0.23
17.93611111111111,-0.215
17.93888888888889,-0.225
17.941666666666666,-0.225
17.944444444444443,-0.23
17.947222222222223,-0.23
17.95,-0.225
17.95277777777778,-0.215
17.955555555555556,-0.215
17.958333333333332,-0.23
17.961111111111112,-0.25
17.96388888888889,-0.24
17.966666666666665,-0.23
17.969444444444445,-0.23
17.97222222222222,-0.24
17.975,-0.25
17.977777777777778,-0.255
17.980555555555554,-0.22
17.983333333333334,-0.2
17.98611111111111,-0.2
17.988888888888887,-0.225
17.991666666666667,-0.265
17.994444444444444,-0.29
17.997222222222224,-0.29
18.0,-0.3
18.002777777777776,-0.31
18.005555555555556,-0.325
18.008333333333333,-0.335
18.011111111111113,-0.34
18.01388888888889,-0.35
18.016666666666666,-0.34
18.019444444444446,-0.34
18.022222222222222,-0.345
18.025,-0.33
18.02777777777778,-0.35
18.030555555555555,-0.345
18.033333333333335,-0.345
18.03611111111111,-0.34
18.038888888888888,-0.35
18.041666666666668,-0.355
18.044444444444444,-0.355
18.04722222222222,-0.355
18.05,-0.345
18.052777777777777,-0.34
18.055555555555557,-0.34
18.058333333333334,-0.355
18.06111111111111,-0.36
18.06388888888889,-0.36
18.066666666666666,-0.355
18.069444444444443,-0.345
18.072222222222223,-0.345
18.075,-0.36
18.07777777777778,-0.37
18.080555555555556,-0.375
18.083333333333332,-0.37
18.086111111111112,-0.38
18.08888888888889,-0.42
18.091666666666665,-0.465
18.094444444444445,-0.485
18.09722222222222,-0.515
18.1,-0.545
18.102777777777778,-0.575
18.105555555555554,-0.545
18.108333333333334,-0.45
18.11111111111111,-0.325
18.113888888888887,-0.195
18.116666666666667,-0.045
18.119444444444444,0.165
18.122222222222224,0.425
18.125,0.655
18.127777777777776,0.81
18.130555555555556,0.875
18.133333333333333,0.815
18.136111111111113,0.59
18.13888888888889,0.22
18.141666666666666,-0.15
18.144444444444446,-0.38
18.147222222222222,-0.47
18.15,-0.465
18.15277777777778,-0.425
18.155555555555555,-0.385
18.158333333333335,-0.375
18.16111111111111,-0.395
18.163888888888888,-0.385
18.166666666666668,-0.375
18.169444444444444,-0.355
18.17222222222222,-0.37
18.175,-0.36
18.177777777777777,-0.365
18.180555555555557,-0.37
18.183333333333334,-0.37
18.18611111111111,-0.36
18.18888888888889,-0.365
18.191666666666666,-0.375
18.194444444444443,-0.38
18.197222222222223,-0.37
18.2,-0.37
18.20277777777778,-0.37
18.205555555555556,-0.38
18.208333333333332,-0.385
18.211111111111112,-0.395
18.21388888888889,-0.39
18.216666666666665,-0.38
18.219444444444445,-0.375
18.22222222222222,-0.375
18.225,-0.395
18.227777777777778,-0.4
18.230555555555554,-0.395
18.233333333333334,-0.37
18.23611111111111,-0.37
18.238888888888887,-0.37
18.241666666666667,-0.365
18.244444444444444,-0.39
18.247222222222224,-0.385
18.25,-0.375
18.252777777777776,-0.36
18.255555555555556,-0.38
18.258333333333333,-0.39
18.261111111111113,-0.39
18.26388888888889,-0.385
18.266666666666666,-0.375
18.269444444444446,-0.375
18.272222222222222,-0.375
18.275,-0.38
18.27777777777778,-0.39
18.280555555555555,-0.38
18.283333333333335,-0.365
18.28611111111111,-0.38
18.288888888888888,-0.38
18.291666666666668,-0.385
18.294444444444444,-0.39
18.29722222222222,-0.39
18.3,-0.38
18.302777777777777,-0.38
18.305555555555557,-0.385
18.308333333333334,-0.395
18.31111111111111,-0.4
18.31388888888889,-0.385
18.316666666666666,-0.38
18.319444444444443,-0.36
18.322222222222223,-0.37
18.325,-0.375
18.32777777777778,-0.37
18.330555555555556,-0.385
18.333333333333332,-0.37
18.336111111111112,-0.365
18.33888888888889,-0.36
18.341666666666665,-0.365
18.344444444444445,-0.375
18.34722222222222,-0.38
18.35,-0.365
18.352777777777778,-0.37
18.355555555555554,-0.36
18.358333333333334,-0.37
18.36111111111111,-0.395
18.363888888888887,-0.385
18.366666666666667,-0.385
18.369444444444444,-0.39
18.372222222222224,-0.39
18.375,-0.39
18.377777777777776,-0.41
18.380555555555556,-0.39
18.383333333333333,-0.38
18.386111111111113,-0.39
18.38888888888889,-0.38
18.391666666666666,-0.395
18.394444444444446,-0.405
18.397222222222222,-0.405
18.4,-0.395
18.40277777777778,-0.39
18.405555555555555,-0.39
18.408333333333335,-0.41
18.41111111111111,-0.415
18.413888888888888,-0.39
18.416666666666668,-0.38
18.419444444444444,-0.39
18.42222222222222,-0.385
18.425,-0.39
18.427777777777777,-0.39
18.430555555555557,-0.38
18.433333333333334,-0.36
18.43611111111111,-0.355
18.43888888888889,-0.345
18.441666666666666,-0.34
18.444444444444443,-0.345
18.447222222222223,-0.33
18.45,-0.32
18.45277777777778,-0.315
18.455555555555556,-0.3
18.458333333333332,-0.305
18.461111111111112,-0.32
18.46388888888889,-0.3
18.466666666666665,-0.275
18.469444444444445,-0.275
18.47222222222222,-0.275
18.475,-0.275
18.477777777777778,-0.28
18.480555555555554,-0.285
18.483333333333334,-0.275
18.48611111111111,-0.275
18.488888888888887,-0.28
18.491666666666667,-0.295
18.494444444444444,-0.305
18.497222222222224,-0.305
18.5,-0.3
18.502777777777776,-0.29
18.505555555555556,-0.285
18.508333333333333,-0.295
18.511111111111113,-0.31
18.51388888888889,-0.3
18.516666666666666,-0.3
18.519444444444446,-0.295
18.522222222222222,-0.3
18.525,-0.305
18.52777777777778,-0.31
18.530555555555555,-0.315
18.533333333333335,-0.305
18.53611111111111,-0.31
18.538888888888888,-0.31
18.541666666666668,-0.315
18.544444444444444,-0.32
18.54722222222222,-0.305
18.55,-0.29
18.552777777777777,-0.285
18.555555555555557,-0.295
18.558333333333334,-0.3
18.56111111111111,-0.315
18.56388888888889,-0.31
18.566666666666666,-0.315
18.569444444444443,-0.32
18.572222222222223,-0.32
18.575,-0.33
18.57777777777778,-0.34
18.580555555555556,-0.32
18.583333333333332,-0.31
18.586111111111112,-0.32
18.58888888888889,-0.32
18.591666666666665,-0.33
18.594444444444445,-0.345
18.59722222222222,-0.34
18.6,-0.33
18.602777777777778,-0.33
18.605555555555554,-0.32
18.608333333333334,-0.33
18.61111111111111,-0.325
18.613888888888887,-0.325
18.616666666666667,-0.32
18.619444444444444,-0.315
18.622222222222224,-0.32
18.625,-0.33
18.627777777777776,-0.345
18.630555555555556,-0.32
18.633333333333333,-0.315
18.636111111111113,-0.315
18.63888888888889,-0.32
18.641666666666666,-0.325
18.644444444444446,-0.335
18.647222222222222,-0.34
18.65,-0.33
18.65277777777778,-0.325
18.655555555555555,-0.315
18.658333333333335,-0.335
18.66111111111111,-0.345
18.663888888888888,-0.34
18.666666666666668,-0.325
18.669444444444444,-0.32
18.67222222222222,-0.33
18.675,-0.345
18.677777777777777,-0.34
18.680555555555557,-0.33
18.683333333333334,-0.34
18.68611111111111,-0.325
18.68888888888889,-0.315
18.691666666666666,-0.31
18.694444444444443,-0.325
18.697222222222223,-0.315
18.7,-0.33
18.70277777777778,-0.315
18.705555555555556,-0.32
18.708333333333332,-0.325
18.711111111111112,-0.33
18.71388888888889,-0.33
18.716666666666665,-0.315
18.719444444444445,-0.31
18.72222222222222,-0.305
18.725,-0.31
18.727777777777778,-0.31
18.730555555555554,-0.3
18.733333333333334,-0.285
18.73611111111111,-0.275
18.738888888888887,-0.27
18.741666666666667,-0.27
18.744444444444444,-0.28
18.747222222222224,-0.265
18.75,-0.255
18.752777777777776,-0.25
18.755555555555556,-0.245
18.758333333333333,-0.25
18.761111111111113,-0.245
18.76388888888889,-0.225
18.766666666666666,-0.215
18.769444444444446,-0.22
18.772222222222222,-0.22
18.775,-0.23
18.77777777777778,-0.235
18.780555555555555,-0.24
18.783333333333335,-0.24
18.78611111111111,-0.23
18.788888888888888,-0.225
18.791666666666668,-0.24
18.794444444444444,-0.27
18.79722222222222,-0.25
18.8,-0.255
18.802777777777777,-0.235
18.805555555555557,-0.225
18.808333333333334,-0.215
18.81111111111111,-0.24
18.81388888888889,-0.26
18.816666666666666,-0.275
18.819444444444443,-0.285
18.822222222222223,-0.315
18.825,-0.32
18.82777777777778,-0.345
18.830555555555556,-0.35
18.833333333333332,-0.35
18.836111111111112,-0.36
18.83888888888889,-0.365
18.841666666666665,-0.355
18.844444444444445,-0.36
18.84722222222222,-0.36
18.85,-0.36
18.852777777777778,-0.35
18.855555555555554,-0.345
18.858333333333334,-0.355
18.86111111111111,-0.375
18.863888888888887,-0.365
18.866666666666667,-0.35
18.869444444444444,-0.345
18.872222222222224,-0.34
18.875,-0.335
18.877777777777776,-0.355
18.880555555555556,-0.365
18.883333333333333,-0.35
18.886111111111113,-0.345
18.88888888888889,-0.345
18.891666666666666,-0.355
18.894444444444446,-0.37
18.897222222222222,-0.37
18.9,-0.365
18.90277777777778,-0.36
18.905555555555555,-0.385
18.908333333333335,-0.415
18.91111111111111,-0.455
18.913888888888888,-0.465
18.916666666666668,-0.46
18.919444444444444,-0.475
18.92222222222222,-0.495
18.925,-0.555
18.927777777777777,-0.585
18.930555555555557,-0.55
18.933333333333334,-0.46
18.93611111111111,-0.345
18.93888888888889,-0.205
18.941666666666666,-0.04
18.944444444444443,0.19
18.947222222222223,0.455
18.95,0.68
18.95277777777778,0.84
18.955555555555556,0.88
18.958333333333332,0.725
18.961111111111112,0.4
18.96388888888889,0.0
18.966666666666665,-0.28
18.969444444444445,-0.435
18.97222222222222,-0.51
18.975,-0.485
18.977777777777778,-0.46
18.980555555555554,-0.43
18.983333333333334,-0.405
18.98611111111111,-0.41
18.988888888888887,-0.41
18.991666666666667,-0.415
18.994444444444444,-0.405
18.997222222222224,-0.415
19.0,-0.395
19.002777777777776,-0.39
19.005555555555556,-0.395
19.008333333333333,-0.405
19.011111111111113,-0.41
19.01388888888889,-0.41
19.016666666666666,-0.395
19.019444444444446,-0.39
19.022222222222222,-0.4
19.025,-0.4
19.02777777777778,-0.395
19.030555555555555,-0.4
19.033333333333335,-0.385
19.03611111111111,-0.385
19.038888888888888,-0.395
19.041666666666668,-0.41
19.044444444444444,-0.42
19.04722222222222,-0.41
19.05,-0.4
19.052777777777777,-0.39
19.055555555555557,-0.41
19.058333333333334,-0.415
19.06111111111111,-0.425
19.06388888888889,-0.425
19.066666666666666,-0.405
19.069444444444443,-0.4
19.072222222222223,-0.425
19.075,-0.415
19.07777777777778,-0.415
19.080555555555556,-0.41
19.083333333333332,-0.405
19.086111111111112,-0.4
19.08888888888889,-0.41
19.091666666666665,-0.405
19.094444444444445,-0.415
19.09722222222222,-0.41
19.1,-0.4
19.102777777777778,-0.395
19.105555555555554,-0.4
19.108333333333334,-0.405
19.11111111111111,-0.405
19.113888888888887,-0.415
19.116666666666667,-0.405
19.119444444444444,-0.4
19.122222222222224,-0.405
19.125,-0.41
19.127777777777776,-0.42
19.130555555555556,-0.415
19.133333333333333,-0.4
19.136111111111113,-0.395
19.13888888888889,-0.4
19.141666666666666,-0.415
19.144444444444446,-0.42
19.147222222222222,-0.41
19.15,-0.4
19.15277777777778,-0.395
19.155555555555555,-0.4
19.158333333333335,-0.415
19.16111111111111,-0.41
19.163888888888888,-0.415
19.166666666666668,-0.415
19.169444444444444,-0.405
19.17222222222222,-0.41
19.175,-0.42
19.177777777777777,-0.44
19.180555555555557,-0.43
19.183333333333334,-0.43
19.18611111111111,-0.425
19.18888888888889,-0.435
19.191666666666666,-0.435
19.194444444444443,-0.44
19.197222222222223,-0.45
19.2,-0.45
19.20277777777778,-0.45
19.205555555555556,-0.465
19.208333333333332,-0.47
19.211111111111112,-0.485
19.21388888888889,-0.465
19.216666666666665,-0.455
19.219444444444445,-0.45
19.22222222222222,-0.45
19.225,-0.47
19.227777777777778,-0.485
19.230555555555554,-0.46
19.233333333333334,-0.445
19.23611111111111,-0.435
19.238888888888887,-0.425
19.241666666666667,-0.43
19.244444444444444,-0.43
19.247222222222224,-0.415
19.25,-0.385
19.252777777777776,-0.365
19.255555555555556,-0.375
19.258333333333333,-0.36
19.261111111111113,-0.36
19.26388888888889,-0.35
19.266666666666666,-0.335
19.269444444444446,-0.335
19.272222222222222,-0.325
19.275,-0.335
19.27777777777778,-0.335
19.280555555555555,-0.335
19.283333333333335,-0.31
19.28611111111111,-0.31
19.288888888888888,-0.315
19.291666666666668,-0.315
19.294444444444444,-0.32
19.29722222222222,-0.315
19.3,-0.295
19.302777777777777,-0.295
19.305555555555557,-0.3
19.308333333333334,-0.305
19.31111111111111,-0.33
19.31388888888889,-0.325
19.316666666666666,-0.315
19.319444444444443,-0.325
19.322222222222223,-0.32
19.325,-0.33
19.32777777777778,-0.335
19.330555555555556,-0.335
19.333333333333332,-0.33
19.336111111111112,-0.305
19.33888888888889,-0.325
19.341666666666665,-0.325
19.344444444444445,-0.325
19.34722222222222,-0.325
19.35,-0.31
19.352777777777778,-0.305
19.355555555555554,-0.315
19.358333333333334,-0.325
19.36111111111111,-0.33
19.363888888888887,-0.325
19.366666666666667,-0.325
19.369444444444444,-0.34
19.372222222222224,-0.34
19.375,-0.34
19.377777777777776,-0.345
19.380555555555556,-0.34
19.383333333333333,-0.325
19.386111111111113,-0.33
19.38888888888889,-0.32
19.391666666666666,-0.325
19.394444444444446,-0.34
19.397222222222222,-0.34
19.4,-0.335
19.40277777777778,-0.34
19.405555555555555,-0.35
19.408333333333335,-0.355
19.41111111111111,-0.36
19.413888888888888,-0.35
19.416666666666668,-0.345
19.419444444444444,-0.345
19.42222222222222,-0.36
19.425,-0.355
19.427777777777777,-0.37
19.430555555555557,-0.365
19.433333333333334,-0.35
19.43611111111111,-0.36
19.43888888888889,-0.35
19.441666666666666,-0.36
19.444444444444443,-0.37
19.447222222222223,-0.36
19.45,-0.355
19.45277777777778,-0.345
19.455555555555556,-0.345
19.458333333333332,-0.35
19.461111111111112,-0.35
19.46388888888889,-0.345
19.466666666666665,-0.335
19.469444444444445,-0.33
19.47222222222222,-0.34
19.475,-0.345
19.477777777777778,-0.35
19.480555555555554,-0.345
19.483333333333334,-0.345
19.48611111111111,-0.34
19.488888888888887,-0.34
19.491666666666667,-0.345
19.494444444444444,-0.36
19.497222222222224,-0.35
19.5,-0.345
19.502777777777776,-0.335
19.505555555555556,-0.345
19.508333333333333,-0.345
19.511111111111113,-0.355
19.51388888888889,-0.345
19.516666666666666,-0.335
19.519444444444446,-0.325
19.522222222222222,-0.32
19.525,-0.305
19.52777777777778,-0.305
19.530555555555555,-0.3
19.533333333333335,-0.285
19.53611111111111,-0.28
19.538888888888888,-0.265
19.541666666666668,-0.275
19.544444444444444,-0.27
19.54722222222222,-0.245
19.55,-0.24
19.552777777777777,-0.23
19.555555555555557,-0.235
19.558333333333334,-0.23
19.56111111111111,-0.245
19.56388888888889,-0.245
19.566666666666666,-0.24
19.569444444444443,-0.25
19.572222222222223,-0.255
19.575,-0.255
19.57777777777778,-0.27
19.580555555555556,-0.265
19.583333333333332,-0.265
19.586111111111112,-0.265
19.58888888888889,-0.255
19.591666666666665,-0.25
19.594444444444445,-0.235
19.59722222222222,-0.23
19.6,-0.25
19.602777777777778,-0.26
19.605555555555554,-0.28
19.608333333333334,-0.305
19.61111111111111,-0.34
19.613888888888887,-0.33
19.616666666666667,-0.335
19.619444444444444,-0.33
19.622222222222224,-0.345
19.625,-0.35
19.627777777777776,-0.36
19.630555555555556,-0.36
19.633333333333333,-0.36
19.636111111111113,-0.365
19.63888888888889,-0.365
19.641666666666666,-0.355
19.644444444444446,-0.365
19.647222222222222,-0.36
19.65,-0.36
19.65277777777778,-0.36
19.655555555555555,-0.355
19.658333333333335,-0.375
19.66111111111111,-0.375
19.663888888888888,-0.365
19.666666666666668,-0.36
19.669444444444444,-0.37
19.67222222222222,-0.36
19.675,-0.38
19.677777777777777,-0.39
19.680555555555557,-0.385
19.683333333333334,-0.385
19.68611111111111,-0.365
19.68888888888889,-0.375
19.691666666666666,-0.375
19.694444444444443,-0.4
19.697222222222223,-0.395
19.7,-0.43
19.70277777777778,-0.46
19.705555555555556,-0.48
19.708333333333332,-0.51
19.711111111111112,-0.57
19.71388888888889,-0.585
19.716666666666665,-0.515
19.719444444444445,-0.385
19.72222222222222,-0.24
19.725,-0.085
19.727777777777778,0.125
19.730555555555554,0.405
19.733333333333334,0.675
19.73611111111111,0.865
19.738888888888887,0.935
19.741666666666667,0.84
19.744444444444444,0.555
19.747222222222224,0.14
19.75,-0.2
19.752777777777776,-0.405
19.755555555555556,-0.485
19.758333333333333,-0.485
19.761111111111113,-0.45
19.76388888888889,-0.385
19.766666666666666,-0.385
19.769444444444446,-0.385
19.772222222222222,-0.39
19.775,-0.385
19.77777777777778,-0.395
19.780555555555555,-0.39
19.783333333333335,-0.385
19.78611111111111,-0.385
19.788888888888888,-0.39
19.791666666666668,-0.395
19.794444444444444,-0.39
19.79722222222222,-0.39
19.8,-0.395
19.802777777777777,-0.38
19.805555555555557,-0.385
19.808333333333334,-0.39
19.81111111111111,-0.405
19.81388888888889,-0.4
19.816666666666666,-0.395
19.819444444444443,-0.39
19.822222222222223,-0.39
19.825,-0.39
19.82777777777778,-0.405
19.830555555555556,-0.375
19.833333333333332,-0.39
19.836111111111112,-0.38
19.83888888888889,-0.39
19.841666666666665,-0.385
19.844444444444445,-0.39
19.84722222222222,-0.385
19.85,-0.37
19.852777777777778,-0.365
19.855555555555554,-0.365
19.858333333333334,-0.38
19.86111111111111,-0.39
19.863888888888887,-0.39
19.866666666666667,-0.385
19.869444444444444,-0.375
19.872222222222224,-0.38
19.875,-0.39
19.877777777777776,-0.39
19.880555555555556,-0.395
19.883333333333333,-0.375
19.886111111111113,-0.385
19.88888888888889,-0.385
19.891666666666666,-0.4
19.894444444444446,-0.39
19.897222222222222,-0.385
19.9,-0.385
19.90277777777778,-0.375
19.905555555555555,-0.38
19.908333333333335,-0.395
19.91111111111111,-0.405
19.913888888888888,-0.385
19.916666666666668,-0.38
19.919444444444444,-0.375
19.92222222222222,-0.38
19.925,-0.38
19.927777777777777,-0.39
19.930555555555557,-0.39
19.933333333333334,-0.38
19.93611111111111,-0.355
19.93888888888889,-0.355
19.941666666666666,-0.37
19.944444444444443,-0.385
19.947222222222223,-0.375
19.95,-0.385
19.95277777777778,-0.375
19.955555555555556,-0.39
19.958333333333332,-0.39
19.961111111111112,-0.4
19.96388888888889,-0.4
19.966666666666665,-0.385
19.969444444444445,-0.39
19.97222222222222,-0.39
19.975,-0.405
19.977777777777778,-0.415
19.980555555555554,-0.405
19.983333333333334,-0.405
19.98611111111111,-0.405
19.988888888888887,-0.41
19.991666666666667,-0.425
19.994444444444444,-0.43
19.997222222222224,-0.42
20.0,-0.405
20.002777777777776,-0.41
20.005555555555556,-0.41
20.008333333333333,-0.41
20.011111111111113,-0.41
20.01388888888889,-0.4
20.016666666666666,-0.385
20.019444444444446,-0.37
20.022222222222222,-0.375
20.025,-0.36
20.02777777777778,-0.365
20.030555555555555,-0.355
20.033333333333335,-0.335
20.03611111111111,-0.315
20.038888888888888,-0.315
20.041666666666668,-0.31
20.044444444444444,-0.315
20.04722222222222,-0.295
20.05,-0.29
20.052777777777777,-0.27
20.055555555555557,-0.285
20.058333333333334,-0.29
20.06111111111111,-0.29
20.06388888888889,-0.28
20.066666666666666,-0.275
20.069444444444443,-0.255
20.072222222222223,-0.27
20.075,-0.275
20.07777777777778,-0.275
20.080555555555556,-0.28
20.083333333333332,-0.255
20.086111111111112,-0.245
20.08888888888889,-0.26
20.091666666666665,-0.255
20.094444444444445,-0.265
20.09722222222222,-0.26
20.1,-0.26
20.102777777777778,-0.24
20.105555555555554,-0.25
20.108333333333334,-0.26
20.11111111111111,-0.275
20.113888888888887,-0.265
20.116666666666667,-0.26
20.119444444444444,-0.26
20.122222222222224,-0.285
20.125,-0.285
20.127777777777776,-0.28
20.130555555555556,-0.285
20.133333333333333,-0.285
20.136111111111113,-0.265
20.13888888888889,-0.28
20.141666666666666,-0.275
20.144444444444446,-0.295
20.147222222222222,-0.295
20.15,-0.28
20.15277777777778,-0.275
20.155555555555555,-0.28
20.158333333333335,-0.285
20.16111111111111,-0.31
20.163888888888888,-0.305
20.166666666666668,-0.28
20.169444444444444,-0.29
20.17222222222222,-0.285
20.175,-0.29
20.177777777777777,-0.3
20.180555555555557,-0.31
20.183333333333334,-0.295
20.18611111111111,-0.295
20.18888888888889,-0.29
20.191666666666666,-0.315
20.194444444444443,-0.31
20.197222222222223,-0.31
20.2,-0.315
20.20277777777778,-0.305
20.205555555555556,-0.31
20.208333333333332,-0.32
20.211111111111112,-0.325
20.21388888888889,-0.31
20.216666666666665,-0.305
20.219444444444445,-0.31
20.22222222222222,-0.305
20.225,-0.315
20.227777777777778,-0.315
20.230555555555554,-0.305
20.233333333333334,-0.305
20.23611111111111,-0.3
20.238888888888887,-0.3
20.241666666666667,-0.315
20.244444444444444,-0.32
20.247222222222224,-0.305
20.25,-0.295
20.252777777777776,-0.3
20.255555555555556,-0.305
20.258333333333333,-0.3
20.261111111111113,-0.32
20.26388888888889,-0.31
20.266666666666666,-0.305
20.269444444444446,-0.295
20.272222222222222,-0.3
20.275,-0.31
20.27777777777778,-0.325
20.280555555555555,-0.315
20.283333333333335,-0.315
20.28611111111111,-0.3
20.288888888888888,-0.3
20.291666666666668,-0.31
20.294444444444444,-0.32
20.29722222222222,-0.315
20.3,-0.305
20.302777777777777,-0.3
20.305555555555557,-0.3
20.308333333333334,-0.3
20.31111111111111,-0.3
20.31388888888889,-0.285
20.316666666666666,-0.26
20.319444444444443,-0.245
20.322222222222223,-0.24
20.325,-0.245
20.32777777777778,-0.25
20.330555555555556,-0.24
20.333333333333332,-0.245
20.336111111111112,-0.23
20.33888888888889,-0.22
20.341666666666665,-0.23
20.344444444444445,-0.235
20.34722222222222,-0.23
20.35,-0.205
20.352777777777778,-0.2
20.355555555555554,-0.195
20.358333333333334,-0.21
20.36111111111111,-0.215
20.363888888888887,-0.205
20.366666666666667,-0.205
20.369444444444444,-0.205
20.372222222222224,-0.21
20.375,-0.225
20.377777777777776,-0.23
20.380555555555556,-0.225
20.383333333333333,-0.22
20.386111111111113,-0.22
20.38888888888889,-0.215
20.391666666666666,-0.2
20.394444444444446,-0.19
20.397222222222222,-0.19
20.4,-0.205
20.40277777777778,-0.225
20.405555555555555,-0.25
20.408333333333335,-0.27
20.41111111111111,-0.3
20.413888888888888,-0.305
20.416666666666668,-0.32
20.419444444444444,-0.32
20.42222222222222,-0.325
20.425,-0.335
20.427777777777777,-0.34
20.430555555555557,-0.335
20.433333333333334,-0.345
20.43611111111111,-0.33
20.43888888888889,-0.33
20.441666666666666,-0.345
20.444444444444443,-0.345
20.447222222222223,-0.35
20.45,-0.335
20.45277777777778,-0.335
20.455555555555556,-0.335
20.458333333333332,-0.34
20.461111111111112,-0.345
20.46388888888889,-0.34
20.466666666666665,-0.32
20.469444444444445,-0.325
20.47222222222222,-0.325
20.475,-0.335
20.477777777777778,-0.345
20.480555555555554,-0.35
20.483333333333334,-0.395
20.48611111111111,-0.43
20.488888888888887,-0.46
20.491666666666667,-0.505
20.494444444444444,-0.545
20.497222222222224,-0.575
20.5,-0.56
20.502777777777776,-0.455
20.505555555555556,-0.33
20.508333333333333,-0.235
20.511111111111113,-0.13
20.51388888888889,0.0
20.516666666666666,0.16
20.519444444444446,0.35
20.522222222222222,0.545
20.525,0.7
20.52777777777778,0.815
20.530555555555555,0.93
20.533333333333335,1.035
20.53611111111111,1.05
20.538888888888888,0.92
20.541666666666668,0.57
20.544444444444444,0.115
20.54722222222222,-0.245
20.55,-0.42
20.552777777777777,-0.425
20.555555555555557,-0.39
20.558333333333334,-0.355
20.56111111111111,-0.36
20.56388888888889,-0.365
20.566666666666666,-0.355
20.569444444444443,-0.35
20.572222222222223,-0.36
20.575,-0.365
20.57777777777778,-0.39
20.580555555555556,-0.385
20.583333333333332,-0.375
20.586111111111112,-0.37
20.58888888888889,-0.37
20.591666666666665,-0.38
20.594444444444445,-0.395
20.59722222222222,-0.385
20.6,-0.375
20.602777777777778,-0.365
20.605555555555554,-0.37
20.608333333333334,-0.385
20.61111111111111,-0.4
20.613888888888887,-0.385
20.616666666666667,-0.385
20.619444444444444,-0.37
20.622222222222224,-0.375
20.625,-0.385
20.627777777777776,-0.395
20.630555555555556,-0.39
20.633333333333333,-0.37
20.636111111111113,-0.36
20.63888888888889,-0.36
20.641666666666666,-0.365
20.644444444444446,-0.37
20.647222222222222,-0.37
20.65,-0.365
20.65277777777778,-0.355
20.655555555555555,-0.36
20.658333333333335,-0.37
20.66111111111111,-0.38
20.663888888888888,-0.38
20.666666666666668,-0.365
20.669444444444444,-0.37
20.67222222222222,-0.365
20.675,-0.38
20.677777777777777,-0.39
20.680555555555557,-0.38
20.683333333333334,-0.38
20.68611111111111,-0.365
20.68888888888889,-0.365
20.691666666666666,-0.375
20.694444444444443,-0.385
20.697222222222223,-0.385
20.7,-0.375
20.70277777777778,-0.36
20.705555555555556,-0.355
20.708333333333332,-0.37
20.711111111111112,-0.375
20.71388888888889,-0.37
20.716666666666665,-0.37
20.719444444444445,-0.355
20.72222222222222,-0.365
20.725,-0.36
20.727777777777778,-0.385
20.730555555555554,-0.385
20.733333333333334,-0.38
20.73611111111111,-0.36
20.738888888888887,-0.365
20.741666666666667,-0.375
20.744444444444444,-0.38
20.747222222222224,-0.37
20.75,-0.37
20.752777777777776,-0.37
20.755555555555556,-0.36
20.758333333333333,-0.385
20.761111111111113,-0.395
20.76388888888889,-0.38
20.766666666666666,-0.375
20.769444444444446,-0.365
20.772222222222222,-0.375
20.775,-0.385
20.77777777777778,-0.39
20.780555555555555,-0.375
20.783333333333335,-0.37
20.78611111111111,-0.37
20.788888888888888,-0.37
20.791666666666668,-0.37
20.794444444444444,-0.385
20.79722222222222,-0.38
20.8,-0.385
20.802777777777777,-0.37
20.805555555555557,-0.37
20.808333333333334,-0.37
20.81111111111111,-0.38
20.81388888888889,-0.37
20.816666666666666,-0.345
20.819444444444443,-0.34
20.822222222222223,-0.325
20.825,-0.335
20.82777777777778,-0.325
20.830555555555556,-0.305
20.833333333333332,-0.295
20.836111111111112,-0.295
20.83888888888889,-0.3
20.841666666666665,-0.3
20.844444444444445,-0.305
20.84722222222222,-0.295
20.85,-0.28
20.852777777777778,-0.285
20.855555555555554,-0.275
20.858333333333334,-0.265
20.86111111111111,-0.28
20.863888888888887,-0.275
20.866666666666667,-0.255
20.869444444444444,-0.265
20.872222222222224,-0.26
20.875,-0.265
20.877777777777776,-0.285
20.880555555555556,-0.285
20.883333333333333,-0.275
20.886111111111113,-0.26
20.88888888888889,-0.265
20.891666666666666,-0.285
20.894444444444446,-0.285
20.897222222222222,-0.29
20.9,-0.275
20.90277777777778,-0.275
20.905555555555555,-0.265
20.908333333333335,-0.275
20.91111111111111,-0.305
20.913888888888888,-0.29
20.916666666666668,-0.285
20.919444444444444,-0.285
20.92222222222222,-0.275
20.925,-0.295
20.927777777777777,-0.3
20.930555555555557,-0.28
20.933333333333334,-0.28
20.93611111111111,-0.27
20.93888888888889,-0.28
20.941666666666666,-0.295
20.944444444444443,-0.3
20.947222222222223,-0.31
20.95,-0.315
20.95277777777778,-0.305
20.955555555555556,-0.305
20.958333333333332,-0.335
20.961111111111112,-0.335
20.96388888888889,-0.32
20.966666666666665,-0.32
20.969444444444445,-0.31
20.97222222222222,-0.32
20.975,-0.33
20.977777777777778,-0.33
20.980555555555554,-0.33
20.983333333333334,-0.33
20.98611111111111,-0.31
20.988888888888887,-0.315
20.991666666666667,-0.32
20.994444444444444,-0.335
20.997222222222224,-0.33
21.0,-0.315
21.002777777777776,-0.31
21.005555555555556,-0.315
21.008333333333333,-0.33
21.011111111111113,-0.34
21.01388888888889,-0.335
21.016666666666666,-0.34
21.019444444444446,-0.305
21.022222222222222,-0.32
21.025,-0.33
21.02777777777778,-0.34
21.030555555555555,-0.335
21.033333333333335,-0.32
21.03611111111111,-0.32
21.038888888888888,-0.33
21.041666666666668,-0.33
21.044444444444444,-0.335
21.04722222222222,-0.325
21.05,-0.315
21.052777777777777,-0.32
21.055555555555557,-0.315
21.058333333333334,-0.32
21.06111111111111,-0.31
21.06388888888889,-0.31
21.066666666666666,-0.31
21.069444444444443,-0.305
21.072222222222223,-0.3
21.075,-0.31
21.07777777777778,-0.31
21.080555555555556,-0.3
21.083333333333332,-0.285
21.086111111111112,-0.29
21.08888888888889,-0.275
21.091666666666665,-0.275
21.094444444444445,-0.275
21.09722222222222,-0.27
21.1,-0.255
21.102777777777778,-0.24
21.105555555555554,-0.245
21.108333333333334,-0.24
21.11111111111111,-0.245
21.113888888888887,-0.245
21.116666666666667,-0.22
21.119444444444444,-0.205
21.122222222222224,-0.19
21.125,-0.195
21.127777777777776,-0.19
21.130555555555556,-0.2
21.133333333333333,-0.195
21.136111111111113,-0.2
21.13888888888889,-0.21
21.141666666666666,-0.215
21.144444444444446,-0.22
21.147222222222222,-0.21
21.15,-0.21
21.15277777777778,-0.2
21.155555555555555,-0.21
21.158333333333335,-0.22
21.16111111111111,-0.215
21.163888888888888,-0.22
21.166666666666668,-0.235
21.169444444444444,-0.225
21.17222222222222,-0.225
21.175,-0.22
21.177777777777777,-0.2
21.180555555555557,-0.205
21.183333333333334,-0.23
21.18611111111111,-0.25
21.18888888888889,-0.26
21.191666666666666,-0.285
21.194444444444443,-0.3
21.197222222222223,-0.315
21.2,-0.33
21.20277777777778,-0.325
21.205555555555556,-0.335
21.208333333333332,-0.34
21.211111111111112,-0.345
21.21388888888889,-0.33
21.216666666666665,-0.32
21.219444444444445,-0.32
21.22222222222222,-0.325
21.225,-0.335
21.227777777777778,-0.335
21.230555555555554,-0.335
21.233333333333334,-0.33
21.23611111111111,-0.33
21.238888888888887,-0.335
21.241666666666667,-0.35
21.244444444444444,-0.355
21.247222222222224,-0.35
21.25,-0.345
21.252777777777776,-0.34
21.255555555555556,-0.35
21.258333333333333,-0.36
21.261111111111113,-0.39
21.26388888888889,-0.4
21.266666666666666,-0.435
21.269444444444446,-0.465
21.272222222222222,-0.48
21.275,-0.515
21.27777777777778,-0.57
21.280555555555555,-0.58
21.283333333333335,-0.52
21.28611111111111,-0.4
21.288888888888888,-0.25
21.291666666666668,-0.095
21.294444444444444,0.1
21.29722222222222,0.395
21.3,0.66
21.302777777777777,0.83
21.305555555555557,0.88
21.308333333333334,0.76
21.31111111111111,0.46
21.31388888888889,0.07
21.316666666666666,-0.24
21.319444444444443,-0.425
21.322222222222223,-0.485
21.325,-0.48
21.32777777777778,-0.43
21.330555555555556,-0.4
21.333333333333332,-0.395
21.336111111111112,-0.4
21.33888888888889,-0.4
21.341666666666665,-0.395
21.344444444444445,-0.39
21.34722222222222,-0.375
21.35,-0.365
21.352777777777778,-0.37
21.355555555555554,-0.385
21.358333333333334,-0.395
21.36111111111111,-0.405
21.363888888888887,-0.39
21.366666666666667,-0.39
21.369444444444444,-0.385
21.372222222222224,-0.38
21.375,-0.395
21.377777777777776,-0.4
21.380555555555556,-0.38
21.383333333333333,-0.38
21.386111111111113,-0.375
21.38888888888889,-0.385
21.391666666666666,-0.395
21.394444444444446,-0.405
21.397222222222222,-0.4
21.4,-0.395
21.40277777777778,-0.395
21.405555555555555,-0.38
21.408333333333335,-0.395
21.41111111111111,-0.39
21.413888888888888,-0.395
21.416666666666668,-0.4
21.419444444444444,-0.39
21.42222222222222,-0.385
21.425,-0.39
21.427777777777777,-0.4
21.430555555555557,-0.39
21.433333333333334,-0.38
21.43611111111111,-0.38
21.43888888888889,-0.385
21.441666666666666,-0.38
21.444444444444443,-0.385
21.447222222222223,-0.37
21.45,-0.375
21.45277777777778,-0.37
21.455555555555556,-0.37
21.458333333333332,-0.375
21.461111111111112,-0.385
21.46388888888889,-0.385
21.466666666666665,-0.375
21.469444444444445,-0.385
21.47222222222222,-0.38
21.475,-0.4
21.477777777777778,-0.405
21.480555555555554,-0.4
21.483333333333334,-0.385
21.48611111111111,-0.38
21.488888888888887,-0.375
21.491666666666667,-0.395
21.494444444444444,-0.405
21.497222222222224,-0.405
21.5,-0.395
21.502777777777776,-0.39
21.505555555555556,-0.38
21.508333333333333,-0.385
21.511111111111113,-0.395
21.51388888888889,-0.375
21.516666666666666,-0.375
21.519444444444446,-0.38
21.522222222222222,-0.385
21.525,-0.375
21.52777777777778,-0.385
21.530555555555555,-0.385
21.533333333333335,-0.375
21.53611111111111,-0.38
21.538888888888888,-0.4
21.541666666666668,-0.405
21.544444444444444,-0.415
21.54722222222222,-0.41
21.55,-0.415
21.552777777777777,-0.4
21.555555555555557,-0.41
21.558333333333334,-0.41
21.56111111111111,-0.415
21.56388888888889,-0.415
21.566666666666666,-0.415
21.569444444444443,-0.415
21.572222222222223,-0.415
21.575,-0.425
21.57777777777778,-0.445
21.580555555555556,-0.43
21.583333333333332,-0.42
21.586111111111112,-0.415
21.58888888888889,-0.4
21.591666666666665,-0.41
21.594444444444445,-0.405
21.59722222222222,-0.385
21.6,-0.375
21.602777777777778,-0.35
21.605555555555554,-0.35
21.608333333333334,-0.35
21.61111111111111,-0.355
21.613888888888887,-0.335
21.616666666666667,-0.33
21.619444444444444,-0.305
21.622222222222224,-0.31
21.625,-0.325
21.627777777777776,-0.325
21.630555555555556,-0.315
21.633333333333333,-0.315
21.636111111111113,-0.31
21.63888888888889,-0.31
21.641666666666666,-0.305
21.644444444444446,-0.315
21.647222222222222,-0.32
21.65,-0.31
21.65277777777778,-0.305
21.655555555555555,-0.305
21.658333333333335,-0.305
21.66111111111111,-0.31
21.663888888888888,-0.295
21.666666666666668,-0.295
21.669444444444444,-0.29
21.67222222222222,-0.285
21.675,-0.285
21.677777777777777,-0.305
21.680555555555557,-0.305
21.683333333333334,-0.295
21.68611111111111,-0.29
21.68888888888889,-0.295
21.691666666666666,-0.295
21.694444444444443,-0.305
21.697222222222223,-0.305
21.7,-0.3
21.70277777777778,-0.3
21.705555555555556,-0.3
21.708333333333332,-0.32
21.711111111111112,-0.32
21.71388888888889,-0.325
21.716666666666665,-0.32
21.719444444444445,-0.32
21.72222222222222,-0.305
21.725,-0.325
21.727777777777778,-0.32
21.730555555555554,-0.315
21.733333333333334,-0.32
21.73611111111111,-0.31
21.738888888888887,-0.315
21.741666666666667,-0.31
21.744444444444444,-0.315
21.747222222222224,-0.315
21.75,-0.315
21.752777777777776,-0.305
21.755555555555556,-0.31
21.758333333333333,-0.315
21.761111111111113,-0.325
21.76388888888889,-0.33
21.766666666666666,-0.33
21.769444444444446,-0.325
21.772222222222222,-0.325
21.775,-0.33
21.77777777777778,-0.35
21.780555555555555,-0.35
21.783333333333335,-0.33
21.78611111111111,-0.325
21.788888888888888,-0.33
21.791666666666668,-0.35
21.794444444444444,-0.36
21.79722222222222,-0.35
21.8,-0.34
21.802777777777777,-0.33
21.805555555555557,-0.33
21.808333333333334,-0.33
21.81111111111111,-0.35
21.81388888888889,-0.35
21.816666666666666,-0.34
21.819444444444443,-0.325
21.822222222222223,-0.32
21.825,-0.33
21.82777777777778,-0.335
21.830555555555556,-0.35
21.833333333333332,-0.34
21.836111111111112,-0.345
21.83888888888889,-0.34
21.841666666666665,-0.33
21.844444444444445,-0.335
21.84722222222222,-0.34
21.85,-0.32
21.852777777777778,-0.325
21.855555555555554,-0.33
21.858333333333334,-0.35
21.86111111111111,-0.35
21.863888888888887,-0.335
21.866666666666667,-0.32
21.869444444444444,-0.31
21.872222222222224,-0.305
21.875,-0.295
21.877777777777776,-0.295
21.880555555555556,-0.275
21.883333333333333,-0.27
21.886111111111113,-0.255
21.88888888888889,-0.265
21.891666666666666,-0.25
21.894444444444446,-0.25
21.897222222222222,-0.25
21.9,-0.225
21.90277777777778,-0.22
21.905555555555555,-0.22
21.908333333333335,-0.23
21.91111111111111,-0.25
21.913888888888888,-0.25
21.916666666666668,-0.25
21.919444444444444,-0.235
21.92222222222222,-0.23
21.925,-0.245
21.927777777777777,-0.24
21.930555555555557,-0.235
21.933333333333334,-0.235
21.93611111111111,-0.23
21.93888888888889,-0.255
21.941666666666666,-0.26
21.944444444444443,-0.275
21.947222222222223,-0.265
21.95,-0.255
21.95277777777778,-0.23
21.955555555555556,-0.225
21.958333333333332,-0.24
21.961111111111112,-0.27
21.96388888888889,-0.285
21.966666666666665,-0.295
21.969444444444445,-0.305
21.97222222222222,-0.32
21.975,-0.355
21.977777777777778,-0.365
21.980555555555554,-0.36
21.983333333333334,-0.365
21.98611111111111,-0.355
21.988888888888887,-0.355
21.991666666666667,-0.36
21.994444444444444,-0.365
21.997222222222224,-0.365
22.0,-0.355
22.002777777777776,-0.345
22.005555555555556,-0.355
22.008333333333333,-0.37
22.011111111111113,-0.385
22.01388888888889,-0.37
22.016666666666666,-0.35
22.019444444444446,-0.35
22.022222222222222,-0.345
22.025,-0.36
22.02777777777778,-0.37
22.030555555555555,-0.37
22.033333333333335,-0.36
22.03611111111111,-0.345
22.038888888888888,-0.36
22.041666666666668,-0.365
22.044444444444444,-0.385
22.04722222222222,-0.39
22.05,-0.405
22.052777777777777,-0.43
22.055555555555557,-0.45
22.058333333333334,-0.47
22.06111111111111,-0.515
22.06388888888889,-0.55
22.066666666666666,-0.565
22.069444444444443,-0.505
22.072222222222223,-0.42
22.075,-0.295
22.07777777777778,-0.13
22.080555555555556,0.08
22.083333333333332,0.36
22.086111111111112,0.62
22.08888888888889,0.835
22.091666666666665,0.92
22.094444444444445,0.83
22.09722222222222,0.545
22.1,0.16
22.102777777777778,-0.18
22.105555555555554,-0.395
22.108333333333334,-0.49
22.11111111111111,-0.515
22.113888888888887,-0.47
22.116666666666667,-0.425
22.119444444444444,-0.41
22.122222222222224,-0.41
22.125,-0.415
22.127777777777776,-0.41
22.130555555555556,-0.405
22.133333333333333,-0.395
22.136111111111113,-0.395
22.13888888888889,-0.395
22.141666666666666,-0.405
22.144444444444446,-0.41
22.147222222222222,-0.4
22.15,-0.405
22.15277777777778,-0.395
22.155555555555555,-0.4
22.158333333333335,-0.41
22.16111111111111,-0.42
22.163888888888888,-0.415
22.166666666666668,-0.415
22.169444444444444,-0.405
22.17222222222222,-0.41
22.175,-0.43
22.177777777777777,-0.445
22.180555555555557,-0.445
22.183333333333334,-0.425
22.18611111111111,-0.415
22.18888888888889,-0.42
22.191666666666666,-0.42
22.194444444444443,-0.425
22.197222222222223,-0.42
22.2,-0.425
22.20277777777778,-0.41
22.205555555555556,-0.415
22.208333333333332,-0.435
22.211111111111112,-0.44
22.21388888888889,-0.435
22.216666666666665,-0.415
22.219444444444445,-0.415
22.22222222222222,-0.41
22.225,-0.41
22.227777777777778,-0.42
22.230555555555554,-0.43
22.233333333333334,-0.435
22.23611111111111,-0.425
22.238888888888887,-0.42
22.241666666666667,-0.42
22.244444444444444,-0.425
22.247222222222224,-0.425
22.25,-0.425
22.252777777777776,-0.42
22.255555555555556,-0.425
22.258333333333333,-0.425
22.261111111111113,-0.425
22.26388888888889,-0.42
22.266666666666666,-0.415
22.269444444444446,-0.415
22.272222222222222,-0.415
22.275,-0.42
22.27777777777778,-0.43
22.280555555555555,-0.425
22.283333333333335,-0.42
22.28611111111111,-0.415
22.288888888888888,-0.42
22.291666666666668,-0.42
22.294444444444444,-0.43
22.29722222222222,-0.42
22.3,-0.42
22.302777777777777,-0.41
22.305555555555557,-0.405
22.308333333333334,-0.425
22.31111111111111,-0.435
22.31388888888889,-0.44
22.316666666666666,-0.42
22.319444444444443,-0.415
22.322222222222223,-0.43
22.325,-0.44
22.32777777777778,-0.45
22.330555555555556,-0.45
22.333333333333332,-0.445
22.336111111111112,-0.445
22.33888888888889,-0.445
22.341666666666665,-0.465
22.344444444444445,-0.475
22.34722222222222,-0.49
22.35,-0.48
22.352777777777778,-0.475
22.355555555555554,-0.48
22.358333333333334,-0.485
22.36111111111111,-0.49
22.363888888888887,-0.485
22.366666666666667,-0.475
22.369444444444444,-0.455
22.372222222222224,-0.465
22.375,-0.46
22.377777777777776,-0.47
22.380555555555556,-0.455
22.383333333333333,-0.45
22.386111111111113,-0.435
22.38888888888889,-0.43
22.391666666666666,-0.43
22.394444444444446,-0.42
22.397222222222222,-0.415
22.4,-0.39
22.40277777777778,-0.385
22.405555555555555,-0.375
22.408333333333335,-0.375
22.41111111111111,-0.375
22.413888888888888,-0.36
22.416666666666668,-0.345
22.419444444444444,-0.335
22.42222222222222,-0.33
22.425,-0.345
22.427777777777777,-0.34
22.430555555555557,-0.335
22.433333333333334,-0.33
22.43611111111111,-0.325
22.43888888888889,-0.32
22.441666666666666,-0.33
22.444444444444443,-0.335
22.447222222222223,-0.325
22.45,-0.32
22.45277777777778,-0.31
22.455555555555556,-0.305
22.458333333333332,-0.325
22.461111111111112,-0.33
22.46388888888889,-0.325
22.466666666666665,-0.32
22.469444444444445,-0.305
22.47222222222222,-0.32
22.475,-0.32
22.477777777777778,-0.34
22.480555555555554,-0.325
22.483333333333334,-0.325
22.48611111111111,-0.33
22.488888888888887,-0.33
22.491666666666667,-0.345
22.494444444444444,-0.355
22.497222222222224,-0.35
22.5,-0.33
22.502777777777776,-0.325
22.505555555555556,-0.335
22.508333333333333,-0.335
22.511111111111113,-0.36
22.51388888888889,-0.35
22.516666666666666,-0.345
22.519444444444446,-0.355
22.522222222222222,-0.36
22.525,-0.35
22.52777777777778,-0.37
22.530555555555555,-0.35
22.533333333333335,-0.355
22.53611111111111,-0.35
22.538888888888888,-0.35
22.541666666666668,-0.35
22.544444444444444,-0.365
22.54722222222222,-0.355
22.55,-0.36
22.552777777777777,-0.35
22.555555555555557,-0.36
22.558333333333334,-0.365
22.56111111111111,-0.375
22.56388888888889,-0.365
22.566666666666666,-0.375
22.569444444444443,-0.365
22.572222222222223,-0.38
22.575,-0.38
22.57777777777778,-0.395
22.580555555555556,-0.385
22.583333333333332,-0.375
22.586111111111112,-0.37
22.58888888888889,-0.375
22.591666666666665,-0.375
22.594444444444445,-0.385
22.59722222222222,-0.375
22.6,-0.375
22.602777777777778,-0.36
22.605555555555554,-0.37
22.608333333333334,-0.375
22.61111111111111,-0.38
22.613888888888887,-0.375
22.616666666666667,-0.365
22.619444444444444,-0.36
22.622222222222224,-0.36
22.625,-0.365
22.627777777777776,-0.38
22.630555555555556,-0.38
22.633333333333333,-0.375
22.636111111111113,-0.355
22.63888888888889,-0.365
22.641666666666666,-0.37
22.644444444444446,-0.385
22.647222222222222,-0.375
22.65,-0.36
22.65277777777778,-0.365
22.655555555555555,-0.365
22.658333333333335,-0.38
22.66111111111111,-0.38
22.663888888888888,-0.37
22.666666666666668,-0.36
22.669444444444444,-0.36
22.67222222222222,-0.35
22.675,-0.36
22.677777777777777,-0.365
22.680555555555557,-0.35
22.683333333333334,-0.345
22.68611111111111,-0.335
22.68888888888889,-0.325
22.691666666666666,-0.32
22.694444444444443,-0.33
22.697222222222223,-0.32
22.7,-0.3
22.70277777777778,-0.3
22.705555555555556,-0.295
22.708333333333332,-0.305
22.711111111111112,-0.295
22.71388888888889,-0.285
22.716666666666665,-0.27
22.719444444444445,-0.27
22.72222222222222,-0.255
22.725,-0.265
22.727777777777778,-0.27
22.730555555555554,-0.275
22.733333333333334,-0.265
22.73611111111111,-0.275
22.738888888888887,-0.27
22.741666666666667,-0.285
22.744444444444444,-0.295
22.747222222222224,-0.295
22.75,-0.285
22.752777777777776,-0.275
22.755555555555556,-0.28
22.758333333333333,-0.3
22.761111111111113,-0.29
22.76388888888889,-0.285
22.766666666666666,-0.255
22.769444444444446,-0.24
22.772222222222222,-0.27
22.775,-0.3
22.77777777777778,-0.34
22.780555555555555,-0.34
22.783333333333335,-0.35
22.78611111111111,-0.36
22.788888888888888,-0.38
22.791666666666668,-0.39
22.794444444444444,-0.405
22.79722222222222,-0.4
22.8,-0.385
22.802777777777777,-0.385
22.805555555555557,-0.385
22.808333333333334,-0.405
22.81111111111111,-0.41
22.81388888888889,-0.405
22.816666666666666,-0.39
22.819444444444443,-0.4
22.822222222222223,-0.395
22.825,-0.415
22.82777777777778,-0.415
22.830555555555556,-0.405
22.833333333333332,-0.395
22.836111111111112,-0.39
22.83888888888889,-0.39
22.841666666666665,-0.405
22.844444444444445,-0.415
22.84722222222222,-0.415
22.85,-0.4
22.852777777777778,-0.405
22.855555555555554,-0.43
22.858333333333334,-0.48
22.86111111111111,-0.525
22.863888888888887,-0.55
22.866666666666667,-0.57
22.869444444444444,-0.595
22.872222222222224,-0.645
22.875,-0.64
22.877777777777776,-0.57
22.880555555555556,-0.44
22.883333333333333,-0.335
22.886111111111113,-0.25
22.88888888888889,-0.15
22.891666666666666,-0.015
22.894444444444446,0.16
22.897222222222222,0.41
22.9,0.665
22.90277777777778,0.855
22.905555555555555,0.955
22.908333333333335,0.91
22.91111111111111,0.645
22.913888888888888,0.215
22.916666666666668,-0.195
22.919444444444444,-0.445
22.92222222222222,-0.54
22.925,-0.51
22.927777777777777,-0.485
22.930555555555557,-0.435
22.933333333333334,-0.445
22.93611111111111,-0.44
22.93888888888889,-0.44
22.941666666666666,-0.44
22.944444444444443,-0.45
22.947222222222223,-0.455
22.95,-0.455
22.95277777777778,-0.45
22.955555555555556,-0.455
22.958333333333332,-0.46
22.961111111111112,-0.47
22.96388888888889,-0.465
22.966666666666665,-0.45
22.969444444444445,-0.44
22.97222222222222,-0.45
22.975,-0.445
22.977777777777778,-0.46
22.980555555555554,-0.46
22.983333333333334,-0.44
22.98611111111111,-0.445
22.988888888888887,-0.445
22.991666666666667,-0.45
22.994444444444444,-0.455
22.997222222222224,-0.45
23.0,-0.455
23.002777777777776,-0.435
23.005555555555556,-0.455
23.008333333333333,-0.45
23.011111111111113,-0.455
23.01388888888889,-0.455
23.016666666666666,-0.445
23.019444444444446,-0.44
23.022222222222222,-0.435
23.025,-0.435
23.02777777777778,-0.45
23.030555555555555,-0.445
23.033333333333335,-0.43
23.03611111111111,-0.44
23.038888888888888,-0.45
23.041666666666668,-0.45
23.044444444444444,-0.455
23.04722222222222,-0.46
23.05,-0.44
23.052777777777777,-0.435
23.055555555555557,-0.445
23.058333333333334,-0.455
23.06111111111111,-0.46
23.06388888888889,-0.455
23.066666666666666,-0.44
23.069444444444443,-0.445
23.072222222222223,-0.44
23.075,-0.45
23.07777777777778,-0.465
23.080555555555556,-0.45
23.083333333333332,-0.455
23.086111111111112,-0.44
23.08888888888889,-0.44
23.091666666666665,-0.45
23.094444444444445,-0.475
23.09722222222222,-0.455
23.1,-0.45
23.102777777777778,-0.45
23.105555555555554,-0.44
23.108333333333334,-0.44
23.11111111111111,-0.455
23.113888888888887,-0.44
23.116666666666667,-0.44
23.119444444444444,-0.435
23.122222222222224,-0.44
23.125,-0.445
23.127777777777776,-0.455
23.130555555555556,-0.45
23.133333333333333,-0.44
23.136111111111113,-0.435
23.13888888888889,-0.45
23.141666666666666,-0.445
23.144444444444446,-0.455
23.147222222222222,-0.45
23.15,-0.445
23.15277777777778,-0.445
23.155555555555555,-0.455
23.158333333333335,-0.47
23.16111111111111,-0.47
23.163888888888888,-0.48
23.166666666666668,-0.465
23.169444444444444,-0.455
23.17222222222222,-0.455
23.175,-0.465
23.177777777777777,-0.47
23.180555555555557,-0.47
23.183333333333334,-0.455
23.18611111111111,-0.455
23.18888888888889,-0.46
23.191666666666666,-0.45
23.194444444444443,-0.455
23.197222222222223,-0.445
23.2,-0.435
23.20277777777778,-0.41
23.205555555555556,-0.42
23.208333333333332,-0.42
23.211111111111112,-0.425
23.21388888888889,-0.41
23.216666666666665,-0.39
23.219444444444445,-0.37
23.22222222222222,-0.37
23.225,-0.375
23.227777777777778,-0.38
23.230555555555554,-0.36
23.233333333333334,-0.35
23.23611111111111,-0.35
23.238888888888887,-0.335
23.241666666666667,-0.34
23.244444444444444,-0.355
23.247222222222224,-0.355
23.25,-0.34
23.252777777777776,-0.33
23.255555555555556,-0.345
23.258333333333333,-0.35
23.261111111111113,-0.345
23.26388888888889,-0.345
23.266666666666666,-0.33
23.269444444444446,-0.315
23.272222222222222,-0.325
23.275,-0.34
23.27777777777778,-0.34
23.280555555555555,-0.34
23.283333333333335,-0.34
23.28611111111111,-0.335
23.288888888888888,-0.345
23.291666666666668,-0.35
23.294444444444444,-0.37
23.29722222222222,-0.35
23.3,-0.345
23.302777777777777,-0.335
23.305555555555557,-0.355
23.308333333333334,-0.365
23.31111111111111,-0.36
23.31388888888889,-0.365
23.316666666666666,-0.36
23.319444444444443,-0.35
23.322222222222223,-0.355
23.325,-0.355
23.32777777777778,-0.375
23.330555555555556,-0.375
23.333333333333332,-0.37
23.336111111111112,-0.355
23.33888888888889,-0.355
23.341666666666665,-0.375
23.344444444444445,-0.375
23.34722222222222,-0.385
23.35,-0.365
23.352777777777778,-0.36
23.355555555555554,-0.365
23.358333333333334,-0.39
23.36111111111111,-0.39
23.363888888888887,-0.385
23.366666666666667,-0.38
23.369444444444444,-0.385
23.372222222222224,-0.39
23.375,-0.39
23.377777777777776,-0.405
23.380555555555556,-0.39
23.383333333333333,-0.395
23.386111111111113,-0.39
23.38888888888889,-0.395
23.391666666666666,-0.41
23.394444444444446,-0.415
23.397222222222222,-0.415
23.4,-0.405
23.40277777777778,-0.395
23.405555555555555,-0.405
23.408333333333335,-0.415
23.41111111111111,-0.42
23.413888888888888,-0.41
23.416666666666668,-0.42
23.419444444444444,-0.4
23.42222222222222,-0.4
23.425,-0.405
23.427777777777777,-0.415
23.430555555555557,-0.42
23.433333333333334,-0.4
23.43611111111111,-0.395
23.43888888888889,-0.385
23.441666666666666,-0.405
23.444444444444443,-0.41
23.447222222222223,-0.41
23.45,-0.405
23.45277777777778,-0.395
23.455555555555556,-0.405
23.458333333333332,-0.41
23.461111111111112,-0.41
23.46388888888889,-0.415
23.466666666666665,-0.415
23.469444444444445,-0.405
23.47222222222222,-0.395
23.475,-0.405
23.477777777777778,-0.41
23.480555555555554,-0.41
23.483333333333334,-0.4
23.48611111111111,-0.395
23.488888888888887,-0.395
23.491666666666667,-0.395
23.494444444444444,-0.405
23.497222222222224,-0.39
23.5,-0.37
23.502777777777776,-0.365
23.505555555555556,-0.355
23.508333333333333,-0.355
23.511111111111113,-0.355
23.51388888888889,-0.35
23.516666666666666,-0.34
23.519444444444446,-0.33
23.522222222222222,-0.325
23.525,-0.34
23.52777777777778,-0.345
23.530555555555555,-0.345
23.533333333333335,-0.325
23.53611111111111,-0.3
23.538888888888888,-0.305
23.541666666666668,-0.305
23.544444444444444,-0.32
23.54722222222222,-0.3
23.55,-0.315
23.552777777777777,-0.295
23.555555555555557,-0.305
23.558333333333334,-0.32
23.56111111111111,-0.33
23.56388888888889,-0.32
23.566666666666666,-0.3
23.569444444444443,-0.295
23.572222222222223,-0.31
23.575,-0.325
23.57777777777778,-0.32
23.580555555555556,-0.3
23.583333333333332,-0.28
23.586111111111112,-0.295
23.58888888888889,-0.33
23.591666666666665,-0.365
23.594444444444445,-0.385
23.59722222222222,-0.39
23.6,-0.395
23.602777777777778,-0.395
23.605555555555554,-0.41
23.608333333333334,-0.42
23.61111111111111,-0.44
23.613888888888887,-0.43
23.616666666666667,-0.42
23.619444444444444,-0.415
23.622222222222224,-0.41
23.625,-0.43
23.627777777777776,-0.435
23.630555555555556,-0.43
23.633333333333333,-0.43
23.636111111111113,-0.42
23.63888888888889,-0.42
23.641666666666666,-0.44
23.644444444444446,-0.445
23.647222222222222,-0.43
23.65,-0.43
23.65277777777778,-0.425
23.655555555555555,-0.43
23.658333333333335,-0.43
23.66111111111111,-0.445
23.663888888888888,-0.44
23.666666666666668,-0.455
23.669444444444444,-0.43
23.67222222222222,-0.44
23.675,-0.455
23.677777777777777,-0.48
23.680555555555557,-0.51
23.683333333333334,-0.545
23.68611111111111,-0.565
23.68888888888889,-0.58
23.691666666666666,-0.635
23.694444444444443,-0.665
23.697222222222223,-0.63
23.7,-0.51
23.70277777777778,-0.355
23.705555555555556,-0.2
23.708333333333332,-0.025
23.711111111111112,0.24
23.71388888888889,0.54
23.716666666666665,0.755
23.719444444444445,0.845
23.72222222222222,0.795
23.725,0.55
23.727777777777778,0.12
23.730555555555554,-0.285
23.733333333333334,-0.52
23.73611111111111,-0.585
23.738888888888887,-0.56
23.741666666666667,-0.52
23.744444444444444,-0.5
23.747222222222224,-0.47
23.75,-0.475
23.752777777777776,-0.47
23.755555555555556,-0.46
23.758333333333333,-0.48
23.761111111111113,-0.485
23.76388888888889,-0.485
23.766666666666666,-0.47
23.769444444444446,-0.465
23.772222222222222,-0.475
23.775,-0.48
23.77777777777778,-0.49
23.780555555555555,-0.485
23.783333333333335,-0.475
23.78611111111111,-0.47
23.788888888888888,-0.475
23.791666666666668,-0.49
23.794444444444444,-0.495
23.79722222222222,-0.495
23.8,-0.495
23.802777777777777,-0.48
23.805555555555557,-0.49
23.808333333333334,-0.485
23.81111111111111,-0.495
23.81388888888889,-0.49
23.816666666666666,-0.485
23.819444444444443,-0.48
23.822222222222223,-0.475
23.825,-0.485
23.82777777777778,-0.49
23.830555555555556,-0.485
23.833333333333332,-0.48
23.836111111111112,-0.475
23.83888888888889,-0.485
23.841666666666665,-0.485
23.844444444444445,-0.51
23.84722222222222,-0.495
23.85,-0.49
23.852777777777778,-0.485
23.855555555555554,-0.475
23.858333333333334,-0.475
23.86111111111111,-0.495
23.863888888888887,-0.475
23.866666666666667,-0.475
23.869444444444444,-0.475
23.872222222222224,-0.47
23.875,-0.495
23.877777777777776,-0.495
23.880555555555556,-0.495
23.883333333333333,-0.49
23.886111111111113,-0.47
23.88888888888889,-0.485
23.891666666666666,-0.495
23.894444444444446,-0.505
23.897222222222222,-0.495
23.9,-0.49
23.90277777777778,-0.49
23.905555555555555,-0.48
23.908333333333335,-0.49
23.91111111111111,-0.5
23.913888888888888,-0.495
23.916666666666668,-0.49
23.919444444444444,-0.475
23.92222222222222,-0.48
23.925,-0.49
23.927777777777777,-0.5
23.930555555555557,-0.48
23.933333333333334,-0.485
23.93611111111111,-0.475
23.93888888888889,-0.48
23.941666666666666,-0.48
23.944444444444443,-0.48
23.947222222222223,-0.47
23.95,-0.465
23.95277777777778,-0.46
23.955555555555556,-0.475
23.958333333333332,-0.475
23.961111111111112,-0.48
23.96388888888889,-0.49
23.966666666666665,-0.48
23.969444444444445,-0.47
23.97222222222222,-0.48
23.975,-0.495
23.977777777777778,-0.505
23.980555555555554,-0.505
23.983333333333334,-0.485
23.98611111111111,-0.485
23.988888888888887,-0.485
23.991666666666667,-0.495
23.994444444444444,-0.505
23.997222222222224,-0.505
24.0,-0.49
24.002777777777776,-0.485
24.005555555555556,-0.5
24.008333333333333,-0.49
24.011111111111113,-0.5
24.01388888888889,-0.48
24.016666666666666,-0.47
24.019444444444446,-0.445
24.022222222222222,-0.45
24.025,-0.45
24.02777777777778,-0.45
24.030555555555555,-0.425
24.033333333333335,-0.405
24.03611111111111,-0.385
24.038888888888888,-0.385
24.041666666666668,-0.395
24.044444444444444,-0.39
24.04722222222222,-0.385
24.05,-0.375
24.052777777777777,-0.37
24.055555555555557,-0.375
24.058333333333334,-0.385
24.06111111111111,-0.39
24.06388888888889,-0.39
24.066666666666666,-0.385
24.069444444444443,-0.37
24.072222222222223,-0.37
24.075,-0.39
24.07777777777778,-0.385
24.080555555555556,-0.385
24.083333333333332,-0.385
24.086111111111112,-0.375
24.08888888888889,-0.375
24.091666666666665,-0.38
24.094444444444445,-0.39
24.09722222222222,-0.37
24.1,-0.38
24.102777777777778,-0.365
24.105555555555554,-0.37
24.108333333333334,-0.375
24.11111111111111,-0.39
24.113888888888887,-0.38
24.116666666666667,-0.365
24.119444444444444,-0.365
24.122222222222224,-0.37
24.125,-0.375
24.127777777777776,-0.395
24.130555555555556,-0.39
24.133333333333333,-0.39
24.136111111111113,-0.38
24.13888888888889,-0.39
24.141666666666666,-0.405
24.144444444444446,-0.415
24.147222222222222,-0.415
24.15,-0.41
24.15277777777778,-0.395
24.155555555555555,-0.395
24.158333333333335,-0.41
24.16111111111111,-0.42
24.163888888888888,-0.41
24.166666666666668,-0.415
24.169444444444444,-0.4
24.17222222222222,-0.42
24.175,-0.425
24.177777777777777,-0.43
24.180555555555557,-0.43
24.183333333333334,-0.425
24.18611111111111,-0.41
24.18888888888889,-0.41
24.191666666666666,-0.41
24.194444444444443,-0.425
24.197222222222223,-0.425
24.2,-0.41
24.20277777777778,-0.41
24.205555555555556,-0.42
24.208333333333332,-0.42
24.211111111111112,-0.445
24.21388888888889,-0.45
24.216666666666665,-0.435
24.219444444444445,-0.43
24.22222222222222,-0.43
24.225,-0.44
24.227777777777778,-0.45
24.230555555555554,-0.445
24.233333333333334,-0.44
24.23611111111111,-0.42
24.238888888888887,-0.42
24.241666666666667,-0.43
24.244444444444444,-0.445
24.247222222222224,-0.445
24.25,-0.435
24.252777777777776,-0.425
24.255555555555556,-0.425
24.258333333333333,-0.445
24.261111111111113,-0.45
24.26388888888889,-0.445
24.266666666666666,-0.435
24.269444444444446,-0.425
24.272222222222222,-0.42
24.275,-0.43
24.27777777777778,-0.43
24.280555555555555,-0.43
24.283333333333335,-0.42
24.28611111111111,-0.405
24.288888888888888,-0.415
24.291666666666668,-0.42
24.294444444444444,-0.425
24.29722222222222,-0.425
24.3,-0.42
24.302777777777777,-0.425
24.305555555555557,-0.42
24.308333333333334,-0.425
24.31111111111111,-0.44
24.31388888888889,-0.44
24.316666666666666,-0.425
24.319444444444443,-0.42
24.322222222222223,-0.42
24.325,-0.415
24.32777777777778,-0.425
24.330555555555556,-0.4
24.333333333333332,-0.38
24.336111111111112,-0.365
24.33888888888889,-0.37
24.341666666666665,-0.37
24.344444444444445,-0.365
24.34722222222222,-0.355
24.35,-0.345
24.352777777777778,-0.33
24.355555555555554,-0.32
24.358333333333334,-0.32
24.36111111111111,-0.33
24.363888888888887,-0.325
24.366666666666667,-0.315
24.369444444444444,-0.315
24.372222222222224,-0.315
24.375,-0.325
24.377777777777776,-0.34
24.380555555555556,-0.345
24.383333333333333,-0.335
24.386111111111113,-0.325
24.38888888888889,-0.335
24.391666666666666,-0.355
24.394444444444446,-0.38
24.397222222222222,-0.36
24.4,-0.345
24.40277777777778,-0.305
24.405555555555555,-0.295
24.408333333333335,-0.315
24.41111111111111,-0.335
24.413888888888888,-0.365
24.416666666666668,-0.37
24.419444444444444,-0.375
24.42222222222222,-0.385
24.425,-0.405
24.427777777777777,-0.43
24.430555555555557,-0.43
24.433333333333334,-0.43
24.43611111111111,-0.43
24.43888888888889,-0.435
24.441666666666666,-0.45
24.444444444444443,-0.46
24.447222222222223,-0.46
24.45,-0.46
24.45277777777778,-0.455
24.455555555555556,-0.45
24.458333333333332,-0.45
24.461111111111112,-0.465
24.46388888888889,-0.47
24.466666666666665,-0.47
24.469444444444445,-0.46
24.47222222222222,-0.475
24.475,-0.48
24.477777777777778,-0.49
24.480555555555554,-0.48
24.483333333333334,-0.465
24.48611111111111,-0.465
24.488888888888887,-0.48
24.491666666666667,-0.485
24.494444444444444,-0.495
24.497222222222224,-0.495
24.5,-0.49
24.502777777777776,-0.49
24.505555555555556,-0.525
24.508333333333333,-0.555
24.511111111111113,-0.6
24.51388888888889,-0.61
24.516666666666666,-0.62
24.519444444444446,-0.655
24.522222222222222,-0.68
24.525,-0.655
24.52777777777778,-0.575
24.530555555555555,-0.445
24.533333333333335,-0.31
24.53611111111111,-0.13
24.538888888888888,0.125
24.541666666666668,0.395
24.544444444444444,0.6
24.54722222222222,0.725
24.55,0.715
24.552777777777777,0.53
24.555555555555557,0.185
24.558333333333334,-0.195
24.56111111111111,-0.455
24.56388888888889,-0.59
24.566666666666666,-0.615
24.569444444444443,-0.585
24.572222222222223,-0.545
24.575,-0.535
24.57777777777778,-0.535
24.580555555555556,-0.535
24.583333333333332,-0.525
24.586111111111112,-0.505
24.58888888888889,-0.515
24.591666666666665,-0.505
24.594444444444445,-0.515
24.59722222222222,-0.515
24.6,-0.49
24.602777777777778,-0.495
24.605555555555554,-0.5
24.608333333333334,-0.49
24.61111111111111,-0.52
24.613888888888887,-0.51
24.616666666666667,-0.52
24.619444444444444,-0.505
24.622222222222224,-0.505
24.625,-0.505
24.627777777777776,-0.515
24.630555555555556,-0.515
24.633333333333333,-0.5
24.636111111111113,-0.51
24.63888888888889,-0.515
24.641666666666666,-0.525
24.644444444444446,-0.53
24.647222222222222,-0.525
24.65,-0.535
24.65277777777778,-0.52
24.655555555555555,-0.525
24.658333333333335,-0.52
24.66111111111111,-0.53
24.663888888888888,-0.52
24.666666666666668,-0.52
24.669444444444444,-0.51
24.67222222222222,-0.515
24.675,-0.51
24.677777777777777,-0.53
24.680555555555557,-0.53
24.683333333333334,-0.52
24.68611111111111,-0.51
24.68888888888889,-0.505
24.691666666666666,-0.525
24.694444444444443,-0.53
24.697222222222223,-0.525
24.7,-0.51
24.70277777777778,-0.495
24.705555555555556,-0.5
24.708333333333332,-0.51
24.711111111111112,-0.52
24.71388888888889,-0.52
24.716666666666665,-0.515
24.719444444444445,-0.505
24.72222222222222,-0.5
24.725,-0.51
24.727777777777778,-0.52
24.730555555555554,-0.505
24.733333333333334,-0.515
24.73611111111111,-0.51
24.738888888888887,-0.52
24.741666666666667,-0.505
24.744444444444444,-0.505
24.747222222222224,-0.515
24.75,-0.525
24.752777777777776,-0.5
24.755555555555556,-0.495
24.758333333333333,-0.495
24.761111111111113,-0.505
24.76388888888889,-0.495
24.766666666666666,-0.49
24.769444444444446,-0.475
24.772222222222222,-0.49
24.775,-0.495
24.77777777777778,-0.51
24.780555555555555,-0.505
24.783333333333335,-0.5
24.78611111111111,-0.5
24.788888888888888,-0.5
24.791666666666668,-0.505
24.794444444444444,-0.515
24.79722222222222,-0.505
24.8,-0.505
24.802777777777777,-0.515
24.805555555555557,-0.51
24.808333333333334,-0.525
24.81111111111111,-0.535
24.81388888888889,-0.535
24.816666666666666,-0.54
24.819444444444443,-0.52
24.822222222222223,-0.54
24.825,-0.54
24.82777777777778,-0.56
24.830555555555556,-0.55
24.833333333333332,-0.54
24.836111111111112,-0.545
24.83888888888889,-0.54
24.841666666666665,-0.545
24.844444444444445,-0.55
24.84722222222222,-0.555
24.85,-0.53
24.852777777777778,-0.52
24.855555555555554,-0.515
24.858333333333334,-0.5
24.86111111111111,-0.505
24.863888888888887,-0.505
24.866666666666667,-0.485
24.869444444444444,-0.465
24.872222222222224,-0.47
24.875,-0.46
24.877777777777776,-0.46
24.880555555555556,-0.455
24.883333333333333,-0.435
24.886111111111113,-0.43
24.88888888888889,-0.425
24.891666666666666,-0.43
24.894444444444446,-0.44
24.897222222222222,-0.44
24.9,-0.435
24.90277777777778,-0.41
24.905555555555555,-0.41
24.908333333333335,-0.415
24.91111111111111,-0.42
24.913888888888888,-0.41
24.916666666666668,-0.4
24.919444444444444,-0.395
24.92222222222222,-0.39
24.925,-0.405
24.927777777777777,-0.41
24.930555555555557,-0.405
24.933333333333334,-0.39
24.93611111111111,-0.4
24.93888888888889,-0.405
24.941666666666666,-0.415
24.944444444444443,-0.415
24.947222222222223,-0.415
24.95,-0.41
24.95277777777778,-0.4
24.955555555555556,-0.41
24.958333333333332,-0.41
24.961111111111112,-0.425
24.96388888888889,-0.415
24.966666666666665,-0.395
24.969444444444445,-0.405
24.97222222222222,-0.4
24.975,-0.415
24.977777777777778,-0.42
24.980555555555554,-0.425
24.983333333333334,-0.41
24.98611111111111,-0.4
24.988888888888887,-0.405
24.991666666666667,-0.42
24.994444444444444,-0.42
24.997222222222224,-0.415
25.0,-0.41
25.002777777777776,-0.41
25.005555555555556,-0.42
25.008333333333333,-0.425
25.011111111111113,-0.44
25.01388888888889,-0.435
25.016666666666666,-0.43
25.019444444444446,-0.43
25.022222222222222,-0.43
25.025,-0.43
25.02777777777778,-0.445
25.030555555555555,-0.45
25.033333333333335,-0.435
25.03611111111111,-0.425
25.038888888888888,-0.42
25.041666666666668,-0.425
25.044444444444444,-0.43
25.04722222222222,-0.455
25.05,-0.45
25.052777777777777,-0.44
25.055555555555557,-0.43
25.058333333333334,-0.44
25.06111111111111,-0.44
25.06388888888889,-0.44
25.066666666666666,-0.43
25.069444444444443,-0.42
25.072222222222223,-0.415
25.075,-0.425
25.07777777777778,-0.45
25.080555555555556,-0.455
25.083333333333332,-0.45
25.086111111111112,-0.445
25.08888888888889,-0.435
25.091666666666665,-0.435
25.094444444444445,-0.45
25.09722222222222,-0.45
25.1,-0.445
25.102777777777778,-0.43
25.105555555555554,-0.425
25.108333333333334,-0.45
25.11111111111111,-0.46
25.113888888888887,-0.445
25.116666666666667,-0.44
25.119444444444444,-0.425
25.122222222222224,-0.42
25.125,-0.445
25.127777777777776,-0.45
25.130555555555556,-0.435
25.133333333333333,-0.425
25.136111111111113,-0.41
25.13888888888889,-0.42
25.141666666666666,-0.44
25.144444444444446,-0.445
25.147222222222222,-0.435
25.15,-0.43
25.15277777777778,-0.43
25.155555555555555,-0.425
25.158333333333335,-0.43
25.16111111111111,-0.425
25.163888888888888,-0.41
25.166666666666668,-0.41
25.169444444444444,-0.38
25.17222222222222,-0.365
25.175,-0.37
25.177777777777777,-0.4
25.180555555555557,-0.39
25.183333333333334,-0.37
25.18611111111111,-0.355
25.18888888888889,-0.35
25.191666666666666,-0.36
25.194444444444443,-0.38
25.197222222222223,-0.37
25.2,-0.355
25.20277777777778,-0.33
25.205555555555556,-0.325
25.208333333333332,-0.325
25.211111111111112,-0.33
25.21388888888889,-0.32
25.216666666666665,-0.32
25.219444444444445,-0.315
25.22222222222222,-0.32
25.225,-0.34
25.227777777777778,-0.355
25.230555555555554,-0.35
25.233333333333334,-0.34
25.23611111111111,-0.34
25.238888888888887,-0.36
25.241666666666667,-0.37
25.244444444444444,-0.385
25.247222222222224,-0.37
25.25,-0.34
25.252777777777776,-0.325
25.255555555555556,-0.335
25.258333333333333,-0.38
25.261111111111113,-0.39
25.26388888888889,-0.41
25.266666666666666,-0.42
25.269444444444446,-0.42
25.272222222222222,-0.44
25.275,-0.45
25.27777777777778,-0.46
25.280555555555555,-0.445
25.283333333333335,-0.455
25.28611111111111,-0.435
25.288888888888888,-0.445
25.291666666666668,-0.45
25.294444444444444,-0.46
25.29722222222222,-0.465
25.3,-0.46
25.302777777777777,-0.455
25.305555555555557,-0.455
25.308333333333334,-0.465
25.31111111111111,-0.48
25.31388888888889,-0.465
25.316666666666666,-0.455
25.319444444444443,-0.455
25.322222222222223,-0.47
25.325,-0.47
25.32777777777778,-0.475
25.330555555555556,-0.485
25.333333333333332,-0.47
25.336111111111112,-0.48
25.33888888888889,-0.46
25.341666666666665,-0.48
25.344444444444445,-0.485
25.34722222222222,-0.485
25.35,-0.495
25.352777777777778,-0.525
25.355555555555554,-0.54
25.358333333333334,-0.57
25.36111111111111,-0.595
25.363888888888887,-0.635
25.366666666666667,-0.67
25.369444444444444,-0.63
25.372222222222224,-0.54
25.375,-0.415
25.377777777777776,-0.28
25.380555555555556,-0.08
25.383333333333333,0.165
25.386111111111113,0.435
25.38888888888889,0.675
25.391666666666666,0.8
25.394444444444446,0.83
25.397222222222222,0.66
25.4,0.345
25.40277777777778,-0.04
25.405555555555555,-0.35
25.408333333333335,-0.53
25.41111111111111,-0.605
25.413888888888888,-0.625
25.416666666666668,-0.59
25.419444444444444,-0.545
25.42222222222222,-0.52
25.425,-0.51
25.427777777777777,-0.53
25.430555555555557,-0.515
25.433333333333334,-0.5
25.43611111111111,-0.495
25.43888888888889,-0.495
25.441666666666666,-0.505
25.444444444444443,-0.505
25.447222222222223,-0.505
25.45,-0.495
25.45277777777778,-0.5
25.455555555555556,-0.5
25.458333333333332,-0.5
25.461111111111112,-0.52
25.46388888888889,-0.505
25.466666666666665,-0.495
25.469444444444445,-0.495
25.47222222222222,-0.5
25.475,-0.51
25.477777777777778,-0.515
25.480555555555554,-0.51
25.483333333333334,-0.5
25.48611111111111,-0.48
25.488888888888887,-0.5
25.491666666666667,-0.505
25.494444444444444,-0.52
25.497222222222224,-0.515
25.5,-0.505
25.502777777777776,-0.49
25.505555555555556,-0.51
25.508333333333333,-0.505
25.511111111111113,-0.5
25.51388888888889,-0.505
25.516666666666666,-0.49
25.519444444444446,-0.48
25.522222222222222,-0.49
25.525,-0.485
25.52777777777778,-0.5
25.530555555555555,-0.5
25.533333333333335,-0.49
25.53611111111111,-0.485
25.538888888888888,-0.495
25.541666666666668,-0.505
25.544444444444444,-0.505
25.54722222222222,-0.51
25.55,-0.5
25.552777777777777,-0.49
25.555555555555557,-0.49
25.558333333333334,-0.5
25.56111111111111,-0.51
25.56388888888889,-0.515
25.566666666666666,-0.495
25.569444444444443,-0.495
25.572222222222223,-0.49
25.575,-0.515
25.57777777777778,-0.51
25.580555555555556,-0.505
25.583333333333332,-0.495
25.586111111111112,-0.495
25.58888888888889,-0.485
25.591666666666665,-0.49
25.594444444444445,-0.51
25.59722222222222,-0.495
25.6,-0.485
25.602777777777778,-0.48
25.605555555555554,-0.48
25.608333333333334,-0.495
25.61111111111111,-0.51
25.613888888888887,-0.52
25.616666666666667,-0.51
25.619444444444444,-0.505
25.622222222222224,-0.515
25.625,-0.52
25.627777777777776,-0.54
25.630555555555556,-0.54
25.633333333333333,-0.52
25.636111111111113,-0.53
25.63888888888889,-0.535
25.641666666666666,-0.54
25.644444444444446,-0.555
25.647222222222222,-0.555
25.65,-0.54
25.65277777777778,-0.54
25.655555555555555,-0.545
25.658333333333335,-0.54
25.66111111111111,-0.55
25.663888888888888,-0.54
25.666666666666668,-0.53
25.669444444444444,-0.53
25.67222222222222,-0.525
25.675,-0.525
25.677777777777777,-0.52
25.680555555555557,-0.51
25.683333333333334,-0.495
25.68611111111111,-0.48
25.68888888888889,-0.465
25.691666666666666,-0.47
25.694444444444443,-0.465
25.697222222222223,-0.455
25.7,-0.44
25.70277777777778,-0.415
25.705555555555556,-0.415
25.708333333333332,-0.41
25.711111111111112,-0.41
25.71388888888889,-0.39
25.716666666666665,-0.39
25.719444444444445,-0.38
25.72222222222222,-0.38
25.725,-0.39
25.727777777777778,-0.395
25.730555555555554,-0.385
25.733333333333334,-0.38
25.73611111111111,-0.365
25.738888888888887,-0.375
25.741666666666667,-0.385
25.744444444444444,-0.375
25.747222222222224,-0.38
25.75,-0.37
25.752777777777776,-0.365
25.755555555555556,-0.37
25.758333333333333,-0.38
25.761111111111113,-0.4
25.76388888888889,-0.395
25.766666666666666,-0.39
25.769444444444446,-0.385
25.772222222222222,-0.395
25.775,-0.4
25.77777777777778,-0.41
25.780555555555555,-0.41
25.783333333333335,-0.4
25.78611111111111,-0.39
25.788888888888888,-0.395
25.791666666666668,-0.395
25.794444444444444,-0.405
25.79722222222222,-0.405
25.8,-0.395
25.802777777777777,-0.385
25.805555555555557,-0.4
25.808333333333334,-0.41
25.81111111111111,-0.41
25.81388888888889,-0.41
25.816666666666666,-0.4
25.819444444444443,-0.385
25.822222222222223,-0.395
25.825,-0.395
25.82777777777778,-0.4
25.830555555555556,-0.405
25.833333333333332,-0.39
25.836111111111112,-0.385
25.83888888888889,-0.405
25.841666666666665,-0.415
25.844444444444445,-0.42
25.84722222222222,-0.415
25.85,-0.41
25.852777777777778,-0.41
25.855555555555554,-0.405
25.858333333333334,-0.42
25.86111111111111,-0.435
25.863888888888887,-0.43
25.866666666666667,-0.43
25.869444444444444,-0.42
25.872222222222224,-0.41
25.875,-0.425
25.877777777777776,-0.44
25.880555555555556,-0.445
25.883333333333333,-0.415
25.886111111111113,-0.415
25.88888888888889,-0.42
25.891666666666666,-0.42
25.894444444444446,-0.445
25.897222222222222,-0.425
25.9,-0.41
25.90277777777778,-0.415
25.905555555555555,-0.42
25.908333333333335,-0.41
25.91111111111111,-0.42
25.913888888888888,-0.405
25.916666666666668,-0.4
25.919444444444444,-0.39
25.92222222222222,-0.39
25.925,-0.395
25.927777777777777,-0.41
25.930555555555557,-0.405
25.933333333333334,-0.395
25.93611111111111,-0.395
25.93888888888889,-0.395
25.941666666666666,-0.405
25.944444444444443,-0.42
25.947222222222223,-0.42
25.95,-0.405
25.95277777777778,-0.395
25.955555555555556,-0.39
25.958333333333332,-0.41
25.961111111111112,-0.415
25.96388888888889,-0.415
25.966666666666665,-0.41
25.969444444444445,-0.39
25.97222222222222,-0.39
25.975,-0.4
25.977777777777778,-0.395
25.980555555555554,-0.395
25.983333333333334,-0.375
25.98611111111111,-0.37
25.988888888888887,-0.345
25.991666666666667,-0.35
25.994444444444444,-0.34
25.997222222222224,-0.33
26.0,-0.32
26.002777777777776,-0.3
26.005555555555556,-0.305
26.008333333333333,-0.32
26.011111111111113,-0.32
26.01388888888889,-0.31
26.016666666666666,-0.285
26.019444444444446,-0.275
26.022222222222222,-0.28
26.025,-0.29
26.02777777777778,-0.295
26.030555555555555,-0.305
26.033333333333335,-0.3
26.03611111111111,-0.3
26.038888888888888,-0.31
26.041666666666668,-0.315
26.044444444444444,-0.325
26.04722222222222,-0.305
26.05,-0.305
26.052777777777777,-0.315
26.055555555555557,-0.315
26.058333333333334,-0.31
26.06111111111111,-0.305
26.06388888888889,-0.275
26.066666666666666,-0.255
26.069444444444443,-0.26
26.072222222222223,-0.295
26.075,-0.325
26.07777777777778,-0.34
26.080555555555556,-0.35
26.083333333333332,-0.35
26.086111111111112,-0.36
26.08888888888889,-0.375
26.091666666666665,-0.38
26.094444444444445,-0.405
26.09722222222222,-0.4
26.1,-0.405
26.102777777777778,-0.39
26.105555555555554,-0.405
26.108333333333334,-0.415
26.11111111111111,-0.425
26.113888888888887,-0.42
26.116666666666667,-0.415
26.119444444444444,-0.42
26.122222222222224,-0.41
26.125,-0.425
26.127777777777776,-0.425
26.130555555555556,-0.43
26.133333333333333,-0.41
26.136111111111113,-0.41
26.13888888888889,-0.4
26.141666666666666,-0.42
26.144444444444446,-0.43
26.147222222222222,-0.425
26.15,-0.415
26.15277777777778,-0.43
26.155555555555555,-0.45
26.158333333333335,-0.49
26.16111111111111,-0.54
26.163888888888888,-0.55
26.166666666666668,-0.57
26.169444444444444,-0.595
26.17222222222222,-0.605
26.175,-0.555
26.177777777777777,-0.425
26.180555555555557,-0.255
26.183333333333334,-0.08
26.18611111111111,0.16
26.18888888888889,0.445
26.191666666666666,0.705
26.194444444444443,0.885
26.197222222222223,1.005
26.2,1.045
26.20277777777778,0.975
26.205555555555556,0.74
26.208333333333332,0.35
26.211111111111112,-0.07
26.21388888888889,-0.405
26.216666666666665,-0.55
26.219444444444445,-0.56
26.22222222222222,-0.535
26.225,-0.5
26.227777777777778,-0.455
26.230555555555554,-0.455
26.233333333333334,-0.445
26.23611111111111,-0.445
26.238888888888887,-0.44
26.241666666666667,-0.455
26.244444444444444,-0.465
26.247222222222224,-0.465
26.25,-0.465
26.252777777777776,-0.465
26.255555555555556,-0.465
26.258333333333333,-0.48
26.261111111111113,-0.485
26.26388888888889,-0.48
26.266666666666666,-0.47
26.269444444444446,-0.47
26.272222222222222,-0.46
26.275,-0.46
26.27777777777778,-0.475
26.280555555555555,-0.475
26.283333333333335,-0.47
26.28611111111111,-0.455
26.288888888888888,-0.455
26.291666666666668,-0.46
26.294444444444444,-0.46
26.29722222222222,-0.46
26.3,-0.455
26.302777777777777,-0.45
26.305555555555557,-0.45
26.308333333333334,-0.455
26.31111111111111,-0.475
26.31388888888889,-0.465
26.316666666666666,-0.465
26.319444444444443,-0.45
26.322222222222223,-0.45
26.325,-0.455
26.32777777777778,-0.48
26.330555555555556,-0.47
26.333333333333332,-0.445
26.336111111111112,-0.435
26.33888888888889,-0.44
26.341666666666665,-0.45
26.344444444444445,-0.46
26.34722222222222,-0.46
26.35,-0.445
26.352777777777778,-0.43
26.355555555555554,-0.425
26.358333333333334,-0.45
26.36111111111111,-0.46
26.363888888888887,-0.455
26.366666666666667,-0.45
26.369444444444444,-0.44
26.372222222222224,-0.445
26.375,-0.44
26.377777777777776,-0.45
26.380555555555556,-0.445
26.383333333333333,-0.44
26.386111111111113,-0.435
26.38888888888889,-0.45
26.391666666666666,-0.45
26.394444444444446,-0.455
26.397222222222222,-0.455
26.4,-0.46
26.40277777777778,-0.45
26.405555555555555,-0.435
26.408333333333335,-0.465
26.41111111111111,-0.465
26.413888888888888,-0.45
26.416666666666668,-0.435
26.419444444444444,-0.43
26.42222222222222,-0.435
26.425,-0.45
26.427777777777777,-0.465
26.430555555555557,-0.465
26.433333333333334,-0.46
26.43611111111111,-0.455
26.43888888888889,-0.455
26.441666666666666,-0.46
26.444444444444443,-0.47
26.447222222222223,-0.47
26.45,-0.46
26.45277777777778,-0.45
26.455555555555556,-0.455
26.458333333333332,-0.46
26.461111111111112,-0.475
26.46388888888889,-0.46
26.466666666666665,-0.46
26.469444444444445,-0.45
26.47222222222222,-0.45
26.475,-0.445
26.477777777777778,-0.445
26.480555555555554,-0.435
26.483333333333334,-0.425
26.48611111111111,-0.42
26.488888888888887,-0.415
26.491666666666667,-0.395
26.494444444444444,-0.405
26.497222222222224,-0.385
26.5,-0.385
26.502777777777776,-0.37
26.505555555555556,-0.36
26.508333333333333,-0.36
26.511111111111113,-0.36
26.51388888888889,-0.355
26.516666666666666,-0.355
26.519444444444446,-0.335
26.522222222222222,-0.335
26.525,-0.345
26.52777777777778,-0.34
26.530555555555555,-0.335
26.533333333333335,-0.32
26.53611111111111,-0.32
26.538888888888888,-0.325
26.541666666666668,-0.325
26.544444444444444,-0.335
26.54722222222222,-0.33
26.55,-0.325
26.552777777777777,-0.325
26.555555555555557,-0.335
26.558333333333334,-0.35
26.56111111111111,-0.36
26.56388888888889,-0.365
26.566666666666666,-0.345
26.569444444444443,-0.335
26.572222222222223,-0.35
26.575,-0.35
26.57777777777778,-0.355
26.580555555555556,-0.36
26.583333333333332,-0.345
26.586111111111112,-0.33
26.58888888888889,-0.33
26.591666666666665,-0.345
26.594444444444445,-0.355
26.59722222222222,-0.355
26.6,-0.34
26.602777777777778,-0.345
26.605555555555554,-0.35
26.608333333333334,-0.36
26.61111111111111,-0.37
26.613888888888887,-0.375
26.616666666666667,-0.36
26.619444444444444,-0.365
26.622222222222224,-0.36
26.625,-0.365
26.627777777777776,-0.38
26.630555555555556,-0.375
26.633333333333333,-0.365
26.636111111111113,-0.365
26.63888888888889,-0.365
26.641666666666666,-0.375
26.644444444444446,-0.39
26.647222222222222,-0.385
26.65,-0.375
26.65277777777778,-0.37
26.655555555555555,-0.37
26.658333333333335,-0.375
26.66111111111111,-0.39
26.663888888888888,-0.38
26.666666666666668,-0.37
26.669444444444444,-0.345
26.67222222222222,-0.36
26.675,-0.37
26.677777777777777,-0.385
26.680555555555557,-0.375
26.683333333333334,-0.375
26.68611111111111,-0.37
26.68888888888889,-0.37
26.691666666666666,-0.395
26.694444444444443,-0.4
26.697222222222223,-0.385
26.7,-0.39
26.70277777777778,-0.38
26.705555555555556,-0.385
26.708333333333332,-0.38
26.711111111111112,-0.395
26.71388888888889,-0.39
26.716666666666665,-0.385
26.719444444444445,-0.375
26.72222222222222,-0.375
26.725,-0.38
26.727777777777778,-0.39
26.730555555555554,-0.38
26.733333333333334,-0.375
26.73611111111111,-0.375
26.738888888888887,-0.365
26.741666666666667,-0.37
26.744444444444444,-0.37
26.747222222222224,-0.355
26.75,-0.36
26.752777777777776,-0.35
26.755555555555556,-0.335
26.758333333333333,-0.35
26.761111111111113,-0.35
26.76388888888889,-0.34
26.766666666666666,-0.32
26.769444444444446,-0.295
26.772222222222222,-0.295
26.775,-0.305
26.77777777777778,-0.315
26.780555555555555,-0.3
26.783333333333335,-0.285
26.78611111111111,-0.285
26.788888888888888,-0.285
26.791666666666668,-0.285
26.794444444444444,-0.27
26.79722222222222,-0.275
26.8,-0.26
26.802777777777777,-0.245
26.805555555555557,-0.25
26.808333333333334,-0.26
26.81111111111111,-0.27
26.81388888888889,-0.28
26.816666666666666,-0.28
26.819444444444443,-0.265
26.822222222222223,-0.265
26.825,-0.265
26.82777777777778,-0.275
26.830555555555556,-0.27
26.833333333333332,-0.255
26.836111111111112,-0.24
26.83888888888889,-0.23
26.841666666666665,-0.24
26.844444444444445,-0.275
26.84722222222222,-0.31
26.85,-0.305
26.852777777777778,-0.32
26.855555555555554,-0.33
26.858333333333334,-0.35
26.86111111111111,-0.37
26.863888888888887,-0.375
26.866666666666667,-0.365
26.869444444444444,-0.37
26.872222222222224,-0.37
26.875,-0.37
26.877777777777776,-0.38
26.880555555555556,-0.385
26.883333333333333,-0.38
26.886111111111113,-0.37
26.88888888888889,-0.36
26.891666666666666,-0.37
26.894444444444446,-0.385
26.897222222222222,-0.375
26.9,-0.375
26.90277777777778,-0.38
26.905555555555555,-0.38
26.908333333333335,-0.395
26.91111111111111,-0.4
26.913888888888888,-0.4
26.916666666666668,-0.39
26.919444444444444,-0.39
26.92222222222222,-0.39
26.925,-0.395
26.927777777777777,-0.415
26.930555555555557,-0.425
26.933333333333334,-0.435
26.93611111111111,-0.475
26.93888888888889,-0.5
26.941666666666666,-0.525
26.944444444444443,-0.57
26.947222222222223,-0.605
26.95,-0.595
26.95277777777778,-0.5
26.955555555555556,-0.36
26.958333333333332,-0.23
26.961111111111112,-0.055
26.96388888888889,0.2
26.966666666666665,0.5
26.969444444444445,0.73
26.97222222222222,0.855
26.975,0.835
26.977777777777778,0.62
26.980555555555554,0.225
26.983333333333334,-0.16
26.98611111111111,-0.415
26.988888888888887,-0.525
26.991666666666667,-0.515
26.994444444444444,-0.47
26.997222222222224,-0.435
27.0,-0.415
27.002777777777776,-0.415
27.005555555555556,-0.41
27.008333333333333,-0.405
27.011111111111113,-0.415
27.01388888888889,-0.42
27.016666666666666,-0.415
27.019444444444446,-0.4
27.022222222222222,-0.415
27.025,-0.42
27.02777777777778,-0.43
27.030555555555555,-0.42
27.033333333333335,-0.405
27.03611111111111,-0.41
27.038888888888888,-0.4
27.041666666666668,-0.415
27.044444444444444,-0.43
27.04722222222222,-0.42
27.05,-0.425
27.052777777777777,-0.405
27.055555555555557,-0.41
27.058333333333334,-0.42
27.06111111111111,-0.435
27.06388888888889,-0.43
27.066666666666666,-0.425
27.069444444444443,-0.415
27.072222222222223,-0.42
27.075,-0.425
27.07777777777778,-0.435
27.080555555555556,-0.425
27.083333333333332,-0.42
27.086111111111112,-0.41
27.08888888888889,-0.41
27.091666666666665,-0.42
27.094444444444445,-0.425
27.09722222222222,-0.415
27.1,-0.405
27.102777777777778,-0.4
27.105555555555554,-0.405
27.108333333333334,-0.4
27.11111111111111,-0.41
27.113888888888887,-0.42
27.116666666666667,-0.405
27.119444444444444,-0.395
27.122222222222224,-0.415
27.125,-0.41
27.127777777777776,-0.43
27.130555555555556,-0.425
27.133333333333333,-0.415
27.136111111111113,-0.415
27.13888888888889,-0.41
27.141666666666666,-0.42
27.144444444444446,-0.43
27.147222222222222,-0.425
27.15,-0.41
27.15277777777778,-0.41
27.155555555555555,-0.4
27.158333333333335,-0.405
27.16111111111111,-0.415
27.163888888888888,-0.42
27.166666666666668,-0.405
27.169444444444444,-0.4
27.17222222222222,-0.39
27.175,-0.4
27.177777777777777,-0.4
27.180555555555557,-0.405
27.183333333333334,-0.395
27.18611111111111,-0.39
27.18888888888889,-0.405
27.191666666666666,-0.4
27.194444444444443,-0.43
27.197222222222223,-0.43
27.2,-0.42
27.20277777777778,-0.415
27.205555555555556,-0.405
27.208333333333332,-0.425
27.211111111111112,-0.435
27.21388888888889,-0.43
27.216666666666665,-0.425
27.219444444444445,-0.415
27.22222222222222,-0.425
27.225,-0.425
27.227777777777778,-0.44
27.230555555555554,-0.435
27.233333333333334,-0.415
27.23611111111111,-0.415
27.238888888888887,-0.425
27.241666666666667,-0.43
27.244444444444444,-0.435
27.247222222222224,-0.41
27.25,-0.395
27.252777777777776,-0.385
27.255555555555556,-0.375
27.258333333333333,-0.38
27.261111111111113,-0.385
27.26388888888889,-0.38
27.266666666666666,-0.365
27.269444444444446,-0.345
27.272222222222222,-0.345
27.275,-0.36
27.27777777777778,-0.365
27.280555555555555,-0.345
27.283333333333335,-0.34
27.28611111111111,-0.325
27.288888888888888,-0.325
27.291666666666668,-0.33
27.294444444444444,-0.34
27.29722222222222,-0.335
27.3,-0.325
27.302777777777777,-0.31
27.305555555555557,-0.305
27.308333333333334,-0.31
27.31111111111111,-0.335
27.31388888888889,-0.33
27.316666666666666,-0.32
27.319444444444443,-0.315
27.322222222222223,-0.31
27.325,-0.31
27.32777777777778,-0.315
27.330555555555556,-0.305
27.333333333333332,-0.305
27.336111111111112,-0.295
27.33888888888889,-0.3
27.341666666666665,-0.315
27.344444444444445,-0.33
27.34722222222222,-0.33
27.35,-0.315
27.352777777777778,-0.305
27.355555555555554,-0.325
27.358333333333334,-0.335
27.36111111111111,-0.335
27.363888888888887,-0.34
27.366666666666667,-0.335
27.369444444444444,-0.32
27.372222222222224,-0.34
27.375,-0.355
27.377777777777776,-0.35
27.380555555555556,-0.36
27.383333333333333,-0.35
27.386111111111113,-0.34
27.38888888888889,-0.335
27.391666666666666,-0.345
27.394444444444446,-0.36
27.397222222222222,-0.35
27.4,-0.35
27.40277777777778,-0.345
27.405555555555555,-0.345
27.408333333333335,-0.355
27.41111111111111,-0.365
27.413888888888888,-0.36
27.416666666666668,-0.36
27.419444444444444,-0.355
27.42222222222222,-0.36
27.425,-0.37
27.427777777777777,-0.375
27.430555555555557,-0.385
27.433333333333334,-0.375
27.43611111111111,-0.37
27.43888888888889,-0.38
27.441666666666666,-0.385
27.444444444444443,-0.385
27.447222222222223,-0.38
27.45,-0.38
27.45277777777778,-0.37
27.455555555555556,-0.37
27.458333333333332,-0.375
27.461111111111112,-0.37
27.46388888888889,-0.37
27.466666666666665,-0.36
27.469444444444445,-0.36
27.47222222222222,-0.355
27.475,-0.38
27.477777777777778,-0.4
27.480555555555554,-0.395
27.483333333333334,-0.39
27.48611111111111,-0.38
27.488888888888887,-0.38
27.491666666666667,-0.39
27.494444444444444,-0.385
27.497222222222224,-0.37
27.5,-0.375
27.502777777777776,-0.365
27.505555555555556,-0.36
27.508333333333333,-0.365
27.511111111111113,-0.38
27.51388888888889,-0.38
27.516666666666666,-0.37
27.519444444444446,-0.375
27.522222222222222,-0.38
27.525,-0.39
27.52777777777778,-0.395
27.530555555555555,-0.39
27.533333333333335,-0.355
27.53611111111111,-0.35
27.538888888888888,-0.36
27.541666666666668,-0.375
27.544444444444444,-0.385
27.54722222222222,-0.38
27.55,-0.375
27.552777777777777,-0.35
27.555555555555557,-0.355
27.558333333333334,-0.355
27.56111111111111,-0.355
27.56388888888889,-0.345
27.566666666666666,-0.33
27.569444444444443,-0.315
27.572222222222223,-0.31
27.575,-0.325
27.57777777777778,-0.315
27.580555555555556,-0.3
27.583333333333332,-0.285
27.586111111111112,-0.265
27.58888888888889,-0.255
27.591666666666665,-0.27
27.594444444444445,-0.265
27.59722222222222,-0.265
27.6,-0.255
27.602777777777778,-0.255
27.605555555555554,-0.265
27.608333333333334,-0.275
27.61111111111111,-0.29
27.613888888888887,-0.275
27.616666666666667,-0.275
27.619444444444444,-0.285
27.622222222222224,-0.295
27.625,-0.3
27.627777777777776,-0.29
27.630555555555556,-0.27
27.633333333333333,-0.275
27.636111111111113,-0.295
27.63888888888889,-0.31
27.641666666666666,-0.345
27.644444444444446,-0.365
27.647222222222222,-0.37
27.65,-0.39
27.65277777777778,-0.385
27.655555555555555,-0.395
27.658333333333335,-0.41
27.66111111111111,-0.415
27.663888888888888,-0.405
27.666666666666668,-0.395
27.669444444444444,-0.4
27.67222222222222,-0.405
27.675,-0.4
27.677777777777777,-0.405
27.680555555555557,-0.41
27.683333333333334,-0.39
27.68611111111111,-0.395
27.68888888888889,-0.395
27.691666666666666,-0.415
27.694444444444443,-0.43
27.697222222222223,-0.43
27.7,-0.415
27.70277777777778,-0.41
27.705555555555556,-0.405
27.708333333333332,-0.41
27.711111111111112,-0.41
27.71388888888889,-0.42
27.716666666666665,-0.41
27.719444444444445,-0.415
27.72222222222222,-0.425
27.725,-0.455
27.727777777777778,-0.5
27.730555555555554,-0.51
27.733333333333334,-0.52
27.73611111111111,-0.52
27.738888888888887,-0.57
27.741666666666667,-0.615
27.744444444444444,-0.655
27.747222222222224,-0.64
27.75,-0.57
27.752777777777776,-0.475
27.755555555555556,-0.36
27.758333333333333,-0.235
27.761111111111113,-0.04
27.76388888888889,0.24
27.766666666666666,0.515
27.769444444444446,0.71
27.772222222222222,0.795
27.775,0.72
27.77777777777778,0.435
27.780555555555555,0.065
27.783333333333335,-0.25
27.78611111111111,-0.445
27.788888888888888,-0.535
27.791666666666668,-0.55
27.794444444444444,-0.51
27.79722222222222,-0.48
27.8,-0.45
27.802777777777777,-0.45
27.805555555555557,-0.445
27.808333333333334,-0.44
27.81111111111111,-0.455
27.81388888888889,-0.45
27.816666666666666,-0.45
27.819444444444443,-0.44
27.822222222222223,-0.44
27.825,-0.445
27.82777777777778,-0.45
27.830555555555556,-0.455
27.833333333333332,-0.445
27.836111111111112,-0.435
27.83888888888889,-0.43
27.841666666666665,-0.44
27.844444444444445,-0.455
27.84722222222222,-0.445
27.85,-0.445
27.852777777777778,-0.44
27.855555555555554,-0.435
27.858333333333334,-0.46
27.86111111111111,-0.46
27.863888888888887,-0.455
27.866666666666667,-0.465
27.869444444444444,-0.45
27.872222222222224,-0.445
27.875,-0.47
27.877777777777776,-0.485
27.880555555555556,-0.465
27.883333333333333,-0.46
27.886111111111113,-0.46
27.88888888888889,-0.45
27.891666666666666,-0.45
27.894444444444446,-0.47
27.897222222222222,-0.46
27.9,-0.455
27.90277777777778,-0.44
27.905555555555555,-0.435
27.908333333333335,-0.445
27.91111111111111,-0.45
27.913888888888888,-0.435
27.916666666666668,-0.44
27.919444444444444,-0.445
27.92222222222222,-0.445
27.925,-0.45
27.927777777777777,-0.45
27.930555555555557,-0.44
27.933333333333334,-0.435
27.93611111111111,-0.44
27.93888888888889,-0.445
27.941666666666666,-0.455
27.944444444444443,-0.475
27.947222222222223,-0.46
27.95,-0.45
27.95277777777778,-0.435
27.955555555555556,-0.44
27.958333333333332,-0.445
27.961111111111112,-0.455
27.96388888888889,-0.45
27.966666666666665,-0.435
27.969444444444445,-0.435
27.97222222222222,-0.45
27.975,-0.45
27.977777777777778,-0.46
27.980555555555554,-0.455
27.983333333333334,-0.44
27.98611111111111,-0.43
27.988888888888887,-0.425
27.991666666666667,-0.435
27.994444444444444,-0.46
27.997222222222224,-0.465
28.0,-0.445
28.002777777777776,-0.44
28.005555555555556,-0.44
28.008333333333333,-0.47
28.011111111111113,-0.48
28.01388888888889,-0.49
28.016666666666666,-0.48
28.019444444444446,-0.475
28.022222222222222,-0.485
28.025,-0.49
28.02777777777778,-0.495
28.030555555555555,-0.49
28.033333333333335,-0.49
28.03611111111111,-0.49
28.038888888888888,-0.495
28.041666666666668,-0.495
28.044444444444444,-0.51
28.04722222222222,-0.495
28.05,-0.495
28.052777777777777,-0.475
28.055555555555557,-0.475
28.058333333333334,-0.465
28.06111111111111,-0.475
28.06388888888889,-0.465
28.066666666666666,-0.43
28.069444444444443,-0.41
28.072222222222223,-0.405
28.075,-0.395
28.07777777777778,-0.405
28.080555555555556,-0.395
28.083333333333332,-0.37
28.086111111111112,-0.355
28.08888888888889,-0.365
28.091666666666665,-0.37
28.094444444444445,-0.37
28.09722222222222,-0.38
28.1,-0.37
28.102777777777778,-0.355
28.105555555555554,-0.36
28.108333333333334,-0.37
28.11111111111111,-0.37
28.113888888888887,-0.355
28.116666666666667,-0.34
28.119444444444444,-0.325
28.122222222222224,-0.325
28.125,-0.34
28.127777777777776,-0.345
28.130555555555556,-0.36
28.133333333333333,-0.345
28.136111111111113,-0.345
28.13888888888889,-0.355
28.141666666666666,-0.355
28.144444444444446,-0.365
28.147222222222222,-0.37
28.15,-0.365
28.15277777777778,-0.37
28.155555555555555,-0.37
28.158333333333335,-0.375
28.16111111111111,-0.375
28.163888888888888,-0.365
28.166666666666668,-0.36
28.169444444444444,-0.355
28.17222222222222,-0.355
28.175,-0.355
28.177777777777777,-0.375
28.180555555555557,-0.38
28.183333333333334,-0.385
28.18611111111111,-0.365
28.18888888888889,-0.365
28.191666666666666,-0.375
28.194444444444443,-0.38
28.197222222222223,-0.385
28.2,-0.385
28.20277777777778,-0.37
28.205555555555556,-0.38
28.208333333333332,-0.4
28.211111111111112,-0.41
28.21388888888889,-0.4
28.216666666666665,-0.385
28.219444444444445,-0.375
28.22222222222222,-0.38
28.225,-0.39
28.227777777777778,-0.41
28.230555555555554,-0.4
28.233333333333334,-0.395
28.23611111111111,-0.39
28.238888888888887,-0.39
28.241666666666667,-0.39
28.244444444444444,-0.4
28.247222222222224,-0.4
28.25,-0.39
28.252777777777776,-0.385
28.255555555555556,-0.39
28.258333333333333,-0.395
28.261111111111113,-0.395
28.26388888888889,-0.4
28.266666666666666,-0.4
28.269444444444446,-0.385
28.272222222222222,-0.39
28.275,-0.4
28.27777777777778,-0.4
28.280555555555555,-0.39
28.283333333333335,-0.38
28.28611111111111,-0.37
28.288888888888888,-0.37
28.291666666666668,-0.38
28.294444444444444,-0.405
28.29722222222222,-0.39
28.3,-0.39
28.302777777777777,-0.38
28.305555555555557,-0.38
28.308333333333334,-0.38
28.31111111111111,-0.39
28.31388888888889,-0.38
28.316666666666666,-0.38
28.319444444444443,-0.375
28.322222222222223,-0.38
28.325,-0.39
28.32777777777778,-0.41
28.330555555555556,-0.405
28.333333333333332,-0.395
28.336111111111112,-0.395
28.33888888888889,-0.385
28.341666666666665,-0.405
28.344444444444445,-0.405
28.34722222222222,-0.385
28.35,-0.37
28.352777777777778,-0.335
28.355555555555554,-0.325
28.358333333333334,-0.325
28.36111111111111,-0.345
28.363888888888887,-0.335
28.366666666666667,-0.325
28.369444444444444,-0.32
28.372222222222224,-0.32
28.375,-0.31
28.377777777777776,-0.31
28.380555555555556,-0.3
28.383333333333333,-0.29
28.386111111111113,-0.28
28.38888888888889,-0.285
28.391666666666666,-0.295
28.394444444444446,-0.305
28.397222222222222,-0.295
28.4,-0.29
28.40277777777778,-0.285
28.405555555555555,-0.29
28.408333333333335,-0.3
28.41111111111111,-0.315
28.413888888888888,-0.31
28.416666666666668,-0.31
28.419444444444444,-0.29
28.42222222222222,-0.275
28.425,-0.28
28.427777777777777,-0.3
28.430555555555557,-0.32
28.433333333333334,-0.34
28.43611111111111,-0.34
28.43888888888889,-0.37
28.441666666666666,-0.395
28.444444444444443,-0.42
28.447222222222223,-0.415
28.45,-0.425
28.45277777777778,-0.415
28.455555555555556,-0.41
28.458333333333332,-0.42
28.461111111111112,-0.425
28.46388888888889,-0.425
28.466666666666665,-0.43
28.469444444444445,-0.415
28.47222222222222,-0.41
28.475,-0.425
28.477777777777778,-0.44
28.480555555555554,-0.445
28.483333333333334,-0.435
28.48611111111111,-0.42
28.488888888888887,-0.41
28.491666666666667,-0.42
28.494444444444444,-0.435
28.497222222222224,-0.425
28.5,-0.425
28.502777777777776,-0.415
28.505555555555556,-0.42
28.508333333333333,-0.43
28.511111111111113,-0.435
28.51388888888889,-0.45
28.516666666666666,-0.47
28.519444444444446,-0.49
28.522222222222222,-0.52
28.525,-0.535
28.52777777777778,-0.555
28.530555555555555,-0.59
28.533333333333335,-0.615
28.53611111111111,-0.62
28.538888888888888,-0.555
28.541666666666668,-0.445
28.544444444444444,-0.325
28.54722222222222,-0.175
28.55,0.025
28.552777777777777,0.265
28.555555555555557,0.54
28.558333333333334,0.735
28.56111111111111,0.85
28.56388888888889,0.855
28.566666666666666,0.68
28.569444444444443,0.325
28.572222222222223,-0.085
28.575,-0.39
28.57777777777778,-0.52
28.580555555555556,-0.555
28.583333333333332,-0.53
28.586111111111112,-0.49
28.58888888888889,-0.455
28.591666666666665,-0.455
28.594444444444445,-0.465
28.59722222222222,-0.465
28.6,-0.45
28.602777777777778,-0.44
28.605555555555554,-0.45
28.608333333333334,-0.445
28.61111111111111,-0.465
28.613888888888887,-0.44
28.616666666666667,-0.45
28.619444444444444,-0.435
28.622222222222224,-0.44
28.625,-0.45
28.627777777777776,-0.46
28.630555555555556,-0.47
28.633333333333333,-0.455
28.636111111111113,-0.455
28.63888888888889,-0.46
28.641666666666666,-0.475
28.644444444444446,-0.485
28.647222222222222,-0.475
28.65,-0.465
28.65277777777778,-0.455
28.655555555555555,-0.46
28.658333333333335,-0.46
28.66111111111111,-0.46
28.663888888888888,-0.46
28.666666666666668,-0.465
28.669444444444444,-0.45
28.67222222222222,-0.455
28.675,-0.46
28.677777777777777,-0.48
28.680555555555557,-0.47
28.683333333333334,-0.46
28.68611111111111,-0.465
28.68888888888889,-0.455
28.691666666666666,-0.46
28.694444444444443,-0.47
28.697222222222223,-0.455
28.7,-0.45
28.70277777777778,-0.455
28.705555555555556,-0.455
28.708333333333332,-0.455
28.711111111111112,-0.47
28.71388888888889,-0.48
28.716666666666665,-0.47
28.719444444444445,-0.455
28.72222222222222,-0.46
28.725,-0.47
28.727777777777778,-0.48
28.730555555555554,-0.47
28.733333333333334,-0.465
28.73611111111111,-0.455
28.738888888888887,-0.46
28.741666666666667,-0.46
28.744444444444444,-0.465
28.747222222222224,-0.47
28.75,-0.455
28.752777777777776,-0.445
28.755555555555556,-0.445
28.758333333333333,-0.45
28.761111111111113,-0.455
28.76388888888889,-0.45
28.766666666666666,-0.44
28.769444444444446,-0.425
28.772222222222222,-0.435
28.775,-0.44
28.77777777777778,-0.45
28.780555555555555,-0.455
28.783333333333335,-0.455
28.78611111111111,-0.45
28.788888888888888,-0.445
28.791666666666668,-0.46
28.794444444444444,-0.46
28.79722222222222,-0.47
28.8,-0.465
28.802777777777777,-0.46
28.805555555555557,-0.46
28.808333333333334,-0.475
28.81111111111111,-0.49
28.81388888888889,-0.48
28.816666666666666,-0.48
28.819444444444443,-0.475
28.822222222222223,-0.485
28.825,-0.49
28.82777777777778,-0.5
28.830555555555556,-0.49
28.833333333333332,-0.485
28.836111111111112,-0.49
28.83888888888889,-0.49
28.841666666666665,-0.48
28.844444444444445,-0.5
28.84722222222222,-0.5
28.85,-0.51
28.852777777777778,-0.48
28.855555555555554,-0.49
28.858333333333334,-0.49
28.86111111111111,-0.485
28.863888888888887,-0.475
28.866666666666667,-0.465
28.869444444444444,-0.445
28.872222222222224,-0.435
28.875,-0.425
28.877777777777776,-0.425
28.880555555555556,-0.42
28.883333333333333,-0.39
28.886111111111113,-0.38
28.88888888888889,-0.375
28.891666666666666,-0.37
28.894444444444446,-0.37
28.897222222222222,-0.37
28.9,-0.35
28.90277777777778,-0.335
28.905555555555555,-0.35
28.908333333333335,-0.35
28.91111111111111,-0.355
28.913888888888888,-0.335
28.916666666666668,-0.32
28.919444444444444,-0.32
28.92222222222222,-0.315
28.925,-0.325
28.927777777777777,-0.335
28.930555555555557,-0.33
28.933333333333334,-0.32
28.93611111111111,-0.32
28.93888888888889,-0.31
28.941666666666666,-0.33
28.944444444444443,-0.35
28.947222222222223,-0.345
28.95,-0.33
28.95277777777778,-0.33
28.955555555555556,-0.34
28.958333333333332,-0.34
28.961111111111112,-0.355
28.96388888888889,-0.355
28.966666666666665,-0.345
28.969444444444445,-0.335
28.97222222222222,-0.345
28.975,-0.35
28.977777777777778,-0.36
28.980555555555554,-0.35
28.983333333333334,-0.36
28.98611111111111,-0.35
28.988888888888887,-0.35
28.991666666666667,-0.35
28.994444444444444,-0.365
28.997222222222224,-0.37
29.0,-0.345
29.002777777777776,-0.33
29.005555555555556,-0.345
29.008333333333333,-0.35
29.011111111111113,-0.355
29.01388888888889,-0.355
29.016666666666666,-0.355
29.019444444444446,-0.34
29.022222222222222,-0.335
29.025,-0.365
29.02777777777778,-0.385
29.030555555555555,-0.385
29.033333333333335,-0.365
29.03611111111111,-0.365
29.038888888888888,-0.365
29.041666666666668,-0.365
29.044444444444444,-0.385
29.04722222222222,-0.395
29.05,-0.385
29.052777777777777,-0.375
29.055555555555557,-0.365
29.058333333333334,-0.38
29.06111111111111,-0.39
29.06388888888889,-0.375
29.066666666666666,-0.38
29.069444444444443,-0.365
29.072222222222223,-0.37
29.075,-0.37
29.07777777777778,-0.38
29.080555555555556,-0.38
29.083333333333332,-0.355
29.086111111111112,-0.365
29.08888888888889,-0.365
29.091666666666665,-0.37
29.094444444444445,-0.38
29.09722222222222,-0.375
29.1,-0.365
29.102777777777778,-0.365
29.105555555555554,-0.37
29.108333333333334,-0.37
29.11111111111111,-0.39
29.113888888888887,-0.385
29.116666666666667,-0.365
29.119444444444444,-0.36
29.122222222222224,-0.365
29.125,-0.375
29.127777777777776,-0.385
29.130555555555556,-0.39
29.133333333333333,-0.38
29.136111111111113,-0.37
29.13888888888889,-0.375
29.141666666666666,-0.39
29.144444444444446,-0.385
29.147222222222222,-0.385
29.15,-0.375
29.15277777777778,-0.37
29.155555555555555,-0.375
29.158333333333335,-0.385
29.16111111111111,-0.405
29.163888888888888,-0.385
29.166666666666668,-0.37
29.169444444444444,-0.37
29.17222222222222,-0.36
29.175,-0.375
29.177777777777777,-0.37
29.180555555555557,-0.375
29.183333333333334,-0.355
29.18611111111111,-0.34
29.18888888888889,-0.345
29.191666666666666,-0.34
29.194444444444443,-0.345
29.197222222222223,-0.325
29.2,-0.31
29.20277777777778,-0.305
29.205555555555556,-0.305
29.208333333333332,-0.3
29.211111111111112,-0.305
29.21388888888889,-0.3
29.216666666666665,-0.285
29.219444444444445,-0.265
29.22222222222222,-0.265
29.225,-0.27
29.227777777777778,-0.28
29.230555555555554,-0.275
29.233333333333334,-0.275
29.23611111111111,-0.265
29.238888888888887,-0.265
29.241666666666667,-0.275
29.244444444444444,-0.295
29.247222222222224,-0.29
29.25,-0.29
29.252777777777776,-0.27
29.255555555555556,-0.275
29.258333333333333,-0.285
29.261111111111113,-0.3
29.26388888888889,-0.295
29.266666666666666,-0.27
29.269444444444446,-0.24
29.272222222222222,-0.245
29.275,-0.26
29.27777777777778,-0.295
29.280555555555555,-0.31
29.283333333333335,-0.315
29.28611111111111,-0.325
29.288888888888888,-0.35
29.291666666666668,-0.365
29.294444444444444,-0.385
29.29722222222222,-0.38
29.3,-0.39
29.302777777777777,-0.37
29.305555555555557,-0.37
29.308333333333334,-0.375
29.31111111111111,-0.38
29.31388888888889,-0.39
29.316666666666666,-0.385
29.319444444444443,-0.39
29.322222222222223,-0.38
29.325,-0.39
29.32777777777778,-0.4
29.330555555555556,-0.405
29.333333333333332,-0.39
29.336111111111112,-0.385
29.33888888888889,-0.385
29.341666666666665,-0.395
29.344444444444445,-0.415
29.34722222222222,-0.405
29.35,-0.4
29.352777777777778,-0.385
29.355555555555554,-0.4
29.358333333333334,-0.4
29.36111111111111,-0.42
29.363888888888887,-0.42
29.366666666666667,-0.435
29.369444444444444,-0.45
29.372222222222224,-0.495
29.375,-0.52
29.377777777777776,-0.55
29.380555555555556,-0.555
29.383333333333333,-0.565
29.386111111111113,-0.58
29.38888888888889,-0.625
29.391666666666666,-0.66
29.394444444444446,-0.61
29.397222222222222,-0.505
29.4,-0.395
29.40277777777778,-0.24
29.405555555555555,-0.085
29.408333333333335,0.115
29.41111111111111,0.385
29.413888888888888,0.66
29.416666666666668,0.865
29.419444444444444,0.955
29.42222222222222,0.91
29.425,0.66
29.427777777777777,0.27
29.430555555555557,-0.14
29.433333333333334,-0.425
29.43611111111111,-0.52
29.43888888888889,-0.515
29.441666666666666,-0.49
29.444444444444443,-0.465
29.447222222222223,-0.445
29.45,-0.43
29.45277777777778,-0.435
29.455555555555556,-0.435
29.458333333333332,-0.45
29.461111111111112,-0.455
29.46388888888889,-0.45
29.466666666666665,-0.45
29.469444444444445,-0.44
29.47222222222222,-0.445
29.475,-0.455
29.477777777777778,-0.46
29.480555555555554,-0.46
29.483333333333334,-0.45
29.48611111111111,-0.45
29.488888888888887,-0.445
29.491666666666667,-0.45
29.494444444444444,-0.465
29.497222222222224,-0.455
29.5,-0.44
29.502777777777776,-0.435
29.505555555555556,-0.435
29.508333333333333,-0.44
29.511111111111113,-0.46
29.51388888888889,-0.455
29.516666666666666,-0.435
29.519444444444446,-0.44
29.522222222222222,-0.455
29.525,-0.45
29.52777777777778,-0.46
29.530555555555555,-0.46
29.533333333333335,-0.45
29.53611111111111,-0.445
29.538888888888888,-0.44
29.541666666666668,-0.455
29.544444444444444,-0.465
29.54722222222222,-0.455
29.55,-0.445
29.552777777777777,-0.44
29.555555555555557,-0.435
29.558333333333334,-0.445
29.56111111111111,-0.455
29.56388888888889,-0.44
29.566666666666666,-0.425
29.569444444444443,-0.43
29.572222222222223,-0.43
29.575,-0.445
29.57777777777778,-0.45
29.580555555555556,-0.43
29.583333333333332,-0.435
29.586111111111112,-0.425
29.58888888888889,-0.43
29.591666666666665,-0.435
29.594444444444445,-0.45
29.59722222222222,-0.45
29.6,-0.45
29.602777777777778,-0.435
29.605555555555554,-0.45
29.608333333333334,-0.44
29.61111111111111,-0.455
29.613888888888887,-0.445
29.616666666666667,-0.44
29.619444444444444,-0.435
29.622222222222224,-0.45
29.625,-0.455
29.627777777777776,-0.455
29.630555555555556,-0.44
29.633333333333333,-0.44
29.636111111111113,-0.42
29.63888888888889,-0.42
29.641666666666666,-0.43
29.644444444444446,-0.445
29.647222222222222,-0.445
29.65,-0.425
29.65277777777778,-0.425
29.655555555555555,-0.42
29.658333333333335,-0.42
29.66111111111111,-0.44
29.663888888888888,-0.435
29.666666666666668,-0.43
29.669444444444444,-0.425
29.67222222222222,-0.435
29.675,-0.445
29.677777777777777,-0.46
29.680555555555557,-0.455
29.683333333333334,-0.445
29.68611111111111,-0.435
29.68888888888889,-0.435
29.691666666666666,-0.45
29.694444444444443,-0.455
29.697222222222223,-0.455
29.7,-0.445
29.70277777777778,-0.435
29.705555555555556,-0.45
29.708333333333332,-0.455
29.711111111111112,-0.445
29.71388888888889,-0.455
29.716666666666665,-0.44
29.719444444444445,-0.43
29.72222222222222,-0.415
29.725,-0.425
29.727777777777778,-0.43
29.730555555555554,-0.41
29.733333333333334,-0.395
29.73611111111111,-0.38
29.738888888888887,-0.365
29.741666666666667,-0.365
29.744444444444444,-0.37
29.747222222222224,-0.37
29.75,-0.35
29.752777777777776,-0.34
29.755555555555556,-0.335
29.758333333333333,-0.345
29.761111111111113,-0.355
29.76388888888889,-0.345
29.766666666666666,-0.34
29.769444444444446,-0.33
29.772222222222222,-0.34
29.775,-0.335
29.77777777777778,-0.355
29.780555555555555,-0.34
29.783333333333335,-0.335
29.78611111111111,-0.32
29.788888888888888,-0.325
29.791666666666668,-0.335
29.794444444444444,-0.355
29.79722222222222,-0.33
29.8,-0.325
29.802777777777777,-0.325
29.805555555555557,-0.325
29.808333333333334,-0.325
29.81111111111111,-0.35
29.81388888888889,-0.335
29.816666666666666,-0.325
29.819444444444443,-0.32
29.822222222222223,-0.325
29.825,-0.335
29.82777777777778,-0.335
29.830555555555556,-0.34
29.833333333333332,-0.325
29.836111111111112,-0.325
29.83888888888889,-0.33
29.841666666666665,-0.335
29.844444444444445,-0.345
29.84722222222222,-0.355
29.85,-0.34
29.852777777777778,-0.345
29.855555555555554,-0.34
29.858333333333334,-0.355
29.86111111111111,-0.36
29.863888888888887,-0.365
29.866666666666667,-0.36
29.869444444444444,-0.355
29.872222222222224,-0.355
29.875,-0.365
29.877777777777776,-0.37
29.880555555555556,-0.365
29.883333333333333,-0.365
29.886111111111113,-0.355
29.88888888888889,-0.355
29.891666666666666,-0.36
29.894444444444446,-0.37
29.897222222222222,-0.37
29.9,-0.37
29.90277777777778,-0.36
29.905555555555555,-0.365
29.908333333333335,-0.365
29.91111111111111,-0.385
29.913888888888888,-0.385
29.916666666666668,-0.385
29.919444444444444,-0.375
29.92222222222222,-0.38
29.925,-0.39
29.927777777777777,-0.4
29.930555555555557,-0.4
29.933333333333334,-0.385
29.93611111111111,-0.385
29.93888888888889,-0.385
29.941666666666666,-0.39
29.944444444444443,-0.4
29.947222222222223,-0.405
29.95,-0.39
29.95277777777778,-0.38
29.955555555555556,-0.38
29.958333333333332,-0.39
29.961111111111112,-0.405
29.96388888888889,-0.395
29.966666666666665,-0.39
29.969444444444445,-0.385
29.97222222222222,-0.38
29.975,-0.38
29.977777777777778,-0.39
29.980555555555554,-0.375
29.983333333333334,-0.365
29.98611111111111,-0.365
29.988888888888887,-0.375
29.991666666666667,-0.375
29.994444444444444,-0.385
29.997222222222224,-0.385
