time,voltage
0.0,0.175
0.002777777777777778,0.175
0.005555555555555556,0.175
0.008333333333333333,0.175
0.011111111111111112,0.175
0.013888888888888888,0.175
0.016666666666666666,0.175
0.019444444444444445,0.175
0.022222222222222223,0.175
0.025,0.18
0.027777777777777776,0.185
0.030555555555555555,0.21
0.03333333333333333,0.23
0.03611111111111111,0.22
0.03888888888888889,0.195
0.041666666666666664,0.16
0.044444444444444446,0.095
0.04722222222222222,0.06
0.05,0.085
0.05277777777777778,0.15
0.05555555555555555,0.195
0.058333333333333334,0.16
0.06111111111111111,0.065
0.06388888888888888,0.055
0.06666666666666667,0.12
0.06944444444444445,0.22
0.07222222222222222,0.24
0.075,0.2
0.07777777777777778,0.16
0.08055555555555556,0.14
0.08333333333333333,0.14
0.08611111111111111,0.125
0.08888888888888889,0.11
0.09166666666666666,0.1
0.09444444444444444,0.11
0.09722222222222222,0.135
0.1,0.14
0.10277777777777777,0.105
0.10555555555555556,0.055
0.10833333333333334,0.03
0.1111111111111111,0.01
0.11388888888888889,0.015
0.11666666666666667,-0.015
0.11944444444444445,-0.035
0.12222222222222222,-0.06
0.125,-0.09
0.12777777777777777,-0.125
0.13055555555555556,-0.125
0.13333333333333333,-0.11
0.1361111111111111,-0.11
0.1388888888888889,-0.11
0.14166666666666666,-0.13
0.14444444444444443,-0.13
0.14722222222222223,-0.135
0.15,-0.14
0.1527777777777778,-0.15
0.15555555555555556,-0.175
0.15833333333333333,-0.16
0.16111111111111112,-0.165
0.1638888888888889,-0.17
0.16666666666666666,-0.185
0.16944444444444445,-0.195
0.17222222222222222,-0.18
0.175,-0.165
0.17777777777777778,-0.175
0.18055555555555555,-0.2
0.18333333333333332,-0.215
0.18611111111111112,-0.215
0.18888888888888888,-0.185
0.19166666666666668,-0.17
0.19444444444444445,-0.19
0.19722222222222222,-0.23
0.2,-0.23
0.20277777777777778,-0.21
0.20555555555555555,-0.175
0.20833333333333334,-0.16
0.2111111111111111,-0.17
0.21388888888888888,-0.19
0.21666666666666667,-0.195
0.21944444444444444,-0.19
0.2222222222222222,-0.165
0.225,-0.16
0.22777777777777777,-0.18
0.23055555555555557,-0.19
0.23333333333333334,-0.175
0.2361111111111111,-0.18
0.2388888888888889,-0.175
0.24166666666666667,-0.195
0.24444444444444444,-0.2
0.24722222222222223,-0.18
0.25,-0.185
0.25277777777777777,-0.195
0.25555555555555554,-0.21
0.25833333333333336,-0.245
0.2611111111111111,-0.24
0.2638888888888889,-0.185
0.26666666666666666,-0.08
0.26944444444444443,0.025
0.2722222222222222,0.11
0.275,0.17
0.2777777777777778,0.2
0.28055555555555556,0.205
0.2833333333333333,0.235
0.2861111111111111,0.33
0.28888888888888886,0.425
0.2916666666666667,0.535
0.29444444444444445,0.6
0.2972222222222222,0.63
0.3,0.61
0.30277777777777776,0.575
0.3055555555555556,0.55
0.30833333333333335,0.535
0.3111111111111111,0.52
0.3138888888888889,0.49
0.31666666666666665,0.445
0.3194444444444444,0.39
0.32222222222222224,0.33
0.325,0.27
0.3277777777777778,0.22
0.33055555555555555,0.175
0.3333333333333333,0.095
0.33611111111111114,-0.02
0.3388888888888889,-0.145
0.3416666666666667,-0.28
0.34444444444444444,-0.405
0.3472222222222222,-0.49
0.35,-0.545
0.3527777777777778,-0.57
0.35555555555555557,-0.62
0.35833333333333334,-0.66
0.3611111111111111,-0.7
0.3638888888888889,-0.69
0.36666666666666664,-0.67
0.36944444444444446,-0.66
0.37222222222222223,-0.655
0.375,-0.66
0.37777777777777777,-0.64
0.38055555555555554,-0.615
0.38333333333333336,-0.595
0.3861111111111111,-0.59
0.3888888888888889,-0.575
0.39166666666666666,-0.58
0.39444444444444443,-0.58
0.3972222222222222,-0.56
0.4,-0.515
0.4027777777777778,-0.485
0.40555555555555556,-0.475
0.4083333333333333,-0.485
0.4111111111111111,-0.485
0.41388888888888886,-0.465
0.4166666666666667,-0.46
0.41944444444444445,-0.46
0.4222222222222222,-0.46
0.425,-0.47
0.42777777777777776,-0.475
0.4305555555555556,-0.465
0.43333333333333335,-0.47
0.4361111111111111,-0.485
0.4388888888888889,-0.485
0.44166666666666665,-0.505
0.4444444444444444,-0.505
0.44722222222222224,-0.5
0.45,-0.49
0.4527777777777778,-0.49
0.45555555555555555,-0.495
0.4583333333333333,-0.505
0.46111111111111114,-0.53
0.4638888888888889,-0.53
0.4666666666666667,-0.52
0.46944444444444444,-0.5
0.4722222222222222,-0.495
0.475,-0.505
0.4777777777777778,-0.52
0.48055555555555557,-0.515
0.48333333333333334,-0.505
0.4861111111111111,-0.505
0.4888888888888889,-0.515
0.49166666666666664,-0.515
0.49444444444444446,-0.52
0.49722222222222223,-0.5
0.5,-0.485
0.5027777777777778,-0.495
0.5055555555555555,-0.49
0.5083333333333333,-0.485
0.5111111111111111,-0.48
0.5138888888888888,-0.48
0.5166666666666667,-0.48
0.5194444444444445,-0.455
0.5222222222222223,-0.45
0.525,-0.435
0.5277777777777778,-0.445
0.5305555555555556,-0.415
0.5333333333333333,-0.415
0.5361111111111111,-0.405
0.5388888888888889,-0.395
0.5416666666666666,-0.385
0.5444444444444444,-0.385
0.5472222222222223,-0.37
0.55,-0.35
0.5527777777777778,-0.35
0.5555555555555556,-0.365
0.5583333333333333,-0.375
0.5611111111111111,-0.35
0.5638888888888889,-0.305
0.5666666666666667,-0.265
0.5694444444444444,-0.255
0.5722222222222222,-0.275
0.575,-0.285
0.5777777777777777,-0.28
0.5805555555555556,-0.24
0.5833333333333334,-0.21
0.5861111111111111,-0.215
0.5888888888888889,-0.225
0.5916666666666667,-0.22
0.5944444444444444,-0.24
0.5972222222222222,-0.23
0.6,-0.2
0.6027777777777777,-0.19
0.6055555555555555,-0.18
0.6083333333333333,-0.185
0.6111111111111112,-0.195
0.6138888888888889,-0.185
0.6166666666666667,-0.155
0.6194444444444445,-0.16
0.6222222222222222,-0.175
0.625,-0.185
0.6277777777777778,-0.185
0.6305555555555555,-0.18
0.6333333333333333,-0.17
0.6361111111111111,-0.17
0.6388888888888888,-0.18
0.6416666666666667,-0.175
0.6444444444444445,-0.165
0.6472222222222223,-0.145
0.65,-0.125
0.6527777777777778,-0.125
0.6555555555555556,-0.135
0.6583333333333333,-0.16
0.6611111111111111,-0.185
0.6638888888888889,-0.195
0.6666666666666666,-0.16
0.6694444444444444,-0.145
0.6722222222222223,-0.15
0.675,-0.18
0.6777777777777778,-0.21
0.6805555555555556,-0.19
0.6833333333333333,-0.18
0.6861111111111111,-0.185
0.6888888888888889,-0.215
0.6916666666666667,-0.235
0.6944444444444444,-0.24
0.6972222222222222,-0.2
0.7,-0.16
0.7027777777777777,-0.145
0.7055555555555556,-0.175
0.7083333333333334,-0.195
0.7111111111111111,-0.2
0.7138888888888889,-0.19
0.7166666666666667,-0.17
0.7194444444444444,-0.185
0.7222222222222222,-0.205
0.725,-0.22
0.7277777777777777,-0.215
0.7305555555555555,-0.195
0.7333333333333333,-0.185
0.7361111111111112,-0.195
0.7388888888888889,-0.21
0.7416666666666667,-0.24
0.7444444444444445,-0.265
0.7472222222222222,-0.275
0.75,-0.295
0.7527777777777778,-0.32
0.7555555555555555,-0.355
0.7583333333333333,-0.375
0.7611111111111111,-0.405
0.7638888888888888,-0.425
0.7666666666666667,-0.435
0.7694444444444445,-0.45
0.7722222222222223,-0.44
0.775,-0.44
0.7777777777777778,-0.44
0.7805555555555556,-0.43
0.7833333333333333,-0.42
0.7861111111111111,-0.43
0.7888888888888889,-0.435
0.7916666666666666,-0.455
0.7944444444444444,-0.47
0.7972222222222223,-0.475
0.8,-0.455
0.8027777777777778,-0.46
0.8055555555555556,-0.465
0.8083333333333333,-0.485
0.8111111111111111,-0.485
0.8138888888888889,-0.47
0.8166666666666667,-0.455
0.8194444444444444,-0.45
0.8222222222222222,-0.46
0.825,-0.46
0.8277777777777777,-0.45
0.8305555555555556,-0.44
0.8333333333333334,-0.435
0.8361111111111111,-0.455
0.8388888888888889,-0.475
0.8416666666666667,-0.48
0.8444444444444444,-0.475
0.8472222222222222,-0.445
0.85,-0.43
0.8527777777777777,-0.47
0.8555555555555555,-0.49
0.8583333333333333,-0.505
0.8611111111111112,-0.485
0.8638888888888889,-0.445
0.8666666666666667,-0.425
0.8694444444444445,-0.43
0.8722222222222222,-0.45
0.875,-0.47
0.8777777777777778,-0.465
0.8805555555555555,-0.455
0.8833333333333333,-0.44
0.8861111111111111,-0.46
0.8888888888888888,-0.485
0.8916666666666667,-0.485
0.8944444444444445,-0.495
0.8972222222222223,-0.485
0.9,-0.495
0.9027777777777778,-0.495
0.9055555555555556,-0.485
0.9083333333333333,-0.415
0.9111111111111111,-0.315
0.9138888888888889,-0.205
0.9166666666666666,-0.125
0.9194444444444444,-0.085
0.9222222222222223,-0.05
0.925,-0.035
0.9277777777777778,0.03
0.9305555555555556,0.14
0.9333333333333333,0.255
0.9361111111111111,0.315
0.9388888888888889,0.37
0.9416666666666667,0.395
0.9444444444444444,0.4
0.9472222222222222,0.39
0.95,0.395
0.9527777777777777,0.365
0.9555555555555556,0.345
0.9583333333333334,0.29
0.9611111111111111,0.22
0.9638888888888889,0.19
0.9666666666666667,0.17
0.9694444444444444,0.105
0.9722222222222222,0.02
0.975,-0.065
0.9777777777777777,-0.17
0.9805555555555555,-0.305
0.9833333333333333,-0.415
0.9861111111111112,-0.555
0.9888888888888889,-0.665
0.9916666666666667,-0.75
0.9944444444444445,-0.805
0.9972222222222222,-0.845
1.0,-0.885
1.0027777777777778,-0.91
1.0055555555555555,-0.905
1.0083333333333333,-0.91
1.011111111111111,-0.925
1.0138888888888888,-0.905
1.0166666666666666,-0.88
1.0194444444444444,-0.85
1.0222222222222221,-0.84
1.025,-0.83
1.0277777777777777,-0.83
1.0305555555555554,-0.81
1.0333333333333334,-0.77
1.0361111111111112,-0.76
1.038888888888889,-0.745
1.0416666666666667,-0.73
1.0444444444444445,-0.71
1.0472222222222223,-0.71
1.05,-0.68
1.0527777777777778,-0.69
1.0555555555555556,-0.69
1.0583333333333333,-0.695
1.0611111111111111,-0.695
1.0638888888888889,-0.7
1.0666666666666667,-0.69
1.0694444444444444,-0.695
1.0722222222222222,-0.71
1.075,-0.705
1.0777777777777777,-0.715
1.0805555555555555,-0.715
1.0833333333333333,-0.71
1.086111111111111,-0.72
1.0888888888888888,-0.725
1.0916666666666666,-0.735
1.0944444444444446,-0.735
1.0972222222222223,-0.715
1.1,-0.71
1.1027777777777779,-0.72
1.1055555555555556,-0.735
1.1083333333333334,-0.75
1.1111111111111112,-0.755
1.113888888888889,-0.74
1.1166666666666667,-0.72
1.1194444444444445,-0.73
1.1222222222222222,-0.735
1.125,-0.735
1.1277777777777778,-0.74
1.1305555555555555,-0.73
1.1333333333333333,-0.7
1.136111111111111,-0.71
1.1388888888888888,-0.71
1.1416666666666666,-0.715
1.1444444444444444,-0.72
1.1472222222222221,-0.695
1.15,-0.675
1.1527777777777777,-0.665
1.1555555555555554,-0.655
1.1583333333333334,-0.665
1.1611111111111112,-0.66
1.163888888888889,-0.655
1.1666666666666667,-0.625
1.1694444444444445,-0.605
1.1722222222222223,-0.605
1.175,-0.605
1.1777777777777778,-0.605
1.1805555555555556,-0.59
1.1833333333333333,-0.555
1.1861111111111111,-0.535
1.1888888888888889,-0.53
1.1916666666666667,-0.525
1.1944444444444444,-0.53
1.1972222222222222,-0.505
1.2,-0.47
1.2027777777777777,-0.455
1.2055555555555555,-0.46
1.2083333333333333,-0.455
1.211111111111111,-0.45
1.2138888888888888,-0.42
1.2166666666666666,-0.4
1.2194444444444446,-0.4
1.2222222222222223,-0.39
1.225,-0.39
1.2277777777777779,-0.39
1.2305555555555556,-0.38
1.2333333333333334,-0.37
1.2361111111111112,-0.365
1.238888888888889,-0.37
1.2416666666666667,-0.365
1.2444444444444445,-0.355
1.2472222222222222,-0.345
1.25,-0.315
1.2527777777777778,-0.315
1.2555555555555555,-0.32
1.2583333333333333,-0.34
1.261111111111111,-0.345
1.2638888888888888,-0.34
1.2666666666666666,-0.315
1.2694444444444444,-0.31
1.2722222222222221,-0.295
1.275,-0.285
1.2777777777777777,-0.27
1.2805555555555554,-0.27
1.2833333333333334,-0.295
1.2861111111111112,-0.31
1.288888888888889,-0.32
1.2916666666666667,-0.34
1.2944444444444445,-0.36
1.2972222222222223,-0.365
1.3,-0.36
1.3027777777777778,-0.36
1.3055555555555556,-0.355
1.3083333333333333,-0.36
1.3111111111111111,-0.36
1.3138888888888889,-0.335
1.3166666666666667,-0.31
1.3194444444444444,-0.31
1.3222222222222222,-0.295
1.325,-0.3
1.3277777777777777,-0.29
1.3305555555555555,-0.31
1.3333333333333333,-0.335
1.336111111111111,-0.365
1.3388888888888888,-0.375
1.3416666666666666,-0.4
1.3444444444444446,-0.4
1.3472222222222223,-0.39
1.35,-0.37
1.3527777777777779,-0.385
1.3555555555555556,-0.375
1.3583333333333334,-0.385
1.3611111111111112,-0.39
1.363888888888889,-0.385
1.3666666666666667,-0.375
1.3694444444444445,-0.41
1.3722222222222222,-0.455
1.375,-0.49
1.3777777777777778,-0.535
1.3805555555555555,-0.55
1.3833333333333333,-0.57
1.386111111111111,-0.59
1.3888888888888888,-0.605
1.3916666666666666,-0.62
1.3944444444444444,-0.62
1.3972222222222221,-0.61
1.4,-0.595
1.4027777777777777,-0.615
1.4055555555555554,-0.61
1.4083333333333334,-0.62
1.4111111111111112,-0.615
1.413888888888889,-0.62
1.4166666666666667,-0.615
1.4194444444444445,-0.64
1.4222222222222223,-0.655
1.425,-0.665
1.4277777777777778,-0.665
1.4305555555555556,-0.645
1.4333333333333333,-0.63
1.4361111111111111,-0.63
1.4388888888888889,-0.64
1.4416666666666667,-0.64
1.4444444444444444,-0.635
1.4472222222222222,-0.59
1.45,-0.57
1.4527777777777777,-0.57
1.4555555555555555,-0.59
1.4583333333333333,-0.615
1.461111111111111,-0.625
1.4638888888888888,-0.625
1.4666666666666666,-0.63
1.4694444444444446,-0.63
1.4722222222222223,-0.605
1.475,-0.61
1.4777777777777779,-0.605
1.4805555555555556,-0.62
1.4833333333333334,-0.61
1.4861111111111112,-0.59
1.488888888888889,-0.555
1.4916666666666667,-0.54
1.4944444444444445,-0.54
1.4972222222222222,-0.575
1.5,-0.59
1.5027777777777778,-0.62
1.5055555555555555,-0.655
1.5083333333333333,-0.665
1.511111111111111,-0.68
1.5138888888888888,-0.645
1.5166666666666666,-0.6
1.5194444444444444,-0.62
1.5222222222222221,-0.655
1.525,-0.72
1.5277777777777777,-0.74
1.5305555555555554,-0.74
1.5333333333333334,-0.72
1.5361111111111112,-0.665
1.538888888888889,-0.575
1.5416666666666667,-0.445
1.5444444444444445,-0.34
1.5472222222222223,-0.23
1.55,-0.145
1.5527777777777778,-0.095
1.5555555555555556,-0.05
1.5583333333333333,-0.005
1.5611111111111111,0.075
1.5638888888888889,0.2
1.5666666666666667,0.305
1.5694444444444444,0.41
1.5722222222222222,0.5
1.575,0.56
1.5777777777777777,0.59
1.5805555555555555,0.585
1.5833333333333333,0.585
1.586111111111111,0.555
1.5888888888888888,0.535
1.5916666666666666,0.48
1.5944444444444446,0.385
1.5972222222222223,0.31
1.6,0.225
1.6027777777777779,0.16
1.6055555555555556,0.085
1.6083333333333334,0.035
1.6111111111111112,-0.05
1.613888888888889,-0.185
1.6166666666666667,-0.365
1.6194444444444445,-0.575
1.6222222222222222,-0.76
1.625,-0.905
1.6277777777777778,-1.025
1.6305555555555555,-1.11
1.6333333333333333,-1.15
1.636111111111111,-1.19
1.6388888888888888,-1.205
1.6416666666666666,-1.2
1.6444444444444444,-1.205
1.6472222222222221,-1.18
1.65,-1.165
1.6527777777777777,-1.15
1.6555555555555554,-1.125
1.6583333333333334,-1.14
1.6611111111111112,-1.155
1.663888888888889,-1.165
1.6666666666666667,-1.155
1.6694444444444445,-1.13
1.6722222222222223,-1.095
1.675,-1.06
1.6777777777777778,-1.01
1.6805555555555556,-0.98
1.6833333333333333,-0.965
1.6861111111111111,-0.975
1.6888888888888889,-0.98
1.6916666666666667,-0.995
1.6944444444444444,-0.99
1.6972222222222222,-0.985
1.7,-0.975
1.7027777777777777,-0.98
1.7055555555555555,-0.96
1.7083333333333333,-0.925
1.711111111111111,-0.915
1.7138888888888888,-0.91
1.7166666666666666,-0.935
1.7194444444444446,-0.985
1.7222222222222223,-1.005
1.725,-1.03
1.7277777777777779,-1.055
1.7305555555555556,-1.06
1.7333333333333334,-1.07
1.7361111111111112,-1.075
1.738888888888889,-1.08
1.7416666666666667,-1.085
1.7444444444444445,-1.08
1.7472222222222222,-1.055
1.75,-1.04
1.7527777777777778,-1.04
1.7555555555555555,-1.025
1.7583333333333333,-1.035
1.761111111111111,-1.04
1.7638888888888888,-1.03
1.7666666666666666,-1.025
1.7694444444444444,-1.01
1.7722222222222221,-1.01
1.775,-1.01
1.7777777777777777,-1.01
1.7805555555555554,-0.995
1.7833333333333334,-0.98
1.7861111111111112,-0.995
1.788888888888889,-1.005
1.7916666666666667,-1.015
1.7944444444444445,-1.0
1.7972222222222223,-0.95
1.8,-0.915
1.8027777777777778,-0.875
1.8055555555555556,-0.885
1.8083333333333333,-0.935
1.8111111111111111,-0.96
1.8138888888888889,-0.955
1.8166666666666667,-0.925
1.8194444444444444,-0.875
1.8222222222222222,-0.835
1.825,-0.835
1.8277777777777777,-0.855
1.8305555555555555,-0.865
1.8333333333333333,-0.88
1.836111111111111,-0.88
1.8388888888888888,-0.87
1.8416666666666666,-0.835
1.8444444444444446,-0.815
1.8472222222222223,-0.8
1.85,-0.78
1.8527777777777779,-0.76
1.8555555555555556,-0.74
1.8583333333333334,-0.72
1.8611111111111112,-0.72
1.863888888888889,-0.71
1.8666666666666667,-0.69
1.8694444444444445,-0.685
1.8722222222222222,-0.675
1.875,-0.685
1.8777777777777778,-0.635
1.8805555555555555,-0.6
1.8833333333333333,-0.565
1.886111111111111,-0.57
1.8888888888888888,-0.595
1.8916666666666666,-0.605
1.8944444444444444,-0.59
1.8972222222222221,-0.555
1.9,-0.545
1.9027777777777777,-0.555
1.9055555555555554,-0.56
1.9083333333333334,-0.565
1.9111111111111112,-0.58
1.913888888888889,-0.57
1.9166666666666667,-0.55
1.9194444444444445,-0.515
1.9222222222222223,-0.465
1.925,-0.46
1.9277777777777778,-0.465
1.9305555555555556,-0.495
1.9333333333333333,-0.545
1.9361111111111111,-0.58
1.9388888888888889,-0.57
1.9416666666666667,-0.565
1.9444444444444444,-0.55
1.9472222222222222,-0.51
1.95,-0.5
1.9527777777777777,-0.515
1.9555555555555555,-0.58
1.9583333333333333,-0.615
1.961111111111111,-0.605
1.9638888888888888,-0.56
1.9666666666666666,-0.54
1.9694444444444446,-0.55
1.9722222222222223,-0.6
1.975,-0.64
1.9777777777777779,-0.66
1.9805555555555556,-0.64
1.9833333333333334,-0.605
1.9861111111111112,-0.595
1.988888888888889,-0.575
1.9916666666666667,-0.58
1.9944444444444445,-0.615
1.9972222222222222,-0.63
2.0,-0.625
2.0027777777777778,-0.61
2.0055555555555555,-0.6
2.0083333333333333,-0.61
2.011111111111111,-0.63
2.013888888888889,-0.62
2.0166666666666666,-0.61
2.0194444444444444,-0.615
2.022222222222222,-0.635
2.025,-0.665
2.0277777777777777,-0.705
2.0305555555555554,-0.735
2.033333333333333,-0.765
2.036111111111111,-0.81
2.0388888888888888,-0.815
2.0416666666666665,-0.815
2.0444444444444443,-0.805
2.047222222222222,-0.795
2.05,-0.815
2.0527777777777776,-0.86
2.0555555555555554,-0.885
2.058333333333333,-0.885
2.061111111111111,-0.855
2.063888888888889,-0.83
2.066666666666667,-0.82
2.0694444444444446,-0.845
2.0722222222222224,-0.87
2.075,-0.845
2.077777777777778,-0.82
2.0805555555555557,-0.805
2.0833333333333335,-0.82
2.0861111111111112,-0.84
2.088888888888889,-0.865
2.091666666666667,-0.855
2.0944444444444446,-0.86
2.0972222222222223,-0.85
2.1,-0.8
2.102777777777778,-0.775
2.1055555555555556,-0.77
2.1083333333333334,-0.795
2.111111111111111,-0.845
2.113888888888889,-0.87
2.1166666666666667,-0.87
2.1194444444444445,-0.875
2.1222222222222222,-0.89
2.125,-0.915
2.1277777777777778,-0.915
2.1305555555555555,-0.89
2.1333333333333333,-0.85
2.136111111111111,-0.84
2.138888888888889,-0.855
2.1416666666666666,-0.88
2.1444444444444444,-0.895
2.147222222222222,-0.9
2.15,-0.865
2.1527777777777777,-0.85
2.1555555555555554,-0.855
2.158333333333333,-0.86
2.161111111111111,-0.895
2.1638888888888888,-0.91
2.1666666666666665,-0.885
2.1694444444444443,-0.85
2.172222222222222,-0.83
2.175,-0.84
2.1777777777777776,-0.85
2.1805555555555554,-0.86
2.183333333333333,-0.87
2.186111111111111,-0.9
2.188888888888889,-0.93
2.191666666666667,-0.965
2.1944444444444446,-0.93
2.1972222222222224,-0.83
2.2,-0.655
2.202777777777778,-0.48
2.2055555555555557,-0.36
2.2083333333333335,-0.295
2.2111111111111112,-0.23
2.213888888888889,-0.2
2.216666666666667,-0.18
2.2194444444444446,-0.145
2.2222222222222223,-0.08
2.225,-0.025
2.227777777777778,0.06
2.2305555555555556,0.145
2.2333333333333334,0.205
2.236111111111111,0.21
2.238888888888889,0.185
2.2416666666666667,0.14
2.2444444444444445,0.1
2.2472222222222222,0.075
2.25,0.05
2.2527777777777778,-0.015
2.2555555555555555,-0.095
2.2583333333333333,-0.175
2.261111111111111,-0.24
2.263888888888889,-0.295
2.2666666666666666,-0.355
2.2694444444444444,-0.45
2.272222222222222,-0.545
2.275,-0.67
2.2777777777777777,-0.84
2.2805555555555554,-0.995
2.283333333333333,-1.13
2.286111111111111,-1.24
2.2888888888888888,-1.345
2.2916666666666665,-1.46
2.2944444444444443,-1.525
2.297222222222222,-1.555
2.3,-1.575
2.3027777777777776,-1.58
2.3055555555555554,-1.565
2.308333333333333,-1.545
2.311111111111111,-1.505
2.313888888888889,-1.495
2.316666666666667,-1.465
2.3194444444444446,-1.47
2.3222222222222224,-1.45
2.325,-1.43
2.327777777777778,-1.405
2.3305555555555557,-1.375
2.3333333333333335,-1.325
2.3361111111111112,-1.3
2.338888888888889,-1.3
2.341666666666667,-1.295
2.3444444444444446,-1.27
2.3472222222222223,-1.24
2.35,-1.205
2.352777777777778,-1.19
2.3555555555555556,-1.16
2.3583333333333334,-1.155
2.361111111111111,-1.145
2.363888888888889,-1.13
2.3666666666666667,-1.1
2.3694444444444445,-1.105
2.3722222222222222,-1.115
2.375,-1.12
2.3777777777777778,-1.12
2.3805555555555555,-1.11
2.3833333333333333,-1.1
2.386111111111111,-1.1
2.388888888888889,-1.12
2.3916666666666666,-1.115
2.3944444444444444,-1.11
2.397222222222222,-1.1
2.4,-1.095
2.4027777777777777,-1.095
2.4055555555555554,-1.095
2.408333333333333,-1.1
2.411111111111111,-1.095
2.4138888888888888,-1.1
2.4166666666666665,-1.095
2.4194444444444443,-1.11
2.422222222222222,-1.11
2.425,-1.11
2.4277777777777776,-1.1
2.4305555555555554,-1.09
2.433333333333333,-1.08
2.436111111111111,-1.085
2.438888888888889,-1.09
2.441666666666667,-1.09
2.4444444444444446,-1.085
2.4472222222222224,-1.07
2.45,-1.06
2.452777777777778,-1.065
2.4555555555555557,-1.07
2.4583333333333335,-1.07
2.4611111111111112,-1.07
2.463888888888889,-1.045
2.466666666666667,-1.02
2.4694444444444446,-1.02
2.4722222222222223,-1.03
2.475,-1.02
2.477777777777778,-1.03
2.4805555555555556,-0.99
2.4833333333333334,-0.965
2.486111111111111,-0.96
2.488888888888889,-0.965
2.4916666666666667,-0.955
2.4944444444444445,-0.96
2.4972222222222222,-0.93
2.5,-0.9
2.5027777777777778,-0.905
2.5055555555555555,-0.89
2.5083333333333333,-0.885
2.511111111111111,-0.865
2.513888888888889,-0.855
2.5166666666666666,-0.835
2.5194444444444444,-0.825
2.522222222222222,-0.82
2.525,-0.815
2.5277777777777777,-0.805
2.5305555555555554,-0.79
2.533333333333333,-0.76
2.536111111111111,-0.755
2.5388888888888888,-0.735
2.5416666666666665,-0.74
2.5444444444444443,-0.725
2.547222222222222,-0.72
2.55,-0.7
2.5527777777777776,-0.69
2.5555555555555554,-0.675
2.558333333333333,-0.675
2.561111111111111,-0.675
2.563888888888889,-0.655
2.566666666666667,-0.635
2.5694444444444446,-0.635
2.5722222222222224,-0.64
2.575,-0.645
2.577777777777778,-0.64
2.5805555555555557,-0.625
2.5833333333333335,-0.615
2.5861111111111112,-0.6
2.588888888888889,-0.61
2.591666666666667,-0.61
2.5944444444444446,-0.6
2.5972222222222223,-0.575
2.6,-0.57
2.602777777777778,-0.575
2.6055555555555556,-0.57
2.6083333333333334,-0.575
2.611111111111111,-0.565
2.613888888888889,-0.555
2.6166666666666667,-0.56
2.6194444444444445,-0.56
2.6222222222222222,-0.55
2.625,-0.575
2.6277777777777778,-0.585
2.6305555555555555,-0.595
2.6333333333333333,-0.61
2.636111111111111,-0.6
2.638888888888889,-0.6
2.6416666666666666,-0.59
2.6444444444444444,-0.58
2.647222222222222,-0.57
2.65,-0.55
2.6527777777777777,-0.545
2.6555555555555554,-0.55
2.658333333333333,-0.565
2.661111111111111,-0.57
2.6638888888888888,-0.555
2.6666666666666665,-0.54
2.6694444444444443,-0.555
2.672222222222222,-0.575
2.675,-0.585
2.6777777777777776,-0.585
2.6805555555555554,-0.585
2.683333333333333,-0.57
2.686111111111111,-0.56
2.688888888888889,-0.565
2.691666666666667,-0.58
2.6944444444444446,-0.59
2.6972222222222224,-0.6
2.7,-0.615
2.702777777777778,-0.65
2.7055555555555557,-0.695
2.7083333333333335,-0.735
2.7111111111111112,-0.77
2.713888888888889,-0.785
2.716666666666667,-0.79
2.7194444444444446,-0.82
2.7222222222222223,-0.84
2.725,-0.86
2.727777777777778,-0.865
2.7305555555555556,-0.87
2.7333333333333334,-0.88
2.736111111111111,-0.87
2.738888888888889,-0.88
2.7416666666666667,-0.885
2.7444444444444445,-0.89
2.7472222222222222,-0.865
2.75,-0.855
2.7527777777777778,-0.87
2.7555555555555555,-0.87
2.7583333333333333,-0.87
2.761111111111111,-0.87
2.763888888888889,-0.865
2.7666666666666666,-0.855
2.7694444444444444,-0.85
2.772222222222222,-0.86
2.775,-0.85
2.7777777777777777,-0.845
2.7805555555555554,-0.83
2.783333333333333,-0.84
2.786111111111111,-0.835
2.7888888888888888,-0.835
2.7916666666666665,-0.83
2.7944444444444443,-0.825
2.797222222222222,-0.815
2.8,-0.815
2.8027777777777776,-0.815
2.8055555555555554,-0.83
2.808333333333333,-0.815
2.811111111111111,-0.825
2.813888888888889,-0.8
2.816666666666667,-0.795
2.8194444444444446,-0.815
2.8222222222222224,-0.82
2.825,-0.81
2.827777777777778,-0.8
2.8305555555555557,-0.79
2.8333333333333335,-0.795
2.8361111111111112,-0.805
2.838888888888889,-0.8
2.841666666666667,-0.8
2.8444444444444446,-0.81
2.8472222222222223,-0.815
2.85,-0.815
2.852777777777778,-0.83
2.8555555555555556,-0.845
2.8583333333333334,-0.83
2.861111111111111,-0.78
2.863888888888889,-0.675
2.8666666666666667,-0.58
2.8694444444444445,-0.485
2.8722222222222222,-0.4
2.875,-0.35
2.8777777777777778,-0.33
2.8805555555555555,-0.295
2.8833333333333333,-0.25
2.886111111111111,-0.155
2.888888888888889,-0.07
2.8916666666666666,-0.01
2.8944444444444444,0.08
2.897222222222222,0.135
2.9,0.145
2.9027777777777777,0.13
2.9055555555555554,0.125
2.908333333333333,0.115
2.911111111111111,0.115
2.9138888888888888,0.1
2.9166666666666665,0.045
2.9194444444444443,-0.01
2.922222222222222,-0.085
2.925,-0.13
2.9277777777777776,-0.16
2.9305555555555554,-0.21
2.933333333333333,-0.275
2.936111111111111,-0.385
2.938888888888889,-0.495
2.941666666666667,-0.63
2.9444444444444446,-0.75
2.9472222222222224,-0.86
2.95,-1.01
2.952777777777778,-1.115
2.9555555555555557,-1.19
2.9583333333333335,-1.23
2.9611111111111112,-1.23
2.963888888888889,-1.24
2.966666666666667,-1.24
2.9694444444444446,-1.245
2.9722222222222223,-1.235
2.975,-1.24
2.977777777777778,-1.24
2.9805555555555556,-1.22
2.9833333333333334,-1.195
2.986111111111111,-1.17
2.988888888888889,-1.14
2.9916666666666667,-1.125
2.9944444444444445,-1.1
2.9972222222222222,-1.075
3.0,-1.045
3.0027777777777778,-1.04
3.0055555555555555,-1.03
3.0083333333333333,-1.0
3.011111111111111,-0.95
3.013888888888889,-0.925
3.0166666666666666,-0.92
3.0194444444444444,-0.915
3.022222222222222,-0.91
3.025,-0.905
3.0277777777777777,-0.895
3.0305555555555554,-0.885
3.033333333333333,-0.87
3.036111111111111,-0.88
3.0388888888888888,-0.91
3.0416666666666665,-0.91
3.0444444444444443,-0.895
3.047222222222222,-0.875
3.05,-0.89
3.0527777777777776,-0.885
3.0555555555555554,-0.89
3.058333333333333,-0.89
3.061111111111111,-0.87
3.063888888888889,-0.86
3.066666666666667,-0.89
3.0694444444444446,-0.89
3.0722222222222224,-0.915
3.075,-0.89
3.077777777777778,-0.87
3.0805555555555557,-0.87
3.0833333333333335,-0.86
3.0861111111111112,-0.885
3.088888888888889,-0.875
3.091666666666667,-0.885
3.0944444444444446,-0.88
3.0972222222222223,-0.86
3.1,-0.855
3.102777777777778,-0.865
3.1055555555555556,-0.87
3.1083333333333334,-0.875
3.111111111111111,-0.86
3.113888888888889,-0.84
3.1166666666666667,-0.84
3.1194444444444445,-0.82
3.1222222222222222,-0.85
3.125,-0.84
3.1277777777777778,-0.82
3.1305555555555555,-0.81
3.1333333333333333,-0.82
3.136111111111111,-0.8
3.138888888888889,-0.79
3.1416666666666666,-0.765
3.1444444444444444,-0.755
3.147222222222222,-0.73
3.15,-0.73
3.1527777777777777,-0.725
3.1555555555555554,-0.735
3.158333333333333,-0.715
3.161111111111111,-0.7
3.1638888888888888,-0.68
3.1666666666666665,-0.675
3.1694444444444443,-0.68
3.172222222222222,-0.675
3.175,-0.67
3.1777777777777776,-0.65
3.1805555555555554,-0.62
3.183333333333333,-0.6
3.186111111111111,-0.61
3.188888888888889,-0.59
3.191666666666667,-0.585
3.1944444444444446,-0.58
3.1972222222222224,-0.54
3.2,-0.53
3.202777777777778,-0.535
3.2055555555555557,-0.535
3.2083333333333335,-0.525
3.2111111111111112,-0.51
3.213888888888889,-0.49
3.216666666666667,-0.47
3.2194444444444446,-0.465
3.2222222222222223,-0.465
3.225,-0.47
3.227777777777778,-0.45
3.2305555555555556,-0.42
3.2333333333333334,-0.42
3.236111111111111,-0.43
3.238888888888889,-0.44
3.2416666666666667,-0.44
3.2444444444444445,-0.425
3.2472222222222222,-0.405
3.25,-0.41
3.2527777777777778,-0.41
3.2555555555555555,-0.4
3.2583333333333333,-0.39
3.261111111111111,-0.38
3.263888888888889,-0.385
3.2666666666666666,-0.375
3.2694444444444444,-0.385
3.272222222222222,-0.38
3.275,-0.35
3.2777777777777777,-0.355
3.2805555555555554,-0.35
3.283333333333333,-0.375
3.286111111111111,-0.385
3.2888888888888888,-0.405
3.2916666666666665,-0.41
3.2944444444444443,-0.39
3.297222222222222,-0.37
3.3,-0.37
3.3027777777777776,-0.38
3.3055555555555554,-0.39
3.308333333333333,-0.375
3.311111111111111,-0.36
3.313888888888889,-0.36
3.316666666666667,-0.36
3.3194444444444446,-0.38
3.3222222222222224,-0.38
3.325,-0.375
3.327777777777778,-0.38
3.3305555555555557,-0.365
3.3333333333333335,-0.395
3.3361111111111112,-0.385
3.338888888888889,-0.39
3.341666666666667,-0.415
3.3444444444444446,-0.39
3.3472222222222223,-0.37
3.35,-0.36
3.352777777777778,-0.365
3.3555555555555556,-0.39
3.3583333333333334,-0.42
3.361111111111111,-0.435
3.363888888888889,-0.45
3.3666666666666667,-0.485
3.3694444444444445,-0.51
3.3722222222222222,-0.545
3.375,-0.58
3.3777777777777778,-0.595
3.3805555555555555,-0.605
3.3833333333333333,-0.615
3.386111111111111,-0.62
3.388888888888889,-0.64
3.3916666666666666,-0.64
3.3944444444444444,-0.63
3.397222222222222,-0.635
3.4,-0.65
3.4027777777777777,-0.66
3.4055555555555554,-0.68
3.408333333333333,-0.675
3.411111111111111,-0.67
3.4138888888888888,-0.665
3.4166666666666665,-0.655
3.4194444444444443,-0.66
3.422222222222222,-0.68
3.425,-0.695
3.4277777777777776,-0.685
3.4305555555555554,-0.685
3.433333333333333,-0.69
3.436111111111111,-0.675
3.438888888888889,-0.685
3.441666666666667,-0.685
3.4444444444444446,-0.685
3.4472222222222224,-0.67
3.45,-0.665
3.452777777777778,-0.66
3.4555555555555557,-0.68
3.4583333333333335,-0.685
3.4611111111111112,-0.68
3.463888888888889,-0.665
3.466666666666667,-0.66
3.4694444444444446,-0.68
3.4722222222222223,-0.695
3.475,-0.685
3.477777777777778,-0.665
3.4805555555555556,-0.65
3.4833333333333334,-0.65
3.486111111111111,-0.655
3.488888888888889,-0.665
3.4916666666666667,-0.665
3.4944444444444445,-0.655
3.4972222222222222,-0.64
3.5,-0.64
3.5027777777777778,-0.65
3.5055555555555555,-0.665
3.5083333333333333,-0.65
3.511111111111111,-0.65
3.513888888888889,-0.67
3.5166666666666666,-0.685
3.5194444444444444,-0.715
3.522222222222222,-0.705
3.525,-0.675
3.5277777777777777,-0.595
3.5305555555555554,-0.49
3.533333333333333,-0.385
3.536111111111111,-0.285
3.5388888888888888,-0.205
3.5416666666666665,-0.175
3.5444444444444443,-0.14
3.547222222222222,-0.075
3.55,0.02
3.5527777777777776,0.105
3.5555555555555554,0.19
3.558333333333333,0.26
3.561111111111111,0.32
3.563888888888889,0.375
3.566666666666667,0.38
3.5694444444444446,0.36
3.5722222222222224,0.35
3.575,0.325
3.577777777777778,0.315
3.5805555555555557,0.3
3.5833333333333335,0.23
3.5861111111111112,0.145
3.588888888888889,0.055
3.591666666666667,-0.005
3.5944444444444446,-0.055
3.5972222222222223,-0.145
3.6,-0.25
3.602777777777778,-0.41
3.6055555555555556,-0.555
3.6083333333333334,-0.7
3.611111111111111,-0.815
3.613888888888889,-0.925
3.6166666666666667,-1.01
3.6194444444444445,-1.08
3.6222222222222222,-1.125
3.625,-1.155
3.6277777777777778,-1.16
3.6305555555555555,-1.16
3.6333333333333333,-1.155
3.636111111111111,-1.155
3.638888888888889,-1.165
3.6416666666666666,-1.135
3.6444444444444444,-1.1
3.647222222222222,-1.055
3.65,-1.035
3.6527777777777777,-1.015
3.6555555555555554,-1.01
3.658333333333333,-0.985
3.661111111111111,-0.96
3.6638888888888888,-0.935
3.6666666666666665,-0.9
3.6694444444444443,-0.895
3.672222222222222,-0.91
3.675,-0.88
3.6777777777777776,-0.865
3.6805555555555554,-0.825
3.683333333333333,-0.815
3.686111111111111,-0.81
3.688888888888889,-0.815
3.691666666666667,-0.82
3.6944444444444446,-0.825
3.6972222222222224,-0.81
3.7,-0.82
3.702777777777778,-0.825
3.7055555555555557,-0.825
3.7083333333333335,-0.815
3.7111111111111112,-0.82
3.713888888888889,-0.81
3.716666666666667,-0.81
3.7194444444444446,-0.815
3.7222222222222223,-0.83
3.725,-0.82
3.727777777777778,-0.81
3.7305555555555556,-0.805
3.7333333333333334,-0.805
3.736111111111111,-0.815
3.738888888888889,-0.825
3.7416666666666667,-0.835
3.7444444444444445,-0.82
3.7472222222222222,-0.795
3.75,-0.795
3.7527777777777778,-0.805
3.7555555555555555,-0.805
3.7583333333333333,-0.815
3.761111111111111,-0.795
3.763888888888889,-0.8
3.7666666666666666,-0.785
3.7694444444444444,-0.78
3.772222222222222,-0.79
3.775,-0.78
3.7777777777777777,-0.77
3.7805555555555554,-0.75
3.783333333333333,-0.75
3.786111111111111,-0.755
3.7888888888888888,-0.745
3.7916666666666665,-0.72
3.7944444444444443,-0.69
3.797222222222222,-0.69
3.8,-0.68
3.8027777777777776,-0.685
3.8055555555555554,-0.685
3.808333333333333,-0.665
3.811111111111111,-0.64
3.813888888888889,-0.615
3.816666666666667,-0.605
3.8194444444444446,-0.61
3.8222222222222224,-0.61
3.825,-0.595
3.827777777777778,-0.595
3.8305555555555557,-0.575
3.8333333333333335,-0.545
3.8361111111111112,-0.535
3.838888888888889,-0.545
3.841666666666667,-0.515
3.8444444444444446,-0.5
3.8472222222222223,-0.49
3.85,-0.475
3.852777777777778,-0.46
3.8555555555555556,-0.46
3.8583333333333334,-0.45
3.861111111111111,-0.435
3.863888888888889,-0.42
3.8666666666666667,-0.42
3.8694444444444445,-0.425
3.8722222222222222,-0.4
3.875,-0.405
3.8777777777777778,-0.4
3.8805555555555555,-0.375
3.8833333333333333,-0.37
3.886111111111111,-0.38
3.888888888888889,-0.385
3.8916666666666666,-0.36
3.8944444444444444,-0.365
3.897222222222222,-0.335
3.9,-0.34
3.9027777777777777,-0.33
3.9055555555555554,-0.335
3.908333333333333,-0.335
3.911111111111111,-0.31
3.9138888888888888,-0.315
3.9166666666666665,-0.305
3.9194444444444443,-0.32
3.922222222222222,-0.335
3.925,-0.33
3.9277777777777776,-0.31
3.9305555555555554,-0.3
3.933333333333333,-0.315
3.936111111111111,-0.33
3.938888888888889,-0.36
3.941666666666667,-0.375
3.9444444444444446,-0.37
3.9472222222222224,-0.325
3.95,-0.315
3.952777777777778,-0.315
3.9555555555555557,-0.33
3.9583333333333335,-0.335
3.9611111111111112,-0.31
3.963888888888889,-0.31
3.966666666666667,-0.315
3.9694444444444446,-0.305
3.9722222222222223,-0.315
3.975,-0.325
3.977777777777778,-0.32
3.9805555555555556,-0.325
3.9833333333333334,-0.345
3.986111111111111,-0.36
3.988888888888889,-0.385
3.9916666666666667,-0.37
3.9944444444444445,-0.355
3.9972222222222222,-0.355
4.0,-0.365
4.002777777777778,-0.365
4.0055555555555555,-0.375
4.008333333333334,-0.405
4.011111111111111,-0.435
4.013888888888889,-0.45
4.016666666666667,-0.49
4.019444444444445,-0.535
4.022222222222222,-0.585
4.025,-0.585
4.027777777777778,-0.595
4.030555555555556,-0.6
4.033333333333333,-0.61
4.036111111111111,-0.615
4.038888888888889,-0.615
4.041666666666667,-0.615
4.044444444444444,-0.62
4.0472222222222225,-0.605
4.05,-0.605
4.052777777777778,-0.62
4.055555555555555,-0.625
4.058333333333334,-0.625
4.061111111111111,-0.625
4.063888888888889,-0.61
4.066666666666666,-0.595
4.069444444444445,-0.61
4.072222222222222,-0.61
4.075,-0.61
4.0777777777777775,-0.6
4.080555555555556,-0.59
4.083333333333333,-0.595
4.086111111111111,-0.59
4.088888888888889,-0.61
4.091666666666667,-0.62
4.094444444444444,-0.6
4.097222222222222,-0.585
4.1,-0.595
4.102777777777778,-0.605
4.105555555555555,-0.61
4.108333333333333,-0.615
4.111111111111111,-0.605
4.113888888888889,-0.58
4.116666666666666,-0.595
4.1194444444444445,-0.595
4.122222222222222,-0.6
4.125,-0.6
4.127777777777778,-0.595
4.1305555555555555,-0.58
4.133333333333334,-0.575
4.136111111111111,-0.58
4.138888888888889,-0.585
4.141666666666667,-0.575
4.144444444444445,-0.565
4.147222222222222,-0.55
4.15,-0.555
4.152777777777778,-0.565
4.155555555555556,-0.59
4.158333333333333,-0.58
4.161111111111111,-0.565
4.163888888888889,-0.555
4.166666666666667,-0.57
4.169444444444444,-0.575
4.1722222222222225,-0.59
4.175,-0.57
4.177777777777778,-0.505
4.180555555555555,-0.405
4.183333333333334,-0.28
4.186111111111111,-0.15
4.188888888888889,0.0
4.191666666666666,0.115
4.194444444444445,0.145
4.197222222222222,0.14
4.2,0.15
4.2027777777777775,0.175
4.205555555555556,0.205
4.208333333333333,0.25
4.211111111111111,0.32
4.213888888888889,0.41
4.216666666666667,0.46
4.219444444444444,0.48
4.222222222222222,0.475
4.225,0.47
4.227777777777778,0.48
4.230555555555555,0.475
4.233333333333333,0.44
4.236111111111111,0.35
4.238888888888889,0.255
4.241666666666666,0.17
4.2444444444444445,0.09
4.247222222222222,0.035
4.25,-0.055
4.252777777777778,-0.18
4.2555555555555555,-0.34
4.258333333333334,-0.485
4.261111111111111,-0.61
4.263888888888889,-0.705
4.266666666666667,-0.815
4.269444444444445,-0.915
4.272222222222222,-1.015
4.275,-1.06
4.277777777777778,-1.08
4.280555555555556,-1.085
4.283333333333333,-1.085
4.286111111111111,-1.09
4.288888888888889,-1.08
4.291666666666667,-1.075
4.294444444444444,-1.055
4.2972222222222225,-1.035
4.3,-1.025
4.302777777777778,-0.99
4.305555555555555,-0.965
4.308333333333334,-0.925
4.311111111111111,-0.89
4.313888888888889,-0.855
4.316666666666666,-0.835
4.319444444444445,-0.83
4.322222222222222,-0.815
4.325,-0.78
4.3277777777777775,-0.755
4.330555555555556,-0.72
4.333333333333333,-0.7
4.336111111111111,-0.69
4.338888888888889,-0.685
4.341666666666667,-0.675
4.344444444444444,-0.655
4.347222222222222,-0.655
4.35,-0.645
4.352777777777778,-0.66
4.355555555555555,-0.685
4.358333333333333,-0.68
4.361111111111111,-0.66
4.363888888888889,-0.645
4.366666666666666,-0.65
4.3694444444444445,-0.66
4.372222222222222,-0.68
4.375,-0.695
4.377777777777778,-0.685
4.3805555555555555,-0.68
4.383333333333334,-0.675
4.386111111111111,-0.68
4.388888888888889,-0.695
4.391666666666667,-0.715
4.394444444444445,-0.71
4.397222222222222,-0.68
4.4,-0.68
4.402777777777778,-0.685
4.405555555555556,-0.695
4.408333333333333,-0.705
4.411111111111111,-0.675
4.413888888888889,-0.665
4.416666666666667,-0.68
4.419444444444444,-0.695
4.4222222222222225,-0.695
4.425,-0.685
4.427777777777778,-0.675
4.430555555555555,-0.675
4.433333333333334,-0.665
4.436111111111111,-0.66
4.438888888888889,-0.66
4.441666666666666,-0.655
4.444444444444445,-0.64
4.447222222222222,-0.63
4.45,-0.62
4.4527777777777775,-0.62
4.455555555555556,-0.62
4.458333333333333,-0.61
4.461111111111111,-0.605
4.463888888888889,-0.595
4.466666666666667,-0.59
4.469444444444444,-0.585
4.472222222222222,-0.58
4.475,-0.57
4.477777777777778,-0.535
4.480555555555555,-0.515
4.483333333333333,-0.51
4.486111111111111,-0.495
4.488888888888889,-0.505
4.491666666666666,-0.475
4.4944444444444445,-0.475
4.497222222222222,-0.45
4.5,-0.435
4.502777777777778,-0.42
4.5055555555555555,-0.435
4.508333333333334,-0.41
4.511111111111111,-0.385
4.513888888888889,-0.38
4.516666666666667,-0.375
4.519444444444445,-0.38
4.522222222222222,-0.37
4.525,-0.36
4.527777777777778,-0.345
4.530555555555556,-0.33
4.533333333333333,-0.325
4.536111111111111,-0.315
4.538888888888889,-0.33
4.541666666666667,-0.305
4.544444444444444,-0.28
4.5472222222222225,-0.265
4.55,-0.26
4.552777777777778,-0.265
4.555555555555555,-0.26
4.558333333333334,-0.245
4.561111111111111,-0.235
4.563888888888889,-0.215
4.566666666666666,-0.21
4.569444444444445,-0.22
4.572222222222222,-0.23
4.575,-0.215
4.5777777777777775,-0.2
4.580555555555556,-0.19
4.583333333333333,-0.19
4.586111111111111,-0.195
4.588888888888889,-0.21
4.591666666666667,-0.21
4.594444444444444,-0.205
4.597222222222222,-0.195
4.6,-0.205
4.602777777777778,-0.21
4.605555555555555,-0.22
4.608333333333333,-0.23
4.611111111111111,-0.235
4.613888888888889,-0.24
4.616666666666666,-0.23
4.6194444444444445,-0.235
4.622222222222222,-0.245
4.625,-0.245
4.627777777777778,-0.22
4.6305555555555555,-0.2
4.633333333333334,-0.2
4.636111111111111,-0.205
4.638888888888889,-0.22
4.641666666666667,-0.22
4.644444444444445,-0.225
4.647222222222222,-0.205
4.65,-0.21
4.652777777777778,-0.24
4.655555555555556,-0.26
4.658333333333333,-0.265
4.661111111111111,-0.265
4.663888888888889,-0.265
4.666666666666667,-0.26
4.669444444444444,-0.26
4.6722222222222225,-0.255
4.675,-0.26
4.677777777777778,-0.27
4.680555555555555,-0.295
4.683333333333334,-0.32
4.686111111111111,-0.35
4.688888888888889,-0.38
4.691666666666666,-0.41
4.694444444444445,-0.43
4.697222222222222,-0.455
4.7,-0.455
4.7027777777777775,-0.475
4.705555555555556,-0.495
4.708333333333333,-0.505
4.711111111111111,-0.495
4.713888888888889,-0.49
4.716666666666667,-0.49
4.719444444444444,-0.485
4.722222222222222,-0.49
4.725,-0.495
4.727777777777778,-0.505
4.730555555555555,-0.5
4.733333333333333,-0.51
4.736111111111111,-0.525
4.738888888888889,-0.52
4.741666666666666,-0.51
4.7444444444444445,-0.49
4.747222222222222,-0.49
4.75,-0.49
4.752777777777778,-0.5
4.7555555555555555,-0.51
4.758333333333334,-0.515
4.761111111111111,-0.525
4.763888888888889,-0.505
4.766666666666667,-0.505
4.769444444444445,-0.51
4.772222222222222,-0.515
4.775,-0.51
4.777777777777778,-0.5
4.780555555555556,-0.49
4.783333333333333,-0.5
4.786111111111111,-0.485
4.788888888888889,-0.5
4.791666666666667,-0.505
4.794444444444444,-0.515
4.7972222222222225,-0.51
4.8,-0.49
4.802777777777778,-0.48
4.805555555555555,-0.475
4.808333333333334,-0.475
4.811111111111111,-0.47
4.813888888888889,-0.475
4.816666666666666,-0.48
4.819444444444445,-0.475
4.822222222222222,-0.49
4.825,-0.495
4.8277777777777775,-0.47
4.830555555555556,-0.465
4.833333333333333,-0.455
4.836111111111111,-0.465
4.838888888888889,-0.48
4.841666666666667,-0.495
4.844444444444444,-0.48
4.847222222222222,-0.475
4.85,-0.465
4.852777777777778,-0.425
4.855555555555555,-0.36
4.858333333333333,-0.245
4.861111111111111,-0.105
4.863888888888889,0.035
4.866666666666666,0.14
4.8694444444444445,0.235
4.872222222222222,0.28
4.875,0.305
4.877777777777778,0.33
4.8805555555555555,0.38
4.883333333333334,0.44
4.886111111111111,0.515
4.888888888888889,0.565
4.891666666666667,0.655
4.894444444444445,0.715
4.897222222222222,0.73
4.9,0.72
4.902777777777778,0.685
4.905555555555556,0.635
4.908333333333333,0.585
4.911111111111111,0.53
4.913888888888889,0.455
4.916666666666667,0.345
4.919444444444444,0.24
4.9222222222222225,0.16
4.925,0.07
4.927777777777778,-0.03
4.930555555555555,-0.14
4.933333333333334,-0.26
4.936111111111111,-0.39
4.938888888888889,-0.54
4.941666666666666,-0.67
4.944444444444445,-0.78
4.947222222222222,-0.865
4.95,-0.96
4.9527777777777775,-1.065
4.955555555555556,-1.14
4.958333333333333,-1.165
4.961111111111111,-1.17
4.963888888888889,-1.15
4.966666666666667,-1.13
4.969444444444444,-1.13
4.972222222222222,-1.13
4.975,-1.115
4.977777777777778,-1.09
4.980555555555555,-1.05
4.983333333333333,-1.015
4.986111111111111,-1.015
4.988888888888889,-0.985
4.991666666666666,-0.945
4.9944444444444445,-0.91
4.997222222222222,-0.875
5.0,-0.845
5.002777777777778,-0.825
5.0055555555555555,-0.815
5.008333333333334,-0.785
5.011111111111111,-0.755
5.013888888888889,-0.735
5.016666666666667,-0.715
5.019444444444445,-0.695
5.022222222222222,-0.705
5.025,-0.715
5.027777777777778,-0.705
5.030555555555556,-0.68
5.033333333333333,-0.67
5.036111111111111,-0.69
5.038888888888889,-0.695
5.041666666666667,-0.685
5.044444444444444,-0.675
5.0472222222222225,-0.665
5.05,-0.67
5.052777777777778,-0.685
5.055555555555555,-0.685
5.058333333333334,-0.675
5.061111111111111,-0.675
5.063888888888889,-0.675
5.066666666666666,-0.69
5.069444444444445,-0.68
5.072222222222222,-0.685
5.075,-0.69
5.0777777777777775,-0.685
5.080555555555556,-0.685
5.083333333333333,-0.69
5.086111111111111,-0.69
5.088888888888889,-0.7
5.091666666666667,-0.685
5.094444444444444,-0.68
5.097222222222222,-0.67
5.1,-0.665
5.102777777777778,-0.67
5.105555555555555,-0.68
5.108333333333333,-0.695
5.111111111111111,-0.69
5.113888888888889,-0.66
5.116666666666666,-0.655
5.1194444444444445,-0.655
5.122222222222222,-0.64
5.125,-0.64
5.127777777777778,-0.62
5.1305555555555555,-0.61
5.133333333333334,-0.6
5.136111111111111,-0.59
5.138888888888889,-0.59
5.141666666666667,-0.58
5.144444444444445,-0.565
5.147222222222222,-0.535
5.15,-0.525
5.152777777777778,-0.53
5.155555555555556,-0.525
5.158333333333333,-0.49
5.161111111111111,-0.46
5.163888888888889,-0.435
5.166666666666667,-0.43
5.169444444444444,-0.42
5.1722222222222225,-0.43
5.175,-0.425
5.177777777777778,-0.395
5.180555555555555,-0.385
5.183333333333334,-0.37
5.186111111111111,-0.36
5.188888888888889,-0.355
5.191666666666666,-0.335
5.194444444444445,-0.32
5.197222222222222,-0.3
5.2,-0.3
5.2027777777777775,-0.295
5.205555555555556,-0.29
5.208333333333333,-0.27
5.211111111111111,-0.255
5.213888888888889,-0.25
5.216666666666667,-0.24
5.219444444444444,-0.235
5.222222222222222,-0.24
5.225,-0.225
5.227777777777778,-0.205
5.230555555555555,-0.2
5.233333333333333,-0.21
5.236111111111111,-0.21
5.238888888888889,-0.215
5.241666666666666,-0.2
5.2444444444444445,-0.185
5.247222222222222,-0.165
5.25,-0.15
5.252777777777778,-0.16
5.2555555555555555,-0.17
5.258333333333334,-0.175
5.261111111111111,-0.18
5.263888888888889,-0.165
5.266666666666667,-0.17
5.269444444444445,-0.185
5.272222222222222,-0.22
5.275,-0.22
5.277777777777778,-0.21
5.280555555555556,-0.205
5.283333333333333,-0.205
5.286111111111111,-0.2
5.288888888888889,-0.205
5.291666666666667,-0.185
5.294444444444444,-0.18
5.2972222222222225,-0.175
5.3,-0.19
5.302777777777778,-0.2
5.305555555555555,-0.215
5.308333333333334,-0.215
5.311111111111111,-0.225
5.313888888888889,-0.22
5.316666666666666,-0.225
5.319444444444445,-0.24
5.322222222222222,-0.265
5.325,-0.25
5.3277777777777775,-0.24
5.330555555555556,-0.22
5.333333333333333,-0.25
5.336111111111111,-0.29
5.338888888888889,-0.325
5.341666666666667,-0.345
5.344444444444444,-0.345
5.347222222222222,-0.37
5.35,-0.395
5.352777777777778,-0.435
5.355555555555555,-0.46
5.358333333333333,-0.465
5.361111111111111,-0.47
5.363888888888889,-0.47
5.366666666666666,-0.455
5.3694444444444445,-0.465
5.372222222222222,-0.475
5.375,-0.49
5.377777777777778,-0.47
5.3805555555555555,-0.49
5.383333333333334,-0.485
5.386111111111111,-0.48
5.388888888888889,-0.51
5.391666666666667,-0.49
5.394444444444445,-0.475
5.397222222222222,-0.465
5.4,-0.485
5.402777777777778,-0.5
5.405555555555556,-0.495
5.408333333333333,-0.49
5.411111111111111,-0.495
5.413888888888889,-0.495
5.416666666666667,-0.505
5.419444444444444,-0.515
5.4222222222222225,-0.54
5.425,-0.54
5.427777777777778,-0.52
5.430555555555555,-0.515
5.433333333333334,-0.505
5.436111111111111,-0.495
5.438888888888889,-0.5
5.441666666666666,-0.5
5.444444444444445,-0.48
5.447222222222222,-0.49
5.45,-0.495
5.4527777777777775,-0.485
5.455555555555556,-0.495
5.458333333333333,-0.495
5.461111111111111,-0.47
5.463888888888889,-0.455
5.466666666666667,-0.45
5.469444444444444,-0.425
5.472222222222222,-0.395
5.475,-0.36
5.477777777777778,-0.35
5.480555555555555,-0.365
5.483333333333333,-0.39
5.486111111111111,-0.44
5.488888888888889,-0.49
5.491666666666666,-0.515
5.4944444444444445,-0.51
5.497222222222222,-0.445
5.5,-0.335
5.502777777777778,-0.21
5.5055555555555555,-0.09
5.508333333333334,0.03
5.511111111111111,0.115
5.513888888888889,0.18
5.516666666666667,0.19
5.519444444444445,0.245
5.522222222222222,0.29
5.525,0.33
5.527777777777778,0.36
5.530555555555556,0.41
5.533333333333333,0.425
5.536111111111111,0.435
5.538888888888889,0.4
5.541666666666667,0.365
5.544444444444444,0.36
5.5472222222222225,0.34
5.55,0.3
5.552777777777778,0.215
5.555555555555555,0.155
5.558333333333334,0.09
5.561111111111111,0.045
5.563888888888889,-0.015
5.566666666666666,-0.09
5.569444444444445,-0.185
5.572222222222222,-0.32
5.575,-0.445
5.5777777777777775,-0.555
5.580555555555556,-0.645
5.583333333333333,-0.75
5.586111111111111,-0.87
5.588888888888889,-0.96
5.591666666666667,-0.985
5.594444444444444,-0.965
5.597222222222222,-0.945
5.6,-0.945
5.602777777777778,-0.985
5.605555555555555,-1.005
5.608333333333333,-0.995
5.611111111111111,-0.955
5.613888888888889,-0.89
5.616666666666666,-0.84
5.6194444444444445,-0.815
5.622222222222222,-0.835
5.625,-0.85
5.627777777777778,-0.865
5.6305555555555555,-0.865
5.633333333333334,-0.835
5.636111111111111,-0.785
5.638888888888889,-0.715
5.641666666666667,-0.655
5.644444444444445,-0.64
5.647222222222222,-0.645
5.65,-0.67
5.652777777777778,-0.685
5.655555555555556,-0.69
5.658333333333333,-0.665
5.661111111111111,-0.635
5.663888888888889,-0.615
5.666666666666667,-0.615
5.669444444444444,-0.615
5.6722222222222225,-0.615
5.675,-0.62
5.677777777777778,-0.61
5.680555555555555,-0.6
5.683333333333334,-0.595
5.686111111111111,-0.615
5.688888888888889,-0.625
5.691666666666666,-0.635
5.694444444444445,-0.635
5.697222222222222,-0.645
5.7,-0.615
5.7027777777777775,-0.62
5.705555555555556,-0.63
5.708333333333333,-0.635
5.711111111111111,-0.625
5.713888888888889,-0.6
5.716666666666667,-0.595
5.719444444444444,-0.6
5.722222222222222,-0.6
5.725,-0.6
5.727777777777778,-0.595
5.730555555555555,-0.57
5.733333333333333,-0.57
5.736111111111111,-0.575
5.738888888888889,-0.565
5.741666666666666,-0.545
5.7444444444444445,-0.535
5.747222222222222,-0.525
5.75,-0.53
5.752777777777778,-0.545
5.7555555555555555,-0.55
5.758333333333334,-0.54
5.761111111111111,-0.52
5.763888888888889,-0.52
5.766666666666667,-0.505
5.769444444444445,-0.495
5.772222222222222,-0.505
5.775,-0.49
5.777777777777778,-0.475
5.780555555555556,-0.44
5.783333333333333,-0.435
5.786111111111111,-0.435
5.788888888888889,-0.42
5.791666666666667,-0.4
5.794444444444444,-0.385
5.7972222222222225,-0.37
5.8,-0.355
5.802777777777778,-0.35
5.805555555555555,-0.35
5.808333333333334,-0.335
5.811111111111111,-0.32
5.813888888888889,-0.31
5.816666666666666,-0.28
5.819444444444445,-0.285
5.822222222222222,-0.29
5.825,-0.275
5.8277777777777775,-0.265
5.830555555555556,-0.245
5.833333333333333,-0.24
5.836111111111111,-0.245
5.838888888888889,-0.25
5.841666666666667,-0.25
5.844444444444444,-0.22
5.847222222222222,-0.21
5.85,-0.21
5.852777777777778,-0.195
5.855555555555555,-0.2
5.858333333333333,-0.185
5.861111111111111,-0.175
5.863888888888889,-0.155
5.866666666666666,-0.165
5.8694444444444445,-0.165
5.872222222222222,-0.175
5.875,-0.155
5.877777777777778,-0.135
5.8805555555555555,-0.12
5.883333333333334,-0.125
5.886111111111111,-0.145
5.888888888888889,-0.155
5.891666666666667,-0.15
5.894444444444445,-0.15
5.897222222222222,-0.135
5.9,-0.15
5.902777777777778,-0.16
5.905555555555556,-0.18
5.908333333333333,-0.165
5.911111111111111,-0.145
5.913888888888889,-0.15
5.916666666666667,-0.15
5.919444444444444,-0.135
5.9222222222222225,-0.145
5.925,-0.145
5.927777777777778,-0.135
5.930555555555555,-0.145
5.933333333333334,-0.155
5.936111111111111,-0.17
5.938888888888889,-0.2
5.941666666666666,-0.205
5.944444444444445,-0.205
5.947222222222222,-0.195
5.95,-0.18
5.9527777777777775,-0.195
5.955555555555556,-0.185
5.958333333333333,-0.16
5.961111111111111,-0.16
5.963888888888889,-0.17
5.966666666666667,-0.225
5.969444444444444,-0.27
5.972222222222222,-0.29
5.975,-0.31
5.977777777777778,-0.31
5.980555555555555,-0.335
5.983333333333333,-0.355
5.986111111111111,-0.39
5.988888888888889,-0.41
5.991666666666666,-0.42
5.9944444444444445,-0.435
5.997222222222222,-0.42
6.0,-0.415
6.002777777777778,-0.44
6.0055555555555555,-0.445
6.008333333333334,-0.455
6.011111111111111,-0.435
6.013888888888889,-0.43
6.016666666666667,-0.42
6.019444444444445,-0.435
6.022222222222222,-0.45
6.025,-0.455
6.027777777777778,-0.445
6.030555555555556,-0.445
6.033333333333333,-0.425
6.036111111111111,-0.435
6.038888888888889,-0.435
6.041666666666667,-0.445
6.044444444444444,-0.43
6.0472222222222225,-0.42
6.05,-0.425
6.052777777777778,-0.43
6.055555555555555,-0.44
6.058333333333334,-0.435
6.061111111111111,-0.415
6.063888888888889,-0.405
6.066666666666666,-0.41
6.069444444444445,-0.415
6.072222222222222,-0.435
6.075,-0.42
6.0777777777777775,-0.41
6.080555555555556,-0.42
6.083333333333333,-0.41
6.086111111111111,-0.44
6.088888888888889,-0.45
6.091666666666667,-0.44
6.094444444444444,-0.405
6.097222222222222,-0.41
6.1,-0.4
6.102777777777778,-0.41
6.105555555555555,-0.405
6.108333333333333,-0.42
6.111111111111111,-0.42
6.113888888888889,-0.43
6.116666666666666,-0.435
6.1194444444444445,-0.445
6.122222222222222,-0.415
6.125,-0.325
6.127777777777778,-0.185
6.1305555555555555,-0.07
6.133333333333334,0.0
6.136111111111111,0.025
6.138888888888889,0.035
6.141666666666667,0.095
6.144444444444445,0.185
6.147222222222222,0.3
6.15,0.385
6.152777777777778,0.435
6.155555555555556,0.43
6.158333333333333,0.435
6.161111111111111,0.43
6.163888888888889,0.43
6.166666666666667,0.405
6.169444444444444,0.36
6.1722222222222225,0.275
6.175,0.21
6.177777777777778,0.16
6.180555555555555,0.115
6.183333333333334,0.045
6.186111111111111,-0.045
6.188888888888889,-0.17
6.191666666666666,-0.29
6.194444444444445,-0.41
6.197222222222222,-0.535
6.2,-0.67
6.2027777777777775,-0.775
6.205555555555556,-0.855
6.208333333333333,-0.89
6.211111111111111,-0.915
6.213888888888889,-0.92
6.216666666666667,-0.92
6.219444444444444,-0.895
6.222222222222222,-0.905
6.225,-0.92
6.227777777777778,-0.9
6.230555555555555,-0.85
6.233333333333333,-0.8
6.236111111111111,-0.78
6.238888888888889,-0.765
6.241666666666666,-0.755
6.2444444444444445,-0.72
6.247222222222222,-0.675
6.25,-0.65
6.252777777777778,-0.645
6.2555555555555555,-0.63
6.258333333333334,-0.605
6.261111111111111,-0.59
6.263888888888889,-0.585
6.266666666666667,-0.575
6.269444444444445,-0.575
6.272222222222222,-0.58
6.275,-0.575
6.277777777777778,-0.56
6.280555555555556,-0.555
6.283333333333333,-0.57
6.286111111111111,-0.585
6.288888888888889,-0.6
6.291666666666667,-0.58
6.294444444444444,-0.575
6.2972222222222225,-0.57
6.3,-0.57
6.302777777777778,-0.575
6.305555555555555,-0.595
6.308333333333334,-0.575
6.311111111111111,-0.56
6.313888888888889,-0.56
6.316666666666666,-0.565
6.319444444444445,-0.575
6.322222222222222,-0.585
6.325,-0.58
6.3277777777777775,-0.565
6.330555555555556,-0.56
6.333333333333333,-0.555
6.336111111111111,-0.57
6.338888888888889,-0.58
6.341666666666667,-0.565
6.344444444444444,-0.555
6.347222222222222,-0.535
6.35,-0.525
6.352777777777778,-0.55
6.355555555555555,-0.535
6.358333333333333,-0.52
6.361111111111111,-0.51
6.363888888888889,-0.5
6.366666666666666,-0.485
6.3694444444444445,-0.495
6.372222222222222,-0.49
6.375,-0.48
6.377777777777778,-0.465
6.3805555555555555,-0.445
6.383333333333334,-0.435
6.386111111111111,-0.415
6.388888888888889,-0.415
6.391666666666667,-0.4
6.394444444444445,-0.385
6.397222222222222,-0.395
6.4,-0.375
6.402777777777778,-0.35
6.405555555555556,-0.34
6.408333333333333,-0.34
6.411111111111111,-0.305
6.413888888888889,-0.295
6.416666666666667,-0.275
6.419444444444444,-0.28
6.4222222222222225,-0.275
6.425,-0.255
6.427777777777778,-0.245
6.430555555555555,-0.23
6.433333333333334,-0.225
6.436111111111111,-0.23
6.438888888888889,-0.225
6.441666666666666,-0.205
6.444444444444445,-0.2
6.447222222222222,-0.175
6.45,-0.18
6.4527777777777775,-0.175
6.455555555555556,-0.155
6.458333333333333,-0.165
6.461111111111111,-0.14
6.463888888888889,-0.135
6.466666666666667,-0.11
6.469444444444444,-0.125
6.472222222222222,-0.115
6.475,-0.1
6.477777777777778,-0.08
6.480555555555555,-0.085
6.483333333333333,-0.08
6.486111111111111,-0.08
6.488888888888889,-0.1
6.491666666666666,-0.105
6.4944444444444445,-0.11
6.497222222222222,-0.115
6.5,-0.12
6.502777777777778,-0.11
6.5055555555555555,-0.12
6.508333333333334,-0.095
6.511111111111111,-0.085
6.513888888888889,-0.075
6.516666666666667,-0.07
6.519444444444445,-0.085
6.522222222222222,-0.11
6.525,-0.105
6.527777777777778,-0.09
6.530555555555556,-0.095
6.533333333333333,-0.1
6.536111111111111,-0.115
6.538888888888889,-0.135
6.541666666666667,-0.14
6.544444444444444,-0.145
6.5472222222222225,-0.14
6.55,-0.135
6.552777777777778,-0.14
6.555555555555555,-0.155
6.558333333333334,-0.165
6.561111111111111,-0.19
6.563888888888889,-0.21
6.566666666666666,-0.245
6.569444444444445,-0.265
6.572222222222222,-0.3
6.575,-0.32
6.5777777777777775,-0.35
6.580555555555556,-0.355
6.583333333333333,-0.375
6.586111111111111,-0.405
6.588888888888889,-0.405
6.591666666666667,-0.4
6.594444444444444,-0.395
6.597222222222222,-0.4
6.6,-0.4
6.602777777777778,-0.41
6.605555555555555,-0.42
6.608333333333333,-0.42
6.611111111111111,-0.405
6.613888888888889,-0.41
6.616666666666666,-0.405
6.6194444444444445,-0.41
6.622222222222222,-0.43
6.625,-0.425
6.627777777777778,-0.405
6.6305555555555555,-0.39
6.633333333333334,-0.4
6.636111111111111,-0.405
6.638888888888889,-0.425
6.641666666666667,-0.415
6.644444444444445,-0.39
6.647222222222222,-0.4
6.65,-0.39
6.652777777777778,-0.395
6.655555555555556,-0.4
6.658333333333333,-0.405
6.661111111111111,-0.405
6.663888888888889,-0.4
6.666666666666667,-0.395
6.669444444444444,-0.41
6.6722222222222225,-0.425
6.675,-0.405
6.677777777777778,-0.39
6.680555555555555,-0.38
6.683333333333334,-0.375
6.686111111111111,-0.4
6.688888888888889,-0.405
6.691666666666666,-0.395
6.694444444444445,-0.37
6.697222222222222,-0.365
6.7,-0.36
6.7027777777777775,-0.38
6.705555555555556,-0.395
6.708333333333333,-0.405
6.711111111111111,-0.405
6.713888888888889,-0.415
6.716666666666667,-0.42
6.719444444444444,-0.425
6.722222222222222,-0.375
6.725,-0.255
6.727777777777778,-0.135
6.730555555555555,-0.015
6.733333333333333,0.06
6.736111111111111,0.08
6.738888888888889,0.09
6.741666666666666,0.16
6.7444444444444445,0.27
6.747222222222222,0.395
6.75,0.49
6.752777777777778,0.555
6.7555555555555555,0.59
6.758333333333334,0.615
6.761111111111111,0.615
6.763888888888889,0.605
6.766666666666667,0.58
6.769444444444445,0.525
6.772222222222222,0.43
6.775,0.355
6.777777777777778,0.295
6.780555555555556,0.24
6.783333333333333,0.165
6.786111111111111,0.06
6.788888888888889,-0.095
6.791666666666667,-0.255
6.794444444444444,-0.4
6.7972222222222225,-0.525
6.8,-0.65
6.802777777777778,-0.765
6.805555555555555,-0.835
6.808333333333334,-0.87
6.811111111111111,-0.88
6.813888888888889,-0.87
6.816666666666666,-0.88
6.819444444444445,-0.88
6.822222222222222,-0.89
6.825,-0.88
6.8277777777777775,-0.87
6.830555555555556,-0.835
6.833333333333333,-0.795
6.836111111111111,-0.785
6.838888888888889,-0.76
6.841666666666667,-0.73
6.844444444444444,-0.705
6.847222222222222,-0.67
6.85,-0.65
6.852777777777778,-0.65
6.855555555555555,-0.635
6.858333333333333,-0.605
6.861111111111111,-0.575
6.863888888888889,-0.555
6.866666666666666,-0.55
6.8694444444444445,-0.555
6.872222222222222,-0.56
6.875,-0.54
6.877777777777778,-0.54
6.8805555555555555,-0.545
6.883333333333334,-0.545
6.886111111111111,-0.54
6.888888888888889,-0.55
6.891666666666667,-0.56
6.894444444444445,-0.545
6.897222222222222,-0.535
6.9,-0.53
6.902777777777778,-0.54
6.905555555555556,-0.56
6.908333333333333,-0.55
6.911111111111111,-0.545
6.913888888888889,-0.535
6.916666666666667,-0.53
6.919444444444444,-0.545
6.9222222222222225,-0.555
6.925,-0.555
6.927777777777778,-0.54
6.930555555555555,-0.525
6.933333333333334,-0.515
6.936111111111111,-0.52
6.938888888888889,-0.535
6.941666666666666,-0.525
6.944444444444445,-0.5
6.947222222222222,-0.495
6.95,-0.49
6.9527777777777775,-0.495
6.955555555555556,-0.495
6.958333333333333,-0.495
6.961111111111111,-0.465
6.963888888888889,-0.465
6.966666666666667,-0.45
6.969444444444444,-0.46
6.972222222222222,-0.46
6.975,-0.435
6.977777777777778,-0.415
6.980555555555555,-0.42
6.983333333333333,-0.405
6.986111111111111,-0.41
6.988888888888889,-0.41
6.991666666666666,-0.38
6.9944444444444445,-0.365
6.997222222222222,-0.33
7.0,-0.325
7.002777777777778,-0.315
7.0055555555555555,-0.315
7.008333333333334,-0.315
7.011111111111111,-0.285
7.013888888888889,-0.26
7.016666666666667,-0.24
7.019444444444445,-0.23
7.022222222222222,-0.235
7.025,-0.235
7.027777777777778,-0.22
7.030555555555556,-0.205
7.033333333333333,-0.185
7.036111111111111,-0.2
7.038888888888889,-0.2
7.041666666666667,-0.18
7.044444444444444,-0.16
7.0472222222222225,-0.13
7.05,-0.115
7.052777777777778,-0.115
7.055555555555555,-0.135
7.058333333333334,-0.13
7.061111111111111,-0.125
7.063888888888889,-0.105
7.066666666666666,-0.105
7.069444444444445,-0.095
7.072222222222222,-0.08
7.075,-0.055
7.0777777777777775,-0.01
7.080555555555556,0.01
7.083333333333333,0.01
7.086111111111111,-0.02
7.088888888888889,-0.035
7.091666666666667,0.005
7.094444444444444,0.05
7.097222222222222,0.065
7.1,0.015
7.102777777777778,-0.065
7.105555555555555,-0.15
7.108333333333333,-0.18
7.111111111111111,-0.165
7.113888888888889,-0.145
7.116666666666666,-0.115
7.1194444444444445,-0.105
7.122222222222222,-0.095
7.125,-0.075
7.127777777777778,-0.065
7.1305555555555555,-0.065
7.133333333333334,-0.08
7.136111111111111,-0.08
7.138888888888889,-0.07
7.141666666666667,-0.07
7.144444444444445,-0.06
7.147222222222222,-0.06
7.15,-0.06
7.152777777777778,-0.075
7.155555555555556,-0.105
7.158333333333333,-0.115
7.161111111111111,-0.115
7.163888888888889,-0.115
7.166666666666667,-0.11
7.169444444444444,-0.11
7.1722222222222225,-0.135
7.175,-0.155
7.177777777777778,-0.175
7.180555555555555,-0.2
7.183333333333334,-0.22
7.186111111111111,-0.245
7.188888888888889,-0.26
7.191666666666666,-0.255
7.194444444444445,-0.26
7.197222222222222,-0.28
7.2,-0.32
7.2027777777777775,-0.35
7.205555555555556,-0.365
7.208333333333333,-0.34
7.211111111111111,-0.265
7.213888888888889,-0.205
7.216666666666667,-0.185
7.219444444444444,-0.225
7.222222222222222,-0.3
7.225,-0.36
7.227777777777778,-0.405
7.230555555555555,-0.435
7.233333333333333,-0.455
7.236111111111111,-0.475
7.238888888888889,-0.475
7.241666666666666,-0.455
7.2444444444444445,-0.445
7.247222222222222,-0.425
7.25,-0.4
7.252777777777778,-0.395
7.2555555555555555,-0.4
7.258333333333334,-0.425
7.261111111111111,-0.43
7.263888888888889,-0.415
7.266666666666667,-0.39
7.269444444444445,-0.385
7.272222222222222,-0.41
7.275,-0.425
7.277777777777778,-0.425
7.280555555555556,-0.4
7.283333333333333,-0.375
7.286111111111111,-0.355
7.288888888888889,-0.355
7.291666666666667,-0.345
7.294444444444444,-0.33
7.2972222222222225,-0.295
7.3,-0.275
7.302777777777778,-0.26
7.305555555555555,-0.285
7.308333333333334,-0.285
7.311111111111111,-0.3
7.313888888888889,-0.33
7.316666666666666,-0.35
7.319444444444445,-0.35
7.322222222222222,-0.325
7.325,-0.315
7.3277777777777775,-0.33
7.330555555555556,-0.355
7.333333333333333,-0.355
7.336111111111111,-0.325
7.338888888888889,-0.235
7.341666666666667,-0.145
7.344444444444444,-0.07
7.347222222222222,-0.04
7.35,0.005
7.352777777777778,0.065
7.355555555555555,0.14
7.358333333333333,0.23
7.361111111111111,0.33
7.363888888888889,0.405
7.366666666666666,0.435
7.3694444444444445,0.46
7.372222222222222,0.52
7.375,0.625
7.377777777777778,0.695
7.3805555555555555,0.7
7.383333333333334,0.65
7.386111111111111,0.595
7.388888888888889,0.575
7.391666666666667,0.595
7.394444444444445,0.6
7.397222222222222,0.55
7.4,0.475
7.402777777777778,0.405
7.405555555555556,0.33
7.408333333333333,0.265
7.411111111111111,0.195
7.413888888888889,0.1
7.416666666666667,-0.045
7.419444444444444,-0.215
7.4222222222222225,-0.405
7.425,-0.56
7.427777777777778,-0.69
7.430555555555555,-0.75
7.433333333333334,-0.8
7.436111111111111,-0.85
7.438888888888889,-0.92
7.441666666666666,-0.945
7.444444444444445,-0.955
7.447222222222222,-0.945
7.45,-0.915
7.4527777777777775,-0.93
7.455555555555556,-0.92
7.458333333333333,-0.865
7.461111111111111,-0.81
7.463888888888889,-0.77
7.466666666666667,-0.74
7.469444444444444,-0.715
7.472222222222222,-0.68
7.475,-0.665
7.477777777777778,-0.62
7.480555555555555,-0.6
7.483333333333333,-0.59
7.486111111111111,-0.585
7.488888888888889,-0.56
7.491666666666666,-0.505
7.4944444444444445,-0.48
7.497222222222222,-0.475
7.5,-0.48
7.502777777777778,-0.49
7.5055555555555555,-0.455
7.508333333333334,-0.425
7.511111111111111,-0.415
7.513888888888889,-0.39
7.516666666666667,-0.355
7.519444444444445,-0.36
7.522222222222222,-0.425
7.525,-0.485
7.527777777777778,-0.525
7.530555555555556,-0.505
7.533333333333333,-0.53
7.536111111111111,-0.56
7.538888888888889,-0.62
7.541666666666667,-0.635
7.544444444444444,-0.63
7.5472222222222225,-0.615
7.55,-0.615
7.552777777777778,-0.605
7.555555555555555,-0.605
7.558333333333334,-0.605
7.561111111111111,-0.61
7.563888888888889,-0.595
7.566666666666666,-0.59
7.569444444444445,-0.595
7.572222222222222,-0.59
7.575,-0.575
7.5777777777777775,-0.565
7.580555555555556,-0.565
7.583333333333333,-0.525
7.586111111111111,-0.515
7.588888888888889,-0.505
7.591666666666667,-0.5
7.594444444444444,-0.495
7.597222222222222,-0.475
7.6,-0.45
7.602777777777778,-0.44
7.605555555555555,-0.42
7.608333333333333,-0.4
7.611111111111111,-0.335
7.613888888888889,-0.28
7.616666666666666,-0.25
7.6194444444444445,-0.27
7.622222222222222,-0.33
7.625,-0.41
7.627777777777778,-0.445
7.6305555555555555,-0.42
7.633333333333334,-0.355
7.636111111111111,-0.285
7.638888888888889,-0.235
7.641666666666667,-0.2
7.644444444444445,-0.205
7.647222222222222,-0.185
7.65,-0.15
7.652777777777778,-0.145
7.655555555555556,-0.175
7.658333333333333,-0.205
7.661111111111111,-0.185
7.663888888888889,-0.155
7.666666666666667,-0.115
7.669444444444444,-0.115
7.6722222222222225,-0.125
7.675,-0.12
7.677777777777778,-0.15
7.680555555555555,-0.165
7.683333333333334,-0.18
7.686111111111111,-0.195
7.688888888888889,-0.225
7.691666666666666,-0.2
7.694444444444445,-0.155
7.697222222222222,-0.055
7.7,0.05
7.7027777777777775,0.075
7.705555555555556,0.07
7.708333333333333,0.015
7.711111111111111,-0.05
7.713888888888889,-0.08
7.716666666666667,-0.08
7.719444444444444,-0.06
7.722222222222222,-0.03
7.725,0.015
7.727777777777778,0.055
7.730555555555555,0.08
7.733333333333333,0.095
7.736111111111111,0.11
7.738888888888889,0.145
7.741666666666666,0.105
7.7444444444444445,-0.025
7.747222222222222,-0.135
7.75,-0.175
7.752777777777778,-0.145
7.7555555555555555,-0.11
7.758333333333334,-0.12
7.761111111111111,-0.17
7.763888888888889,-0.195
7.766666666666667,-0.15
7.769444444444445,-0.105
7.772222222222222,-0.06
7.775,-0.03
7.777777777777778,-0.055
7.780555555555556,-0.065
7.783333333333333,-0.08
7.786111111111111,-0.105
7.788888888888889,-0.155
7.791666666666667,-0.215
7.794444444444444,-0.28
7.7972222222222225,-0.295
7.8,-0.29
7.802777777777778,-0.285
7.805555555555555,-0.305
7.808333333333334,-0.31
7.811111111111111,-0.32
7.813888888888889,-0.31
7.816666666666666,-0.3
7.819444444444445,-0.28
7.822222222222222,-0.31
7.825,-0.32
7.8277777777777775,-0.3
7.830555555555556,-0.255
7.833333333333333,-0.235
7.836111111111111,-0.285
7.838888888888889,-0.365
7.841666666666667,-0.4
7.844444444444444,-0.405
7.847222222222222,-0.355
7.85,-0.37
7.852777777777778,-0.405
7.855555555555555,-0.44
7.858333333333333,-0.425
7.861111111111111,-0.4
7.863888888888889,-0.37
7.866666666666666,-0.35
7.8694444444444445,-0.35
7.872222222222222,-0.355
7.875,-0.35
7.877777777777778,-0.34
7.8805555555555555,-0.35
7.883333333333334,-0.35
7.886111111111111,-0.37
7.888888888888889,-0.35
7.891666666666667,-0.34
7.894444444444445,-0.335
7.897222222222222,-0.335
7.9,-0.33
7.902777777777778,-0.32
7.905555555555556,-0.325
7.908333333333333,-0.32
7.911111111111111,-0.315
7.913888888888889,-0.285
7.916666666666667,-0.28
7.919444444444444,-0.29
7.9222222222222225,-0.28
7.925,-0.265
7.927777777777778,-0.24
7.930555555555555,-0.23
7.933333333333334,-0.27
7.936111111111111,-0.3
7.938888888888889,-0.345
7.941666666666666,-0.365
7.944444444444445,-0.36
7.947222222222222,-0.345
7.95,-0.34
7.9527777777777775,-0.335
7.955555555555556,-0.31
7.958333333333333,-0.235
7.961111111111111,-0.11
7.963888888888889,-0.005
7.966666666666667,0.085
7.969444444444444,0.165
7.972222222222222,0.205
7.975,0.2
7.977777777777778,0.2
7.980555555555555,0.25
7.983333333333333,0.345
7.986111111111111,0.445
7.988888888888889,0.54
7.991666666666666,0.635
7.9944444444444445,0.725
7.997222222222222,0.795
8.0,0.805
8.002777777777778,0.79
8.005555555555556,0.755
8.008333333333333,0.745
8.011111111111111,0.725
8.01388888888889,0.68
8.016666666666667,0.57
8.019444444444444,0.485
8.022222222222222,0.425
8.025,0.36
8.027777777777779,0.29
8.030555555555555,0.2
8.033333333333333,0.065
8.036111111111111,-0.075
8.03888888888889,-0.215
8.041666666666666,-0.325
8.044444444444444,-0.43
8.047222222222222,-0.53
8.05,-0.615
8.052777777777777,-0.695
8.055555555555555,-0.745
8.058333333333334,-0.775
8.061111111111112,-0.785
8.063888888888888,-0.8
8.066666666666666,-0.8
8.069444444444445,-0.795
8.072222222222223,-0.795
8.075,-0.8
8.077777777777778,-0.81
8.080555555555556,-0.785
8.083333333333334,-0.765
8.08611111111111,-0.725
8.088888888888889,-0.695
8.091666666666667,-0.655
8.094444444444445,-0.625
8.097222222222221,-0.605
8.1,-0.59
8.102777777777778,-0.59
8.105555555555556,-0.59
8.108333333333333,-0.56
8.11111111111111,-0.535
8.113888888888889,-0.51
8.116666666666667,-0.475
8.119444444444444,-0.475
8.122222222222222,-0.46
8.125,-0.45
8.127777777777778,-0.435
8.130555555555556,-0.42
8.133333333333333,-0.42
8.136111111111111,-0.44
8.13888888888889,-0.435
8.141666666666667,-0.425
8.144444444444444,-0.42
8.147222222222222,-0.435
8.15,-0.425
8.152777777777779,-0.435
8.155555555555555,-0.44
8.158333333333333,-0.45
8.161111111111111,-0.435
8.16388888888889,-0.43
8.166666666666666,-0.44
8.169444444444444,-0.445
8.172222222222222,-0.46
8.175,-0.45
8.177777777777777,-0.44
8.180555555555555,-0.43
8.183333333333334,-0.425
8.186111111111112,-0.44
8.188888888888888,-0.45
8.191666666666666,-0.44
8.194444444444445,-0.425
8.197222222222223,-0.425
8.2,-0.415
8.202777777777778,-0.425
8.205555555555556,-0.44
8.208333333333334,-0.425
8.21111111111111,-0.42
8.213888888888889,-0.41
8.216666666666667,-0.405
8.219444444444445,-0.415
8.222222222222221,-0.41
8.225,-0.405
8.227777777777778,-0.385
8.230555555555556,-0.36
8.233333333333333,-0.355
8.23611111111111,-0.365
8.238888888888889,-0.365
8.241666666666667,-0.34
8.244444444444444,-0.32
8.247222222222222,-0.305
8.25,-0.305
8.252777777777778,-0.295
8.255555555555556,-0.29
8.258333333333333,-0.265
8.261111111111111,-0.235
8.26388888888889,-0.225
8.266666666666667,-0.22
8.269444444444444,-0.225
8.272222222222222,-0.24
8.275,-0.215
8.277777777777779,-0.19
8.280555555555555,-0.16
8.283333333333333,-0.14
8.286111111111111,-0.135
8.28888888888889,-0.135
8.291666666666666,-0.12
8.294444444444444,-0.095
8.297222222222222,-0.08
8.3,-0.075
8.302777777777777,-0.075
8.305555555555555,-0.075
8.308333333333334,-0.055
8.311111111111112,-0.03
8.313888888888888,-0.03
8.316666666666666,-0.03
8.319444444444445,-0.015
8.322222222222223,-0.015
8.325,-0.005
8.327777777777778,0.015
8.330555555555556,0.035
8.333333333333334,0.035
8.33611111111111,0.035
8.338888888888889,0.03
8.341666666666667,0.055
8.344444444444445,0.075
8.347222222222221,0.095
8.35,0.1
8.352777777777778,0.105
8.355555555555556,0.095
8.358333333333333,0.105
8.36111111111111,0.115
8.363888888888889,0.11
8.366666666666667,0.105
8.369444444444444,0.075
8.372222222222222,0.065
8.375,0.065
8.377777777777778,0.08
8.380555555555556,0.095
8.383333333333333,0.095
8.386111111111111,0.11
8.38888888888889,0.095
8.391666666666667,0.1
8.394444444444444,0.11
8.397222222222222,0.095
8.4,0.09
8.402777777777779,0.08
8.405555555555555,0.06
8.408333333333333,0.07
8.411111111111111,0.065
8.41388888888889,0.06
8.416666666666666,0.065
8.419444444444444,0.06
8.422222222222222,0.055
8.425,0.06
8.427777777777777,0.08
8.430555555555555,0.075
8.433333333333334,0.055
8.436111111111112,0.02
8.438888888888888,-0.015
8.441666666666666,-0.05
8.444444444444445,-0.065
8.447222222222223,-0.09
8.45,-0.11
8.452777777777778,-0.135
8.455555555555556,-0.175
8.458333333333334,-0.195
8.46111111111111,-0.21
8.463888888888889,-0.21
8.466666666666667,-0.21
8.469444444444445,-0.22
8.472222222222221,-0.245
8.475,-0.25
8.477777777777778,-0.235
8.480555555555556,-0.22
8.483333333333333,-0.23
8.48611111111111,-0.23
8.488888888888889,-0.24
8.491666666666667,-0.245
8.494444444444444,-0.235
8.497222222222222,-0.23
8.5,-0.235
8.502777777777778,-0.24
8.505555555555556,-0.255
8.508333333333333,-0.25
8.511111111111111,-0.23
8.51388888888889,-0.235
8.516666666666667,-0.24
8.519444444444444,-0.265
8.522222222222222,-0.255
8.525,-0.26
8.527777777777779,-0.25
8.530555555555555,-0.23
8.533333333333333,-0.235
8.536111111111111,-0.235
8.53888888888889,-0.24
8.541666666666666,-0.23
8.544444444444444,-0.225
8.547222222222222,-0.235
8.55,-0.24
8.552777777777777,-0.24
8.555555555555555,-0.24
8.558333333333334,-0.22
8.561111111111112,-0.215
8.563888888888888,-0.205
8.566666666666666,-0.21
8.569444444444445,-0.215
8.572222222222223,-0.22
8.575,-0.225
8.577777777777778,-0.21
8.580555555555556,-0.21
8.583333333333334,-0.21
8.58611111111111,-0.215
8.588888888888889,-0.235
8.591666666666667,-0.255
8.594444444444445,-0.26
8.597222222222221,-0.265
8.6,-0.265
8.602777777777778,-0.27
8.605555555555556,-0.25
8.608333333333333,-0.155
8.61111111111111,-0.04
8.613888888888889,0.05
8.616666666666667,0.15
8.619444444444444,0.215
8.622222222222222,0.275
8.625,0.32
8.627777777777778,0.39
8.630555555555556,0.49
8.633333333333333,0.595
8.636111111111111,0.69
8.63888888888889,0.78
8.641666666666667,0.86
8.644444444444444,0.935
8.647222222222222,0.97
8.65,0.98
8.652777777777779,0.95
8.655555555555555,0.94
8.658333333333333,0.915
8.661111111111111,0.88
8.66388888888889,0.8
8.666666666666666,0.685
8.669444444444444,0.585
8.672222222222222,0.495
8.675,0.41
8.677777777777777,0.315
8.680555555555555,0.2
8.683333333333334,0.07
8.686111111111112,-0.1
8.688888888888888,-0.265
8.691666666666666,-0.375
8.694444444444445,-0.48
8.697222222222223,-0.59
8.7,-0.68
8.702777777777778,-0.75
8.705555555555556,-0.79
8.708333333333334,-0.825
8.71111111111111,-0.83
8.713888888888889,-0.835
8.716666666666667,-0.835
8.719444444444445,-0.83
8.722222222222221,-0.845
8.725,-0.845
8.727777777777778,-0.82
8.730555555555556,-0.775
8.733333333333333,-0.755
8.73611111111111,-0.73
8.738888888888889,-0.7
8.741666666666667,-0.67
8.744444444444444,-0.65
8.747222222222222,-0.625
8.75,-0.61
8.752777777777778,-0.605
8.755555555555556,-0.59
8.758333333333333,-0.555
8.761111111111111,-0.515
8.76388888888889,-0.49
8.766666666666667,-0.49
8.769444444444444,-0.48
8.772222222222222,-0.49
8.775,-0.465
8.777777777777779,-0.455
8.780555555555555,-0.455
8.783333333333333,-0.445
8.786111111111111,-0.45
8.78888888888889,-0.46
8.791666666666666,-0.465
8.794444444444444,-0.46
8.797222222222222,-0.465
8.8,-0.455
8.802777777777777,-0.475
8.805555555555555,-0.475
8.808333333333334,-0.475
8.811111111111112,-0.46
8.813888888888888,-0.465
8.816666666666666,-0.46
8.819444444444445,-0.475
8.822222222222223,-0.485
8.825,-0.495
8.827777777777778,-0.485
8.830555555555556,-0.48
8.833333333333334,-0.48
8.83611111111111,-0.5
8.838888888888889,-0.51
8.841666666666667,-0.505
8.844444444444445,-0.49
8.847222222222221,-0.49
8.85,-0.495
8.852777777777778,-0.495
8.855555555555556,-0.5
8.858333333333333,-0.5
8.86111111111111,-0.485
8.863888888888889,-0.47
8.866666666666667,-0.475
8.869444444444444,-0.47
8.872222222222222,-0.475
8.875,-0.47
8.877777777777778,-0.45
8.880555555555556,-0.435
8.883333333333333,-0.435
8.886111111111111,-0.435
8.88888888888889,-0.43
8.891666666666667,-0.415
8.894444444444444,-0.41
8.897222222222222,-0.39
8.9,-0.39
8.902777777777779,-0.385
8.905555555555555,-0.385
8.908333333333333,-0.375
8.911111111111111,-0.365
8.91388888888889,-0.335
8.916666666666666,-0.315
8.919444444444444,-0.31
8.922222222222222,-0.315
8.925,-0.305
8.927777777777777,-0.285
8.930555555555555,-0.255
8.933333333333334,-0.245
8.936111111111112,-0.235
8.938888888888888,-0.24
8.941666666666666,-0.225
8.944444444444445,-0.215
8.947222222222223,-0.175
8.95,-0.16
8.952777777777778,-0.145
8.955555555555556,-0.155
8.958333333333334,-0.15
8.96111111111111,-0.135
8.963888888888889,-0.12
8.966666666666667,-0.12
8.969444444444445,-0.11
8.972222222222221,-0.11
8.975,-0.1
8.977777777777778,-0.08
8.980555555555556,-0.06
8.983333333333333,-0.05
8.98611111111111,-0.045
8.988888888888889,-0.055
8.991666666666667,-0.04
8.994444444444444,-0.04
8.997222222222222,-0.01
9.0,0.015
9.002777777777778,0.02
9.005555555555556,0.015
9.008333333333333,0.0
9.011111111111111,0.01
9.01388888888889,0.025
9.016666666666667,0.025
9.019444444444444,0.02
9.022222222222222,0.015
9.025,0.015
9.027777777777779,0.025
9.030555555555555,0.015
9.033333333333333,-0.005
9.036111111111111,-0.025
9.03888888888889,-0.035
9.041666666666666,-0.025
9.044444444444444,0.0
9.047222222222222,0.025
9.05,0.03
9.052777777777777,0.015
9.055555555555555,-0.005
9.058333333333334,-0.015
9.061111111111112,-0.005
9.063888888888888,-0.005
9.066666666666666,-0.005
9.069444444444445,-0.03
9.072222222222223,-0.035
9.075,-0.035
9.077777777777778,-0.035
9.080555555555556,-0.03
9.083333333333334,-0.035
9.08611111111111,-0.06
9.088888888888889,-0.065
9.091666666666667,-0.05
9.094444444444445,-0.04
9.097222222222221,-0.045
9.1,-0.06
9.102777777777778,-0.095
9.105555555555556,-0.135
9.108333333333333,-0.16
9.11111111111111,-0.18
9.113888888888889,-0.2
9.116666666666667,-0.225
9.119444444444444,-0.265
9.122222222222222,-0.29
9.125,-0.32
9.127777777777778,-0.325
9.130555555555556,-0.335
9.133333333333333,-0.345
9.136111111111111,-0.36
9.13888888888889,-0.385
9.141666666666667,-0.37
9.144444444444444,-0.36
9.147222222222222,-0.335
9.15,-0.345
9.152777777777779,-0.345
9.155555555555555,-0.36
9.158333333333333,-0.365
9.161111111111111,-0.35
9.16388888888889,-0.335
9.166666666666666,-0.34
9.169444444444444,-0.355
9.172222222222222,-0.365
9.175,-0.36
9.177777777777777,-0.345
9.180555555555555,-0.335
9.183333333333334,-0.345
9.186111111111112,-0.36
9.188888888888888,-0.365
9.191666666666666,-0.36
9.194444444444445,-0.35
9.197222222222223,-0.335
9.2,-0.345
9.202777777777778,-0.35
9.205555555555556,-0.375
9.208333333333334,-0.35
9.21111111111111,-0.34
9.213888888888889,-0.32
9.216666666666667,-0.325
9.219444444444445,-0.335
9.222222222222221,-0.345
9.225,-0.345
9.227777777777778,-0.34
9.230555555555556,-0.33
9.233333333333333,-0.305
9.23611111111111,-0.315
9.238888888888889,-0.33
9.241666666666667,-0.33
9.244444444444444,-0.31
9.247222222222222,-0.315
9.25,-0.31
9.252777777777778,-0.325
9.255555555555556,-0.355
9.258333333333333,-0.35
9.261111111111111,-0.305
9.26388888888889,-0.22
9.266666666666667,-0.11
9.269444444444444,0.02
9.272222222222222,0.12
9.275,0.2
9.277777777777779,0.285
9.280555555555555,0.345
9.283333333333333,0.395
9.286111111111111,0.43
9.28888888888889,0.495
9.291666666666666,0.565
9.294444444444444,0.655
9.297222222222222,0.74
9.3,0.805
9.302777777777777,0.82
9.305555555555555,0.795
9.308333333333334,0.755
9.311111111111112,0.73
9.313888888888888,0.7
9.316666666666666,0.65
9.319444444444445,0.56
9.322222222222223,0.445
9.325,0.365
9.327777777777778,0.295
9.330555555555556,0.21
9.333333333333334,0.11
9.33611111111111,0.005
9.338888888888889,-0.15
9.341666666666667,-0.305
9.344444444444445,-0.45
9.347222222222221,-0.555
9.35,-0.66
9.352777777777778,-0.77
9.355555555555556,-0.87
9.358333333333333,-0.925
9.36111111111111,-0.95
9.363888888888889,-0.97
9.366666666666667,-0.96
9.369444444444444,-0.975
9.372222222222222,-0.975
9.375,-0.95
9.377777777777778,-0.94
9.380555555555556,-0.915
9.383333333333333,-0.895
9.386111111111111,-0.86
9.38888888888889,-0.84
9.391666666666667,-0.82
9.394444444444444,-0.775
9.397222222222222,-0.75
9.4,-0.72
9.402777777777779,-0.725
9.405555555555555,-0.705
9.408333333333333,-0.685
9.411111111111111,-0.64
9.41388888888889,-0.61
9.416666666666666,-0.61
9.419444444444444,-0.6
9.422222222222222,-0.61
9.425,-0.575
9.427777777777777,-0.545
9.430555555555555,-0.53
9.433333333333334,-0.53
9.436111111111112,-0.545
9.438888888888888,-0.555
9.441666666666666,-0.56
9.444444444444445,-0.555
9.447222222222223,-0.55
9.45,-0.545
9.452777777777778,-0.56
9.455555555555556,-0.565
9.458333333333334,-0.565
9.46111111111111,-0.565
9.463888888888889,-0.54
9.466666666666667,-0.56
9.469444444444445,-0.565
9.472222222222221,-0.58
9.475,-0.565
9.477777777777778,-0.555
9.480555555555556,-0.54
9.483333333333333,-0.55
9.48611111111111,-0.56
9.488888888888889,-0.56
9.491666666666667,-0.545
9.494444444444444,-0.54
9.497222222222222,-0.525
9.5,-0.535
9.502777777777778,-0.535
9.505555555555556,-0.545
9.508333333333333,-0.535
9.511111111111111,-0.525
9.51388888888889,-0.51
9.516666666666667,-0.505
9.519444444444444,-0.5
9.522222222222222,-0.5
9.525,-0.475
9.527777777777779,-0.46
9.530555555555555,-0.435
9.533333333333333,-0.435
9.536111111111111,-0.445
9.53888888888889,-0.445
9.541666666666666,-0.42
9.544444444444444,-0.41
9.547222222222222,-0.395
9.55,-0.385
9.552777777777777,-0.4
9.555555555555555,-0.38
9.558333333333334,-0.37
9.561111111111112,-0.36
9.563888888888888,-0.34
9.566666666666666,-0.32
9.569444444444445,-0.325
9.572222222222223,-0.33
9.575,-0.315
9.577777777777778,-0.285
9.580555555555556,-0.265
9.583333333333334,-0.255
9.58611111111111,-0.23
9.588888888888889,-0.225
9.591666666666667,-0.21
9.594444444444445,-0.205
9.597222222222221,-0.175
9.6,-0.175
9.602777777777778,-0.16
9.605555555555556,-0.175
9.608333333333333,-0.17
9.61111111111111,-0.16
9.613888888888889,-0.135
9.616666666666667,-0.14
9.619444444444444,-0.135
9.622222222222222,-0.135
9.625,-0.12
9.627777777777778,-0.11
9.630555555555556,-0.1
9.633333333333333,-0.085
9.636111111111111,-0.085
9.63888888888889,-0.09
9.641666666666667,-0.065
9.644444444444444,-0.05
9.647222222222222,-0.04
9.65,-0.05
9.652777777777779,-0.045
9.655555555555555,-0.05
9.658333333333333,-0.04
9.661111111111111,-0.02
9.66388888888889,-0.015
9.666666666666666,-0.035
9.669444444444444,-0.055
9.672222222222222,-0.075
9.675,-0.085
9.677777777777777,-0.05
9.680555555555555,-0.04
9.683333333333334,-0.04
9.686111111111112,-0.05
9.688888888888888,-0.055
9.691666666666666,-0.075
9.694444444444445,-0.075
9.697222222222223,-0.065
9.7,-0.065
9.702777777777778,-0.075
9.705555555555556,-0.08
9.708333333333334,-0.085
9.71111111111111,-0.075
9.713888888888889,-0.065
9.716666666666667,-0.07
9.719444444444445,-0.075
9.722222222222221,-0.095
9.725,-0.105
9.727777777777778,-0.09
9.730555555555556,-0.08
9.733333333333333,-0.08
9.73611111111111,-0.09
9.738888888888889,-0.11
9.741666666666667,-0.13
9.744444444444444,-0.135
9.747222222222222,-0.17
9.75,-0.185
9.752777777777778,-0.225
9.755555555555556,-0.265
9.758333333333333,-0.29
9.761111111111111,-0.305
9.76388888888889,-0.325
9.766666666666667,-0.34
9.769444444444444,-0.365
9.772222222222222,-0.36
9.775,-0.355
9.777777777777779,-0.35
9.780555555555555,-0.355
9.783333333333333,-0.36
9.786111111111111,-0.365
9.78888888888889,-0.375
9.791666666666666,-0.365
9.794444444444444,-0.365
9.797222222222222,-0.35
9.8,-0.36
9.802777777777777,-0.38
9.805555555555555,-0.37
9.808333333333334,-0.37
9.811111111111112,-0.35
9.813888888888888,-0.355
9.816666666666666,-0.375
9.819444444444445,-0.38
9.822222222222223,-0.395
9.825,-0.38
9.827777777777778,-0.365
9.830555555555556,-0.355
9.833333333333334,-0.335
9.83611111111111,-0.355
9.838888888888889,-0.365
9.841666666666667,-0.365
9.844444444444445,-0.37
9.847222222222221,-0.355
9.85,-0.36
9.852777777777778,-0.36
9.855555555555556,-0.37
9.858333333333333,-0.36
9.86111111111111,-0.365
9.863888888888889,-0.35
9.866666666666667,-0.35
9.869444444444444,-0.345
9.872222222222222,-0.37
9.875,-0.365
9.877777777777778,-0.355
9.880555555555556,-0.35
9.883333333333333,-0.345
9.886111111111111,-0.34
9.88888888888889,-0.33
9.891666666666667,-0.325
9.894444444444444,-0.32
9.897222222222222,-0.335
9.9,-0.36
9.902777777777779,-0.38
9.905555555555555,-0.39
9.908333333333333,-0.365
9.911111111111111,-0.32
9.91388888888889,-0.205
9.916666666666666,-0.08
9.919444444444444,0.025
9.922222222222222,0.085
9.925,0.145
9.927777777777777,0.17
9.930555555555555,0.195
9.933333333333334,0.24
9.936111111111112,0.295
9.938888888888888,0.355
9.941666666666666,0.43
9.944444444444445,0.51
9.947222222222223,0.585
9.95,0.595
9.952777777777778,0.59
9.955555555555556,0.55
9.958333333333334,0.545
9.96111111111111,0.54
9.963888888888889,0.53
9.966666666666667,0.505
9.969444444444445,0.435
9.972222222222221,0.36
9.975,0.3
9.977777777777778,0.235
9.980555555555556,0.175
9.983333333333333,0.11
9.98611111111111,0.0
9.988888888888889,-0.125
9.991666666666667,-0.245
9.994444444444444,-0.355
9.997222222222222,-0.465
10.0,-0.595
10.002777777777778,-0.7
10.005555555555556,-0.79
10.008333333333333,-0.84
10.011111111111111,-0.855
10.01388888888889,-0.865
10.016666666666667,-0.87
10.019444444444444,-0.885
10.022222222222222,-0.89
10.025,-0.89
10.027777777777779,-0.875
10.030555555555555,-0.855
10.033333333333333,-0.84
10.036111111111111,-0.825
10.03888888888889,-0.79
10.041666666666666,-0.755
10.044444444444444,-0.725
10.047222222222222,-0.705
10.05,-0.69
10.052777777777777,-0.685
10.055555555555555,-0.67
10.058333333333334,-0.635
10.061111111111112,-0.6
10.063888888888888,-0.585
10.066666666666666,-0.575
10.069444444444445,-0.565
10.072222222222223,-0.57
10.075,-0.56
10.077777777777778,-0.54
10.080555555555556,-0.525
10.083333333333334,-0.53
10.08611111111111,-0.54
10.088888888888889,-0.54
10.091666666666667,-0.545
10.094444444444445,-0.54
10.097222222222221,-0.53
10.1,-0.54
10.102777777777778,-0.545
10.105555555555556,-0.56
10.108333333333333,-0.57
10.11111111111111,-0.55
10.113888888888889,-0.53
10.116666666666667,-0.525
10.119444444444444,-0.535
10.122222222222222,-0.55
10.125,-0.56
10.127777777777778,-0.54
10.130555555555556,-0.535
10.133333333333333,-0.535
10.136111111111111,-0.535
10.13888888888889,-0.535
10.141666666666667,-0.54
10.144444444444444,-0.545
10.147222222222222,-0.555
10.15,-0.55
10.152777777777779,-0.545
10.155555555555555,-0.545
10.158333333333333,-0.535
10.161111111111111,-0.525
10.16388888888889,-0.51
10.166666666666666,-0.505
10.169444444444444,-0.485
10.172222222222222,-0.5
10.175,-0.485
10.177777777777777,-0.46
10.180555555555555,-0.435
10.183333333333334,-0.44
10.186111111111112,-0.44
10.188888888888888,-0.435
10.191666666666666,-0.415
10.194444444444445,-0.4
10.197222222222223,-0.395
10.2,-0.38
10.202777777777778,-0.39
10.205555555555556,-0.37
10.208333333333334,-0.35
10.21111111111111,-0.33
10.213888888888889,-0.315
10.216666666666667,-0.31
10.219444444444445,-0.3
10.222222222222221,-0.305
10.225,-0.29
10.227777777777778,-0.275
10.230555555555556,-0.25
10.233333333333333,-0.23
10.23611111111111,-0.23
10.238888888888889,-0.245
10.241666666666667,-0.23
10.244444444444444,-0.21
10.247222222222222,-0.185
10.25,-0.165
10.252777777777778,-0.165
10.255555555555556,-0.175
10.258333333333333,-0.165
10.261111111111111,-0.16
10.26388888888889,-0.135
10.266666666666667,-0.14
10.269444444444444,-0.155
10.272222222222222,-0.17
10.275,-0.155
10.277777777777779,-0.14
10.280555555555555,-0.12
10.283333333333333,-0.105
10.286111111111111,-0.1
10.28888888888889,-0.09
10.291666666666666,-0.08
10.294444444444444,-0.065
10.297222222222222,-0.055
10.3,-0.06
10.302777777777777,-0.06
10.305555555555555,-0.055
10.308333333333334,-0.05
10.311111111111112,-0.055
10.313888888888888,-0.065
10.316666666666666,-0.095
10.319444444444445,-0.1
10.322222222222223,-0.1
10.325,-0.085
10.327777777777778,-0.07
10.330555555555556,-0.06
10.333333333333334,-0.06
10.33611111111111,-0.06
10.338888888888889,-0.055
10.341666666666667,-0.05
10.344444444444445,-0.045
10.347222222222221,-0.035
10.35,-0.03
10.352777777777778,-0.055
10.355555555555556,-0.075
10.358333333333333,-0.095
10.36111111111111,-0.12
10.363888888888889,-0.125
10.366666666666667,-0.13
10.369444444444444,-0.14
10.372222222222222,-0.14
10.375,-0.135
10.377777777777778,-0.135
10.380555555555556,-0.16
10.383333333333333,-0.18
10.386111111111111,-0.215
10.38888888888889,-0.215
10.391666666666667,-0.215
10.394444444444444,-0.215
10.397222222222222,-0.245
10.4,-0.31
10.402777777777779,-0.385
10.405555555555555,-0.405
10.408333333333333,-0.38
10.411111111111111,-0.345
10.41388888888889,-0.33
10.416666666666666,-0.34
10.419444444444444,-0.395
10.422222222222222,-0.44
10.425,-0.435
10.427777777777777,-0.425
10.430555555555555,-0.405
10.433333333333334,-0.395
10.436111111111112,-0.4
10.438888888888888,-0.41
10.441666666666666,-0.395
10.444444444444445,-0.39
10.447222222222223,-0.395
10.45,-0.39
10.452777777777778,-0.395
10.455555555555556,-0.4
10.458333333333334,-0.385
10.46111111111111,-0.39
10.463888888888889,-0.37
10.466666666666667,-0.38
10.469444444444445,-0.385
10.472222222222221,-0.39
10.475,-0.385
10.477777777777778,-0.37
10.480555555555556,-0.355
10.483333333333333,-0.365
10.48611111111111,-0.38
10.488888888888889,-0.38
10.491666666666667,-0.385
10.494444444444444,-0.37
10.497222222222222,-0.355
10.5,-0.37
10.502777777777778,-0.375
10.505555555555556,-0.365
10.508333333333333,-0.355
10.511111111111111,-0.35
10.51388888888889,-0.345
10.516666666666667,-0.34
10.519444444444444,-0.34
10.522222222222222,-0.355
10.525,-0.37
10.527777777777779,-0.36
10.530555555555555,-0.385
10.533333333333333,-0.39
10.536111111111111,-0.405
10.53888888888889,-0.41
10.541666666666666,-0.37
10.544444444444444,-0.29
10.547222222222222,-0.17
10.55,-0.065
10.552777777777777,0.015
10.555555555555555,0.055
10.558333333333334,0.08
10.561111111111112,0.115
10.563888888888888,0.195
10.566666666666666,0.275
10.569444444444445,0.365
10.572222222222223,0.435
10.575,0.505
10.577777777777778,0.57
10.580555555555556,0.61
10.583333333333334,0.625
10.58611111111111,0.61
10.588888888888889,0.6
10.591666666666667,0.6
10.594444444444445,0.565
10.597222222222221,0.515
10.6,0.425
10.602777777777778,0.34
10.605555555555556,0.275
10.608333333333333,0.23
10.61111111111111,0.17
10.613888888888889,0.065
10.616666666666667,-0.05
10.619444444444444,-0.195
10.622222222222222,-0.33
10.625,-0.465
10.627777777777778,-0.58
10.630555555555556,-0.665
10.633333333333333,-0.725
10.636111111111111,-0.785
10.63888888888889,-0.825
10.641666666666667,-0.85
10.644444444444444,-0.855
10.647222222222222,-0.86
10.65,-0.84
10.652777777777779,-0.85
10.655555555555555,-0.87
10.658333333333333,-0.87
10.661111111111111,-0.845
10.66388888888889,-0.81
10.666666666666666,-0.775
10.669444444444444,-0.755
10.672222222222222,-0.76
10.675,-0.715
10.677777777777777,-0.695
10.680555555555555,-0.68
10.683333333333334,-0.65
10.686111111111112,-0.64
10.688888888888888,-0.615
10.691666666666666,-0.595
10.694444444444445,-0.57
10.697222222222223,-0.545
10.7,-0.54
10.702777777777778,-0.53
10.705555555555556,-0.55
10.708333333333334,-0.54
10.71111111111111,-0.52
10.713888888888889,-0.51
10.716666666666667,-0.5
10.719444444444445,-0.515
10.722222222222221,-0.53
10.725,-0.52
10.727777777777778,-0.51
10.730555555555556,-0.505
10.733333333333333,-0.525
10.73611111111111,-0.535
10.738888888888889,-0.55
10.741666666666667,-0.55
10.744444444444444,-0.545
10.747222222222222,-0.535
10.75,-0.525
10.752777777777778,-0.535
10.755555555555556,-0.545
10.758333333333333,-0.545
10.761111111111111,-0.53
10.76388888888889,-0.53
10.766666666666667,-0.54
10.769444444444444,-0.535
10.772222222222222,-0.55
10.775,-0.545
10.777777777777779,-0.535
10.780555555555555,-0.525
10.783333333333333,-0.525
10.786111111111111,-0.53
10.78888888888889,-0.525
10.791666666666666,-0.52
10.794444444444444,-0.51
10.797222222222222,-0.485
10.8,-0.485
10.802777777777777,-0.495
10.805555555555555,-0.5
10.808333333333334,-0.475
10.811111111111112,-0.46
10.813888888888888,-0.435
10.816666666666666,-0.435
10.819444444444445,-0.425
10.822222222222223,-0.41
10.825,-0.39
10.827777777777778,-0.365
10.830555555555556,-0.36
10.833333333333334,-0.35
10.83611111111111,-0.335
10.838888888888889,-0.345
10.841666666666667,-0.345
10.844444444444445,-0.33
10.847222222222221,-0.325
10.85,-0.32
10.852777777777778,-0.315
10.855555555555556,-0.32
10.858333333333333,-0.305
10.86111111111111,-0.3
10.863888888888889,-0.285
10.866666666666667,-0.24
10.869444444444444,-0.2
10.872222222222222,-0.17
10.875,-0.165
10.877777777777778,-0.17
10.880555555555556,-0.19
10.883333333333333,-0.215
10.886111111111111,-0.245
10.88888888888889,-0.235
10.891666666666667,-0.215
10.894444444444444,-0.18
10.897222222222222,-0.165
10.9,-0.145
10.902777777777779,-0.135
10.905555555555555,-0.14
10.908333333333333,-0.11
10.911111111111111,-0.085
10.91388888888889,-0.055
10.916666666666666,-0.045
10.919444444444444,-0.045
10.922222222222222,-0.05
10.925,-0.04
10.927777777777777,-0.03
10.930555555555555,-0.01
10.933333333333334,-0.015
10.936111111111112,-0.01
10.938888888888888,-0.03
10.941666666666666,-0.04
10.944444444444445,-0.035
10.947222222222223,-0.045
10.95,-0.055
10.952777777777778,-0.055
10.955555555555556,-0.06
10.958333333333334,-0.04
10.96111111111111,-0.025
10.963888888888889,-0.015
10.966666666666667,-0.01
10.969444444444445,-0.025
10.972222222222221,-0.04
10.975,-0.035
10.977777777777778,-0.035
10.980555555555556,-0.025
10.983333333333333,-0.05
10.98611111111111,-0.07
10.988888888888889,-0.075
10.991666666666667,-0.075
10.994444444444444,-0.06
10.997222222222222,-0.06
11.0,-0.055
11.002777777777778,-0.07
11.005555555555556,-0.07
11.008333333333333,-0.07
11.011111111111111,-0.085
11.01388888888889,-0.105
11.016666666666667,-0.155
11.019444444444444,-0.185
11.022222222222222,-0.22
11.025,-0.245
11.027777777777779,-0.275
11.030555555555555,-0.29
11.033333333333333,-0.31
11.036111111111111,-0.325
11.03888888888889,-0.36
11.041666666666666,-0.35
11.044444444444444,-0.355
11.047222222222222,-0.355
11.05,-0.36
11.052777777777777,-0.36
11.055555555555555,-0.375
11.058333333333334,-0.395
11.061111111111112,-0.37
11.063888888888888,-0.375
11.066666666666666,-0.37
11.069444444444445,-0.38
11.072222222222223,-0.4
11.075,-0.39
11.077777777777778,-0.38
11.080555555555556,-0.37
11.083333333333334,-0.375
11.08611111111111,-0.4
11.088888888888889,-0.4
11.091666666666667,-0.385
11.094444444444445,-0.38
11.097222222222221,-0.365
11.1,-0.365
11.102777777777778,-0.39
11.105555555555556,-0.385
11.108333333333333,-0.375
11.11111111111111,-0.365
11.113888888888889,-0.35
11.116666666666667,-0.36
11.119444444444444,-0.37
11.122222222222222,-0.375
11.125,-0.365
11.127777777777778,-0.365
11.130555555555556,-0.36
11.133333333333333,-0.35
11.136111111111111,-0.355
11.13888888888889,-0.36
11.141666666666667,-0.355
11.144444444444444,-0.345
11.147222222222222,-0.335
11.15,-0.335
11.152777777777779,-0.35
11.155555555555555,-0.36
11.158333333333333,-0.37
11.161111111111111,-0.36
11.16388888888889,-0.375
11.166666666666666,-0.405
11.169444444444444,-0.425
11.172222222222222,-0.425
11.175,-0.38
11.177777777777777,-0.3
11.180555555555555,-0.2
11.183333333333334,-0.09
11.186111111111112,0.005
11.188888888888888,0.075
11.191666666666666,0.125
11.194444444444445,0.165
11.197222222222223,0.245
11.2,0.345
11.202777777777778,0.455
11.205555555555556,0.535
11.208333333333334,0.64
11.21111111111111,0.725
11.213888888888889,0.785
11.216666666666667,0.82
11.219444444444445,0.82
11.222222222222221,0.795
11.225,0.775
11.227777777777778,0.755
11.230555555555556,0.7
11.233333333333333,0.6
11.23611111111111,0.5
11.238888888888889,0.41
11.241666666666667,0.33
11.244444444444444,0.27
11.247222222222222,0.17
11.25,0.05
11.252777777777778,-0.105
11.255555555555556,-0.265
11.258333333333333,-0.385
11.261111111111111,-0.5
11.26388888888889,-0.62
11.266666666666667,-0.745
11.269444444444444,-0.81
11.272222222222222,-0.86
11.275,-0.895
11.277777777777779,-0.905
11.280555555555555,-0.9
11.283333333333333,-0.9
11.286111111111111,-0.915
11.28888888888889,-0.93
11.291666666666666,-0.915
11.294444444444444,-0.895
11.297222222222222,-0.855
11.3,-0.82
11.302777777777777,-0.785
11.305555555555555,-0.775
11.308333333333334,-0.745
11.311111111111112,-0.715
11.313888888888888,-0.71
11.316666666666666,-0.68
11.319444444444445,-0.67
11.322222222222223,-0.67
11.325,-0.635
11.327777777777778,-0.61
11.330555555555556,-0.58
11.333333333333334,-0.565
11.33611111111111,-0.575
11.338888888888889,-0.57
11.341666666666667,-0.555
11.344444444444445,-0.545
11.347222222222221,-0.545
11.35,-0.53
11.352777777777778,-0.545
11.355555555555556,-0.56
11.358333333333333,-0.55
11.36111111111111,-0.535
11.363888888888889,-0.535
11.366666666666667,-0.545
11.369444444444444,-0.55
11.372222222222222,-0.555
11.375,-0.56
11.377777777777778,-0.555
11.380555555555556,-0.555
11.383333333333333,-0.56
11.386111111111111,-0.57
11.38888888888889,-0.58
11.391666666666667,-0.565
11.394444444444444,-0.55
11.397222222222222,-0.55
11.4,-0.55
11.402777777777779,-0.56
11.405555555555555,-0.575
11.408333333333333,-0.565
11.411111111111111,-0.56
11.41388888888889,-0.555
11.416666666666666,-0.54
11.419444444444444,-0.55
11.422222222222222,-0.55
11.425,-0.56
11.427777777777777,-0.545
11.430555555555555,-0.53
11.433333333333334,-0.515
11.436111111111112,-0.515
11.438888888888888,-0.525
11.441666666666666,-0.505
11.444444444444445,-0.49
11.447222222222223,-0.485
11.45,-0.47
11.452777777777778,-0.46
11.455555555555556,-0.465
11.458333333333334,-0.45
11.46111111111111,-0.43
11.463888888888889,-0.41
11.466666666666667,-0.395
11.469444444444445,-0.395
11.472222222222221,-0.39
11.475,-0.385
11.477777777777778,-0.365
11.480555555555556,-0.32
11.483333333333333,-0.32
11.48611111111111,-0.31
11.488888888888889,-0.32
11.491666666666667,-0.295
11.494444444444444,-0.275
11.497222222222222,-0.265
11.5,-0.265
11.502777777777778,-0.25
11.505555555555556,-0.245
11.508333333333333,-0.235
11.511111111111111,-0.21
11.51388888888889,-0.195
11.516666666666667,-0.185
11.519444444444444,-0.18
11.522222222222222,-0.185
11.525,-0.17
11.527777777777779,-0.15
11.530555555555555,-0.145
11.533333333333333,-0.13
11.536111111111111,-0.135
11.53888888888889,-0.135
11.541666666666666,-0.12
11.544444444444444,-0.1
11.547222222222222,-0.075
11.55,-0.065
11.552777777777777,-0.055
11.555555555555555,-0.055
11.558333333333334,-0.045
11.561111111111112,-0.015
11.563888888888888,-0.005
11.566666666666666,-0.01
11.569444444444445,-0.005
11.572222222222223,-0.025
11.575,-0.02
11.577777777777778,-0.04
11.580555555555556,-0.03
11.583333333333334,-0.03
11.58611111111111,-0.04
11.588888888888889,-0.05
11.591666666666667,-0.04
11.594444444444445,-0.035
11.597222222222221,-0.02
11.6,-0.01
11.602777777777778,-0.02
11.605555555555556,-0.03
11.608333333333333,-0.035
11.61111111111111,-0.03
11.613888888888889,-0.025
11.616666666666667,-0.03
11.619444444444444,-0.035
11.622222222222222,-0.055
11.625,-0.065
11.627777777777778,-0.07
11.630555555555556,-0.055
11.633333333333333,-0.07
11.636111111111111,-0.07
11.63888888888889,-0.08
11.641666666666667,-0.08
11.644444444444444,-0.075
11.647222222222222,-0.095
11.65,-0.12
11.652777777777779,-0.16
11.655555555555555,-0.22
11.658333333333333,-0.24
11.661111111111111,-0.265
11.66388888888889,-0.275
11.666666666666666,-0.3
11.669444444444444,-0.335
11.672222222222222,-0.355
11.675,-0.35
11.677777777777777,-0.36
11.680555555555555,-0.355
11.683333333333334,-0.36
11.686111111111112,-0.38
11.688888888888888,-0.405
11.691666666666666,-0.4
11.694444444444445,-0.385
11.697222222222223,-0.375
11.7,-0.37
11.702777777777778,-0.38
11.705555555555556,-0.395
11.708333333333334,-0.39
11.71111111111111,-0.38
11.713888888888889,-0.38
11.716666666666667,-0.385
11.719444444444445,-0.39
11.722222222222221,-0.395
11.725,-0.39
11.727777777777778,-0.38
11.730555555555556,-0.38
11.733333333333333,-0.39
11.73611111111111,-0.395
11.738888888888889,-0.415
11.741666666666667,-0.395
11.744444444444444,-0.385
11.747222222222222,-0.37
11.75,-0.37
11.752777777777778,-0.37
11.755555555555556,-0.39
11.758333333333333,-0.395
11.761111111111111,-0.395
11.76388888888889,-0.38
11.766666666666667,-0.375
11.769444444444444,-0.38
11.772222222222222,-0.395
11.775,-0.385
11.777777777777779,-0.375
11.780555555555555,-0.365
11.783333333333333,-0.37
11.786111111111111,-0.375
11.78888888888889,-0.4
11.791666666666666,-0.405
11.794444444444444,-0.425
11.797222222222222,-0.415
11.8,-0.4
11.802777777777777,-0.37
11.805555555555555,-0.255
11.808333333333334,-0.1
11.811111111111112,0.07
11.813888888888888,0.185
11.816666666666666,0.27
11.819444444444445,0.32
11.822222222222223,0.375
11.825,0.49
11.827777777777778,0.61
11.830555555555556,0.715
11.833333333333334,0.82
11.83611111111111,0.9
11.838888888888889,0.92
11.841666666666667,0.93
11.844444444444445,0.91
11.847222222222221,0.885
11.85,0.815
11.852777777777778,0.705
11.855555555555556,0.57
11.858333333333333,0.44
11.86111111111111,0.325
11.863888888888889,0.24
11.866666666666667,0.11
11.869444444444444,-0.025
11.872222222222222,-0.205
11.875,-0.375
11.877777777777778,-0.515
11.880555555555556,-0.645
11.883333333333333,-0.785
11.886111111111111,-0.9
11.88888888888889,-0.98
11.891666666666667,-1.01
11.894444444444444,-1.03
11.897222222222222,-1.04
11.9,-1.02
11.902777777777779,-1.015
11.905555555555555,-1.025
11.908333333333333,-1.01
11.911111111111111,-0.99
11.91388888888889,-0.955
11.916666666666666,-0.905
11.919444444444444,-0.87
11.922222222222222,-0.84
11.925,-0.83
11.927777777777777,-0.79
11.930555555555555,-0.78
11.933333333333334,-0.75
11.936111111111112,-0.735
11.938888888888888,-0.715
11.941666666666666,-0.685
11.944444444444445,-0.655
11.947222222222223,-0.63
11.95,-0.62
11.952777777777778,-0.62
11.955555555555556,-0.635
11.958333333333334,-0.625
11.96111111111111,-0.61
11.963888888888889,-0.605
11.966666666666667,-0.61
11.969444444444445,-0.625
11.972222222222221,-0.63
11.975,-0.635
11.977777777777778,-0.63
11.980555555555556,-0.62
11.983333333333333,-0.625
11.98611111111111,-0.64
11.988888888888889,-0.64
11.991666666666667,-0.64
11.994444444444444,-0.645
11.997222222222222,-0.64
12.0,-0.645
12.002777777777778,-0.635
12.005555555555556,-0.65
12.008333333333333,-0.65
12.011111111111111,-0.63
12.01388888888889,-0.63
12.016666666666667,-0.625
12.019444444444444,-0.64
12.022222222222222,-0.645
12.025,-0.635
12.027777777777779,-0.625
12.030555555555555,-0.61
12.033333333333333,-0.61
12.036111111111111,-0.615
12.03888888888889,-0.615
12.041666666666666,-0.595
12.044444444444444,-0.58
12.047222222222222,-0.565
12.05,-0.57
12.052777777777777,-0.565
12.055555555555555,-0.55
12.058333333333334,-0.53
12.061111111111112,-0.51
12.063888888888888,-0.49
12.066666666666666,-0.495
12.069444444444445,-0.475
12.072222222222223,-0.48
12.075,-0.46
12.077777777777778,-0.44
12.080555555555556,-0.42
12.083333333333334,-0.405
12.08611111111111,-0.395
12.088888888888889,-0.385
12.091666666666667,-0.375
12.094444444444445,-0.36
12.097222222222221,-0.33
12.1,-0.305
12.102777777777778,-0.305
12.105555555555556,-0.325
12.108333333333333,-0.3
12.11111111111111,-0.28
12.113888888888889,-0.255
12.116666666666667,-0.24
12.119444444444444,-0.235
12.122222222222222,-0.225
12.125,-0.215
12.127777777777778,-0.205
12.130555555555556,-0.185
12.133333333333333,-0.17
12.136111111111111,-0.17
12.13888888888889,-0.165
12.141666666666667,-0.145
12.144444444444444,-0.115
12.147222222222222,-0.1
12.15,-0.1
12.152777777777779,-0.105
12.155555555555555,-0.095
12.158333333333333,-0.095
12.161111111111111,-0.08
12.16388888888889,-0.075
12.166666666666666,-0.08
12.169444444444444,-0.085
12.172222222222222,-0.11
12.175,-0.115
12.177777777777777,-0.11
12.180555555555555,-0.11
12.183333333333334,-0.095
12.186111111111112,-0.095
12.188888888888888,-0.085
12.191666666666666,-0.07
12.194444444444445,-0.08
12.197222222222223,-0.07
12.2,-0.09
12.202777777777778,-0.095
12.205555555555556,-0.1
12.208333333333334,-0.095
12.21111111111111,-0.1
12.213888888888889,-0.11
12.216666666666667,-0.125
12.219444444444445,-0.14
12.222222222222221,-0.15
12.225,-0.145
12.227777777777778,-0.14
12.230555555555556,-0.12
12.233333333333333,-0.13
12.23611111111111,-0.155
12.238888888888889,-0.185
12.241666666666667,-0.22
12.244444444444444,-0.235
12.247222222222222,-0.265
12.25,-0.31
12.252777777777778,-0.36
12.255555555555556,-0.405
12.258333333333333,-0.41
12.261111111111111,-0.405
12.26388888888889,-0.42
12.266666666666667,-0.42
12.269444444444444,-0.435
12.272222222222222,-0.46
12.275,-0.455
12.277777777777779,-0.445
12.280555555555555,-0.45
12.283333333333333,-0.445
12.286111111111111,-0.455
12.28888888888889,-0.465
12.291666666666666,-0.46
12.294444444444444,-0.46
12.297222222222222,-0.46
12.3,-0.46
12.302777777777777,-0.47
12.305555555555555,-0.48
12.308333333333334,-0.475
12.311111111111112,-0.465
12.313888888888888,-0.45
12.316666666666666,-0.45
12.319444444444445,-0.445
12.322222222222223,-0.445
12.325,-0.44
12.327777777777778,-0.445
12.330555555555556,-0.445
12.333333333333334,-0.455
12.33611111111111,-0.45
12.338888888888889,-0.45
12.341666666666667,-0.445
12.344444444444445,-0.44
12.347222222222221,-0.43
12.35,-0.425
12.352777777777778,-0.43
12.355555555555556,-0.445
12.358333333333333,-0.44
12.36111111111111,-0.42
12.363888888888889,-0.42
12.366666666666667,-0.41
12.369444444444444,-0.415
12.372222222222222,-0.42
12.375,-0.41
12.377777777777778,-0.42
12.380555555555556,-0.415
12.383333333333333,-0.41
12.386111111111111,-0.41
12.38888888888889,-0.445
12.391666666666667,-0.445
12.394444444444444,-0.435
12.397222222222222,-0.415
12.4,-0.37
12.402777777777779,-0.28
12.405555555555555,-0.16
12.408333333333333,-0.015
12.411111111111111,0.1
12.41388888888889,0.195
12.416666666666666,0.26
12.419444444444444,0.275
12.422222222222222,0.305
12.425,0.385
12.427777777777777,0.485
12.430555555555555,0.575
12.433333333333334,0.64
12.436111111111112,0.695
12.438888888888888,0.695
12.441666666666666,0.675
12.444444444444445,0.64
12.447222222222223,0.61
12.45,0.57
12.452777777777778,0.505
12.455555555555556,0.4
12.458333333333334,0.31
12.46111111111111,0.225
12.463888888888889,0.135
12.466666666666667,0.055
12.469444444444445,-0.05
12.472222222222221,-0.19
12.475,-0.345
12.477777777777778,-0.48
12.480555555555556,-0.605
12.483333333333333,-0.735
12.48611111111111,-0.855
12.488888888888889,-0.945
12.491666666666667,-1.0
12.494444444444444,-1.015
12.497222222222222,-1.03
12.5,-1.03
12.502777777777778,-1.03
12.505555555555556,-1.03
12.508333333333333,-1.025
12.511111111111111,-1.005
12.51388888888889,-0.97
12.516666666666667,-0.935
12.519444444444444,-0.905
12.522222222222222,-0.885
12.525,-0.85
12.527777777777779,-0.82
12.530555555555555,-0.81
12.533333333333333,-0.795
12.536111111111111,-0.78
12.53888888888889,-0.755
12.541666666666666,-0.71
12.544444444444444,-0.68
12.547222222222222,-0.66
12.55,-0.65
12.552777777777777,-0.655
12.555555555555555,-0.65
12.558333333333334,-0.635
12.561111111111112,-0.625
12.563888888888888,-0.625
12.566666666666666,-0.625
12.569444444444445,-0.62
12.572222222222223,-0.64
12.575,-0.64
12.577777777777778,-0.63
12.580555555555556,-0.61
12.583333333333334,-0.625
12.58611111111111,-0.625
12.588888888888889,-0.65
12.591666666666667,-0.63
12.594444444444445,-0.625
12.597222222222221,-0.62
12.6,-0.63
12.602777777777778,-0.64
12.605555555555556,-0.645
12.608333333333333,-0.64
12.61111111111111,-0.625
12.613888888888889,-0.605
12.616666666666667,-0.625
12.619444444444444,-0.625
12.622222222222222,-0.63
12.625,-0.615
12.627777777777778,-0.61
12.630555555555556,-0.595
12.633333333333333,-0.58
12.636111111111111,-0.585
12.63888888888889,-0.585
12.641666666666667,-0.57
12.644444444444444,-0.555
12.647222222222222,-0.545
12.65,-0.53
12.652777777777779,-0.525
12.655555555555555,-0.515
12.658333333333333,-0.5
12.661111111111111,-0.475
12.66388888888889,-0.455
12.666666666666666,-0.45
12.669444444444444,-0.43
12.672222222222222,-0.435
12.675,-0.425
12.677777777777777,-0.395
12.680555555555555,-0.375
12.683333333333334,-0.36
12.686111111111112,-0.345
12.688888888888888,-0.345
12.691666666666666,-0.325
12.694444444444445,-0.305
12.697222222222223,-0.285
12.7,-0.275
12.702777777777778,-0.265
12.705555555555556,-0.265
12.708333333333334,-0.245
12.71111111111111,-0.23
12.713888888888889,-0.215
12.716666666666667,-0.2
12.719444444444445,-0.195
12.722222222222221,-0.195
12.725,-0.18
12.727777777777778,-0.17
12.730555555555556,-0.15
12.733333333333333,-0.145
12.73611111111111,-0.145
12.738888888888889,-0.13
12.741666666666667,-0.135
12.744444444444444,-0.11
12.747222222222222,-0.09
12.75,-0.1
12.752777777777778,-0.085
12.755555555555556,-0.085
12.758333333333333,-0.08
12.761111111111111,-0.06
12.76388888888889,-0.055
12.766666666666667,-0.09
12.769444444444444,-0.11
12.772222222222222,-0.14
12.775,-0.13
12.777777777777779,-0.115
12.780555555555555,-0.1
12.783333333333333,-0.085
12.786111111111111,-0.085
12.78888888888889,-0.1
12.791666666666666,-0.085
12.794444444444444,-0.09
12.797222222222222,-0.09
12.8,-0.09
12.802777777777777,-0.11
12.805555555555555,-0.125
12.808333333333334,-0.125
12.811111111111112,-0.115
12.813888888888888,-0.12
12.816666666666666,-0.12
12.819444444444445,-0.135
12.822222222222223,-0.14
12.825,-0.14
12.827777777777778,-0.155
12.830555555555556,-0.17
12.833333333333334,-0.21
12.83611111111111,-0.245
12.838888888888889,-0.275
12.841666666666667,-0.305
12.844444444444445,-0.32
12.847222222222221,-0.35
12.85,-0.375
12.852777777777778,-0.39
12.855555555555556,-0.415
12.858333333333333,-0.415
12.86111111111111,-0.41
12.863888888888889,-0.41
12.866666666666667,-0.41
12.869444444444444,-0.415
12.872222222222222,-0.425
12.875,-0.425
12.877777777777778,-0.425
12.880555555555556,-0.415
12.883333333333333,-0.425
12.886111111111111,-0.425
12.88888888888889,-0.435
12.891666666666667,-0.43
12.894444444444444,-0.415
12.897222222222222,-0.41
12.9,-0.415
12.902777777777779,-0.425
12.905555555555555,-0.43
12.908333333333333,-0.435
12.911111111111111,-0.43
12.91388888888889,-0.41
12.916666666666666,-0.405
12.919444444444444,-0.435
12.922222222222222,-0.41
12.925,-0.415
12.927777777777777,-0.415
12.930555555555555,-0.405
12.933333333333334,-0.405
12.936111111111112,-0.42
12.938888888888888,-0.425
12.941666666666666,-0.405
12.944444444444445,-0.4
12.947222222222223,-0.395
12.95,-0.385
12.952777777777778,-0.385
12.955555555555556,-0.395
12.958333333333334,-0.385
12.96111111111111,-0.375
12.963888888888889,-0.37
12.966666666666667,-0.375
12.969444444444445,-0.39
12.972222222222221,-0.42
12.975,-0.42
12.977777777777778,-0.415
12.980555555555556,-0.39
12.983333333333333,-0.305
12.98611111111111,-0.185
12.988888888888889,-0.065
12.991666666666667,0.04
12.994444444444444,0.11
12.997222222222222,0.14
13.0,0.155
13.002777777777778,0.215
13.005555555555556,0.305
13.008333333333333,0.405
13.011111111111111,0.495
13.01388888888889,0.575
13.016666666666667,0.63
13.019444444444444,0.655
13.022222222222222,0.64
13.025,0.63
13.027777777777779,0.625
13.030555555555555,0.625
13.033333333333333,0.575
13.036111111111111,0.5
13.03888888888889,0.4
13.041666666666666,0.325
13.044444444444444,0.28
13.047222222222222,0.21
13.05,0.145
13.052777777777777,0.04
13.055555555555555,-0.09
13.058333333333334,-0.225
13.061111111111112,-0.38
13.063888888888888,-0.485
13.066666666666666,-0.625
13.069444444444445,-0.74
13.072222222222223,-0.82
13.075,-0.87
13.077777777777778,-0.885
13.080555555555556,-0.9
13.083333333333334,-0.925
13.08611111111111,-0.93
13.088888888888889,-0.935
13.091666666666667,-0.915
13.094444444444445,-0.915
13.097222222222221,-0.895
13.1,-0.87
13.102777777777778,-0.85
13.105555555555556,-0.82
13.108333333333333,-0.79
13.11111111111111,-0.745
13.113888888888889,-0.73
13.116666666666667,-0.715
13.119444444444444,-0.72
13.122222222222222,-0.695
13.125,-0.66
13.127777777777778,-0.63
13.130555555555556,-0.605
13.133333333333333,-0.595
13.136111111111111,-0.59
13.13888888888889,-0.585
13.141666666666667,-0.57
13.144444444444444,-0.57
13.147222222222222,-0.555
13.15,-0.555
13.152777777777779,-0.56
13.155555555555555,-0.58
13.158333333333333,-0.57
13.161111111111111,-0.57
13.16388888888889,-0.565
13.166666666666666,-0.57
13.169444444444444,-0.565
13.172222222222222,-0.585
13.175,-0.575
13.177777777777777,-0.575
13.180555555555555,-0.565
13.183333333333334,-0.575
13.186111111111112,-0.585
13.188888888888888,-0.595
13.191666666666666,-0.585
13.194444444444445,-0.585
13.197222222222223,-0.58
13.2,-0.585
13.202777777777778,-0.59
13.205555555555556,-0.585
13.208333333333334,-0.585
13.21111111111111,-0.565
13.213888888888889,-0.555
13.216666666666667,-0.55
13.219444444444445,-0.56
13.222222222222221,-0.565
13.225,-0.55
13.227777777777778,-0.535
13.230555555555556,-0.52
13.233333333333333,-0.52
13.23611111111111,-0.52
13.238888888888889,-0.52
13.241666666666667,-0.505
13.244444444444444,-0.485
13.247222222222222,-0.46
13.25,-0.46
13.252777777777778,-0.45
13.255555555555556,-0.46
13.258333333333333,-0.44
13.261111111111111,-0.41
13.26388888888889,-0.38
13.266666666666667,-0.38
13.269444444444444,-0.36
13.272222222222222,-0.36
13.275,-0.34
13.277777777777779,-0.32
13.280555555555555,-0.31
13.283333333333333,-0.285
13.286111111111111,-0.29
13.28888888888889,-0.28
13.291666666666666,-0.26
13.294444444444444,-0.235
13.297222222222222,-0.22
13.3,-0.21
13.302777777777777,-0.205
13.305555555555555,-0.2
13.308333333333334,-0.18
13.311111111111112,-0.17
13.313888888888888,-0.15
13.316666666666666,-0.14
13.319444444444445,-0.145
13.322222222222223,-0.145
13.325,-0.12
13.327777777777778,-0.105
13.330555555555556,-0.085
13.333333333333334,-0.085
13.33611111111111,-0.075
13.338888888888889,-0.075
13.341666666666667,-0.06
13.344444444444445,-0.04
13.347222222222221,-0.025
13.35,-0.015
13.352777777777778,-0.03
13.355555555555556,-0.035
13.358333333333333,-0.025
13.36111111111111,-0.01
13.363888888888889,-0.025
13.366666666666667,-0.035
13.369444444444444,-0.065
13.372222222222222,-0.075
13.375,-0.065
13.377777777777778,-0.05
13.380555555555556,-0.03
13.383333333333333,-0.02
13.386111111111111,-0.03
13.38888888888889,-0.03
13.391666666666667,-0.035
13.394444444444444,-0.05
13.397222222222222,-0.03
13.4,-0.035
13.402777777777779,-0.04
13.405555555555555,-0.055
13.408333333333333,-0.065
13.411111111111111,-0.075
13.41388888888889,-0.07
13.416666666666666,-0.07
13.419444444444444,-0.075
13.422222222222222,-0.085
13.425,-0.07
13.427777777777777,-0.08
13.430555555555555,-0.09
13.433333333333334,-0.14
13.436111111111112,-0.175
13.438888888888888,-0.215
13.441666666666666,-0.245
13.444444444444445,-0.26
13.447222222222223,-0.275
13.45,-0.3
13.452777777777778,-0.34
13.455555555555556,-0.355
13.458333333333334,-0.35
13.46111111111111,-0.34
13.463888888888889,-0.355
13.466666666666667,-0.355
13.469444444444445,-0.38
13.472222222222221,-0.385
13.475,-0.385
13.477777777777778,-0.375
13.480555555555556,-0.38
13.483333333333333,-0.375
13.48611111111111,-0.37
13.488888888888889,-0.375
13.491666666666667,-0.385
13.494444444444444,-0.37
13.497222222222222,-0.365
13.5,-0.365
13.502777777777778,-0.375
13.505555555555556,-0.38
13.508333333333333,-0.37
13.511111111111111,-0.36
13.51388888888889,-0.355
13.516666666666667,-0.35
13.519444444444444,-0.37
13.522222222222222,-0.38
13.525,-0.365
13.527777777777779,-0.37
13.530555555555555,-0.355
13.533333333333333,-0.365
13.536111111111111,-0.355
13.53888888888889,-0.35
13.541666666666666,-0.35
13.544444444444444,-0.34
13.547222222222222,-0.33
13.55,-0.33
13.552777777777777,-0.335
13.555555555555555,-0.34
13.558333333333334,-0.34
13.561111111111112,-0.325
13.563888888888888,-0.305
13.566666666666666,-0.32
13.569444444444445,-0.335
13.572222222222223,-0.36
13.575,-0.375
13.577777777777778,-0.38
13.580555555555556,-0.395
13.583333333333334,-0.375
13.58611111111111,-0.345
13.588888888888889,-0.27
13.591666666666667,-0.125
13.594444444444445,-0.005
13.597222222222221,0.085
13.6,0.125
13.602777777777778,0.145
13.605555555555556,0.185
13.608333333333333,0.295
13.61111111111111,0.405
13.613888888888889,0.525
13.616666666666667,0.615
13.619444444444444,0.695
13.622222222222222,0.745
13.625,0.785
13.627777777777778,0.81
13.630555555555556,0.82
13.633333333333333,0.815
13.636111111111111,0.775
13.63888888888889,0.715
13.641666666666667,0.625
13.644444444444444,0.53
13.647222222222222,0.455
13.65,0.39
13.652777777777779,0.29
13.655555555555555,0.16
13.658333333333333,0.055
13.661111111111111,-0.07
13.66388888888889,-0.22
13.666666666666666,-0.38
13.669444444444444,-0.535
13.672222222222222,-0.655
13.675,-0.74
13.677777777777777,-0.775
13.680555555555555,-0.805
13.683333333333334,-0.845
13.686111111111112,-0.86
13.688888888888888,-0.88
13.691666666666666,-0.875
13.694444444444445,-0.87
13.697222222222223,-0.865
13.7,-0.865
13.702777777777778,-0.85
13.705555555555556,-0.84
13.708333333333334,-0.79
13.71111111111111,-0.75
13.713888888888889,-0.715
13.716666666666667,-0.705
13.719444444444445,-0.7
13.722222222222221,-0.685
13.725,-0.655
13.727777777777778,-0.63
13.730555555555556,-0.59
13.733333333333333,-0.58
13.73611111111111,-0.57
13.738888888888889,-0.565
13.741666666666667,-0.54
13.744444444444444,-0.525
13.747222222222222,-0.505
13.75,-0.505
13.752777777777778,-0.51
13.755555555555556,-0.515
13.758333333333333,-0.515
13.761111111111111,-0.51
13.76388888888889,-0.505
13.766666666666667,-0.51
13.769444444444444,-0.515
13.772222222222222,-0.535
13.775,-0.53
13.777777777777779,-0.53
13.780555555555555,-0.515
13.783333333333333,-0.52
13.786111111111111,-0.525
13.78888888888889,-0.54
13.791666666666666,-0.535
13.794444444444444,-0.515
13.797222222222222,-0.515
13.8,-0.52
13.802777777777777,-0.535
13.805555555555555,-0.545
13.808333333333334,-0.52
13.811111111111112,-0.51
13.813888888888888,-0.505
13.816666666666666,-0.52
13.819444444444445,-0.52
13.822222222222223,-0.525
13.825,-0.505
13.827777777777778,-0.495
13.830555555555556,-0.5
13.833333333333334,-0.495
13.83611111111111,-0.5
13.838888888888889,-0.5
13.841666666666667,-0.48
13.844444444444445,-0.46
13.847222222222221,-0.455
13.85,-0.45
13.852777777777778,-0.45
13.855555555555556,-0.45
13.858333333333333,-0.435
13.86111111111111,-0.405
13.863888888888889,-0.39
13.866666666666667,-0.375
13.869444444444444,-0.375
13.872222222222222,-0.375
13.875,-0.355
13.877777777777778,-0.335
13.880555555555556,-0.315
13.883333333333333,-0.3
13.886111111111111,-0.29
13.88888888888889,-0.3
13.891666666666667,-0.285
13.894444444444444,-0.255
13.897222222222222,-0.24
13.9,-0.23
13.902777777777779,-0.22
13.905555555555555,-0.22
13.908333333333333,-0.2
13.911111111111111,-0.185
13.91388888888889,-0.15
13.916666666666666,-0.16
13.919444444444444,-0.15
13.922222222222222,-0.15
13.925,-0.12
13.927777777777777,-0.105
13.930555555555555,-0.1
13.933333333333334,-0.095
13.936111111111112,-0.085
13.938888888888888,-0.075
13.941666666666666,-0.065
13.944444444444445,-0.035
13.947222222222223,-0.02
13.95,-0.01
13.952777777777778,-0.01
13.955555555555556,0.005
13.958333333333334,0.015
13.96111111111111,0.025
13.963888888888889,0.03
13.966666666666667,0.04
13.969444444444445,0.04
13.972222222222221,0.03
13.975,0.03
13.977777777777778,0.02
13.980555555555556,0.015
13.983333333333333,0.02
13.98611111111111,0.02
13.988888888888889,0.025
13.991666666666667,0.045
13.994444444444444,0.05
13.997222222222222,0.04
14.0,0.045
14.002777777777778,0.035
14.005555555555556,0.015
14.008333333333333,0.025
14.011111111111111,0.045
14.01388888888889,0.045
14.016666666666667,0.025
14.019444444444444,0.015
14.022222222222222,0.0
14.025,0.0
14.027777777777779,0.0
14.030555555555555,-0.005
14.033333333333333,-0.005
14.036111111111111,-0.005
14.03888888888889,-0.035
14.041666666666666,-0.035
14.044444444444444,-0.05
14.047222222222222,-0.07
14.05,-0.115
14.052777777777777,-0.15
14.055555555555555,-0.18
14.058333333333334,-0.215
14.061111111111112,-0.24
14.063888888888888,-0.275
14.066666666666666,-0.295
14.069444444444445,-0.31
14.072222222222223,-0.32
14.075,-0.325
14.077777777777778,-0.32
14.080555555555556,-0.33
14.083333333333334,-0.335
14.08611111111111,-0.34
14.088888888888889,-0.355
14.091666666666667,-0.345
14.094444444444445,-0.345
14.097222222222221,-0.34
14.1,-0.34
14.102777777777778,-0.35
14.105555555555556,-0.365
14.108333333333333,-0.35
14.11111111111111,-0.345
14.113888888888889,-0.34
14.116666666666667,-0.335
14.119444444444444,-0.34
14.122222222222222,-0.355
14.125,-0.36
14.127777777777778,-0.345
14.130555555555556,-0.33
14.133333333333333,-0.33
14.136111111111111,-0.34
14.13888888888889,-0.345
14.141666666666667,-0.34
14.144444444444444,-0.335
14.147222222222222,-0.325
14.15,-0.33
14.152777777777779,-0.34
14.155555555555555,-0.33
14.158333333333333,-0.325
14.161111111111111,-0.305
14.16388888888889,-0.31
14.166666666666666,-0.32
14.169444444444444,-0.33
14.172222222222222,-0.315
14.175,-0.31
14.177777777777777,-0.3
14.180555555555555,-0.315
14.183333333333334,-0.33
14.186111111111112,-0.365
14.188888888888888,-0.395
14.191666666666666,-0.405
14.194444444444445,-0.385
14.197222222222223,-0.32
14.2,-0.215
14.202777777777778,-0.09
14.205555555555556,0.03
14.208333333333334,0.115
14.21111111111111,0.185
14.213888888888889,0.23
14.216666666666667,0.295
14.219444444444445,0.39
14.222222222222221,0.5
14.225,0.62
14.227777777777778,0.72
14.230555555555556,0.815
14.233333333333333,0.89
14.23611111111111,0.93
14.238888888888889,0.935
14.241666666666667,0.945
14.244444444444444,0.93
14.247222222222222,0.895
14.25,0.81
14.252777777777778,0.685
14.255555555555556,0.56
14.258333333333333,0.475
14.261111111111111,0.4
14.26388888888889,0.3
14.266666666666667,0.165
14.269444444444444,-0.01
14.272222222222222,-0.175
14.275,-0.35
14.277777777777779,-0.475
14.280555555555555,-0.615
14.283333333333333,-0.73
14.286111111111111,-0.795
14.28888888888889,-0.85
14.291666666666666,-0.87
14.294444444444444,-0.895
14.297222222222222,-0.905
14.3,-0.9
14.302777777777777,-0.9
14.305555555555555,-0.905
14.308333333333334,-0.91
14.311111111111112,-0.87
14.313888888888888,-0.84
14.316666666666666,-0.8
14.319444444444445,-0.785
14.322222222222223,-0.755
14.325,-0.725
14.327777777777778,-0.695
14.330555555555556,-0.675
14.333333333333334,-0.655
14.33611111111111,-0.65
14.338888888888889,-0.63
14.341666666666667,-0.605
14.344444444444445,-0.57
14.347222222222221,-0.555
14.35,-0.54
14.352777777777778,-0.545
14.355555555555556,-0.545
14.358333333333333,-0.535
14.36111111111111,-0.515
14.363888888888889,-0.515
14.366666666666667,-0.52
14.369444444444444,-0.54
14.372222222222222,-0.555
14.375,-0.54
14.377777777777778,-0.545
14.380555555555556,-0.535
14.383333333333333,-0.545
14.386111111111111,-0.56
14.38888888888889,-0.55
14.391666666666667,-0.555
14.394444444444444,-0.545
14.397222222222222,-0.55
14.4,-0.55
14.402777777777779,-0.565
14.405555555555555,-0.575
14.408333333333333,-0.56
14.411111111111111,-0.55
14.41388888888889,-0.555
14.416666666666666,-0.555
14.419444444444444,-0.56
14.422222222222222,-0.56
14.425,-0.545
14.427777777777777,-0.535
14.430555555555555,-0.54
14.433333333333334,-0.535
14.436111111111112,-0.54
14.438888888888888,-0.54
14.441666666666666,-0.535
14.444444444444445,-0.515
14.447222222222223,-0.505
14.45,-0.505
14.452777777777778,-0.51
14.455555555555556,-0.51
14.458333333333334,-0.49
14.46111111111111,-0.47
14.463888888888889,-0.45
14.466666666666667,-0.445
14.469444444444445,-0.44
14.472222222222221,-0.44
14.475,-0.43
14.477777777777778,-0.405
14.480555555555556,-0.38
14.483333333333333,-0.375
14.48611111111111,-0.38
14.488888888888889,-0.375
14.491666666666667,-0.355
14.494444444444444,-0.325
14.497222222222222,-0.305
14.5,-0.295
14.502777777777778,-0.29
14.505555555555556,-0.295
14.508333333333333,-0.275
14.511111111111111,-0.255
14.51388888888889,-0.24
14.516666666666667,-0.23
14.519444444444444,-0.215
14.522222222222222,-0.205
14.525,-0.195
14.527777777777779,-0.18
14.530555555555555,-0.16
14.533333333333333,-0.15
14.536111111111111,-0.145
14.53888888888889,-0.14
14.541666666666666,-0.12
14.544444444444444,-0.1
14.547222222222222,-0.09
14.55,-0.09
14.552777777777777,-0.075
14.555555555555555,-0.08
14.558333333333334,-0.06
14.561111111111112,-0.02
14.563888888888888,-0.015
14.566666666666666,-0.01
14.569444444444445,-0.025
14.572222222222223,-0.025
14.575,-0.005
14.577777777777778,0.005
14.580555555555556,0.02
14.583333333333334,0.03
14.58611111111111,0.01
14.588888888888889,-0.015
14.591666666666667,-0.015
14.594444444444445,-0.01
14.597222222222221,-0.005
14.6,-0.01
14.602777777777778,-0.025
14.605555555555556,-0.015
14.608333333333333,0.0
14.61111111111111,0.015
14.613888888888889,0.015
14.616666666666667,0.01
14.619444444444444,0.005
14.622222222222222,-0.01
14.625,-0.01
14.627777777777778,0.015
14.630555555555556,0.005
14.633333333333333,-0.01
14.636111111111111,-0.02
14.63888888888889,-0.045
14.641666666666667,-0.055
14.644444444444444,-0.04
14.647222222222222,-0.04
14.65,-0.055
14.652777777777779,-0.065
14.655555555555555,-0.07
14.658333333333333,-0.055
14.661111111111111,-0.05
14.66388888888889,-0.06
14.666666666666666,-0.105
14.669444444444444,-0.15
14.672222222222222,-0.18
14.675,-0.205
14.677777777777777,-0.215
14.680555555555555,-0.25
14.683333333333334,-0.28
14.686111111111112,-0.31
14.688888888888888,-0.335
14.691666666666666,-0.35
14.694444444444445,-0.34
14.697222222222223,-0.345
14.7,-0.355
14.702777777777778,-0.37
14.705555555555556,-0.38
14.708333333333334,-0.385
14.71111111111111,-0.375
14.713888888888889,-0.37
14.716666666666667,-0.38
14.719444444444445,-0.39
14.722222222222221,-0.395
14.725,-0.385
14.727777777777778,-0.375
14.730555555555556,-0.38
14.733333333333333,-0.385
14.73611111111111,-0.39
14.738888888888889,-0.4
14.741666666666667,-0.4
14.744444444444444,-0.38
14.747222222222222,-0.375
14.75,-0.39
14.752777777777778,-0.395
14.755555555555556,-0.405
14.758333333333333,-0.4
14.761111111111111,-0.375
14.76388888888889,-0.365
14.766666666666667,-0.37
14.769444444444444,-0.38
14.772222222222222,-0.385
14.775,-0.37
14.777777777777779,-0.37
14.780555555555555,-0.365
14.783333333333333,-0.37
14.786111111111111,-0.385
14.78888888888889,-0.38
14.791666666666666,-0.36
14.794444444444444,-0.355
14.797222222222222,-0.35
14.8,-0.35
14.802777777777777,-0.345
14.805555555555555,-0.35
14.808333333333334,-0.355
14.811111111111112,-0.34
14.813888888888888,-0.33
14.816666666666666,-0.35
14.819444444444445,-0.36
14.822222222222223,-0.38
14.825,-0.4
14.827777777777778,-0.395
14.830555555555556,-0.395
14.833333333333334,-0.39
14.83611111111111,-0.35
14.838888888888889,-0.275
14.841666666666667,-0.13
14.844444444444445,0.015
14.847222222222221,0.145
14.85,0.245
14.852777777777778,0.315
14.855555555555556,0.35
14.858333333333333,0.415
14.86111111111111,0.525
14.863888888888889,0.635
14.866666666666667,0.74
14.869444444444444,0.825
14.872222222222222,0.915
14.875,1.01
14.877777777777778,1.055
14.880555555555556,1.065
14.883333333333333,1.04
14.886111111111111,1.015
14.88888888888889,0.97
14.891666666666667,0.89
14.894444444444444,0.785
14.897222222222222,0.65
14.9,0.525
14.902777777777779,0.42
14.905555555555555,0.305
14.908333333333333,0.195
14.911111111111111,0.09
14.91388888888889,-0.06
14.916666666666666,-0.245
14.919444444444444,-0.415
14.922222222222222,-0.57
14.925,-0.695
14.927777777777777,-0.81
14.930555555555555,-0.905
14.933333333333334,-0.975
14.936111111111112,-1.01
14.938888888888888,-1.05
14.941666666666666,-1.045
14.944444444444445,-1.035
14.947222222222223,-1.02
14.95,-1.03
14.952777777777778,-1.035
14.955555555555556,-1.03
14.958333333333334,-0.99
14.96111111111111,-0.935
14.963888888888889,-0.895
14.966666666666667,-0.875
14.969444444444445,-0.84
14.972222222222221,-0.83
14.975,-0.79
14.977777777777778,-0.77
14.980555555555556,-0.745
14.983333333333333,-0.715
14.98611111111111,-0.705
14.988888888888889,-0.685
14.991666666666667,-0.66
14.994444444444444,-0.645
14.997222222222222,-0.625
15.0,-0.635
15.002777777777778,-0.64
15.005555555555556,-0.635
15.008333333333333,-0.635
15.011111111111111,-0.63
15.01388888888889,-0.615
15.016666666666667,-0.625
15.019444444444444,-0.635
15.022222222222222,-0.635
15.025,-0.645
15.027777777777779,-0.62
15.030555555555555,-0.615
15.033333333333333,-0.635
15.036111111111111,-0.64
15.03888888888889,-0.655
15.041666666666666,-0.66
15.044444444444444,-0.64
15.047222222222222,-0.645
15.05,-0.64
15.052777777777777,-0.65
15.055555555555555,-0.665
15.058333333333334,-0.655
15.061111111111112,-0.63
15.063888888888888,-0.635
15.066666666666666,-0.65
15.069444444444445,-0.66
15.072222222222223,-0.675
15.075,-0.665
15.077777777777778,-0.645
15.080555555555556,-0.64
15.083333333333334,-0.645
15.08611111111111,-0.635
15.088888888888889,-0.635
15.091666666666667,-0.63
15.094444444444445,-0.595
15.097222222222221,-0.59
15.1,-0.585
15.102777777777778,-0.58
15.105555555555556,-0.575
15.108333333333333,-0.57
15.11111111111111,-0.555
15.113888888888889,-0.54
15.116666666666667,-0.525
15.119444444444444,-0.52
15.122222222222222,-0.515
15.125,-0.5
15.127777777777778,-0.48
15.130555555555556,-0.46
15.133333333333333,-0.44
15.136111111111111,-0.43
15.13888888888889,-0.43
15.141666666666667,-0.41
15.144444444444444,-0.395
15.147222222222222,-0.36
15.15,-0.35
15.152777777777779,-0.345
15.155555555555555,-0.325
15.158333333333333,-0.31
15.161111111111111,-0.29
15.16388888888889,-0.275
15.166666666666666,-0.27
15.169444444444444,-0.27
15.172222222222222,-0.275
15.175,-0.25
15.177777777777777,-0.23
15.180555555555555,-0.21
15.183333333333334,-0.205
15.186111111111112,-0.21
15.188888888888888,-0.195
15.191666666666666,-0.155
15.194444444444445,-0.15
15.197222222222223,-0.145
15.2,-0.135
15.202777777777778,-0.135
15.205555555555556,-0.125
15.208333333333334,-0.09
15.21111111111111,-0.08
15.213888888888889,-0.06
15.216666666666667,-0.055
15.219444444444445,-0.075
15.222222222222221,-0.065
15.225,-0.055
15.227777777777778,-0.04
15.230555555555556,-0.04
15.233333333333333,-0.04
15.23611111111111,-0.065
15.238888888888889,-0.085
15.241666666666667,-0.075
15.244444444444444,-0.08
15.247222222222222,-0.08
15.25,-0.075
15.252777777777778,-0.07
15.255555555555556,-0.07
15.258333333333333,-0.05
15.261111111111111,-0.04
15.26388888888889,-0.04
15.266666666666667,-0.05
15.269444444444444,-0.065
15.272222222222222,-0.075
15.275,-0.065
15.277777777777779,-0.065
15.280555555555555,-0.075
15.283333333333333,-0.08
15.286111111111111,-0.095
15.28888888888889,-0.115
15.291666666666666,-0.11
15.294444444444444,-0.105
15.297222222222222,-0.1
15.3,-0.09
15.302777777777777,-0.11
15.305555555555555,-0.14
15.308333333333334,-0.135
15.311111111111112,-0.16
15.313888888888888,-0.17
15.316666666666666,-0.21
15.319444444444445,-0.245
15.322222222222223,-0.285
15.325,-0.305
15.327777777777778,-0.33
15.330555555555556,-0.36
15.333333333333334,-0.38
15.33611111111111,-0.4
15.338888888888889,-0.42
15.341666666666667,-0.42
15.344444444444445,-0.41
15.347222222222221,-0.41
15.35,-0.415
15.352777777777778,-0.43
15.355555555555556,-0.44
15.358333333333333,-0.435
15.36111111111111,-0.425
15.363888888888889,-0.43
15.366666666666667,-0.425
15.369444444444444,-0.435
15.372222222222222,-0.455
15.375,-0.45
15.377777777777778,-0.445
15.380555555555556,-0.44
15.383333333333333,-0.44
15.386111111111111,-0.455
15.38888888888889,-0.465
15.391666666666667,-0.455
15.394444444444444,-0.445
15.397222222222222,-0.455
15.4,-0.445
15.402777777777779,-0.45
15.405555555555555,-0.445
15.408333333333333,-0.445
15.411111111111111,-0.425
15.41388888888889,-0.42
15.416666666666666,-0.43
15.419444444444444,-0.43
15.422222222222222,-0.425
15.425,-0.425
15.427777777777777,-0.41
15.430555555555555,-0.425
15.433333333333334,-0.42
15.436111111111112,-0.43
15.438888888888888,-0.435
15.441666666666666,-0.43
15.444444444444445,-0.415
15.447222222222223,-0.39
15.45,-0.395
15.452777777777778,-0.405
15.455555555555556,-0.42
15.458333333333334,-0.415
15.46111111111111,-0.4
15.463888888888889,-0.395
15.466666666666667,-0.405
15.469444444444445,-0.43
15.472222222222221,-0.45
15.475,-0.435
15.477777777777778,-0.405
15.480555555555556,-0.375
15.483333333333333,-0.32
15.48611111111111,-0.23
15.488888888888889,-0.09
15.491666666666667,0.03
15.494444444444444,0.135
15.497222222222222,0.23
15.5,0.265
15.502777777777778,0.285
15.505555555555556,0.325
15.508333333333333,0.41
15.511111111111111,0.515
15.51388888888889,0.6
15.516666666666667,0.675
15.519444444444444,0.725
15.522222222222222,0.77
15.525,0.805
15.527777777777779,0.805
15.530555555555555,0.78
15.533333333333333,0.755
15.536111111111111,0.72
15.53888888888889,0.685
15.541666666666666,0.615
15.544444444444444,0.54
15.547222222222222,0.445
15.55,0.365
15.552777777777777,0.29
15.555555555555555,0.205
15.558333333333334,0.14
15.561111111111112,0.05
15.563888888888888,-0.045
15.566666666666666,-0.185
15.569444444444445,-0.34
15.572222222222223,-0.475
15.575,-0.585
15.577777777777778,-0.69
15.580555555555556,-0.78
15.583333333333334,-0.87
15.58611111111111,-0.94
15.588888888888889,-0.985
15.591666666666667,-1.0
15.594444444444445,-1.0
15.597222222222221,-1.01
15.6,-1.005
15.602777777777778,-1.015
15.605555555555556,-1.015
15.608333333333333,-1.0
15.61111111111111,-0.975
15.613888888888889,-0.95
15.616666666666667,-0.91
15.619444444444444,-0.885
15.622222222222222,-0.86
15.625,-0.835
15.627777777777778,-0.79
15.630555555555556,-0.77
15.633333333333333,-0.765
15.636111111111111,-0.745
15.63888888888889,-0.73
15.641666666666667,-0.69
15.644444444444444,-0.665
15.647222222222222,-0.65
15.65,-0.645
15.652777777777779,-0.645
15.655555555555555,-0.63
15.658333333333333,-0.625
15.661111111111111,-0.61
15.66388888888889,-0.59
15.666666666666666,-0.605
15.669444444444444,-0.62
15.672222222222222,-0.63
15.675,-0.63
15.677777777777777,-0.615
15.680555555555555,-0.615
15.683333333333334,-0.625
15.686111111111112,-0.635
15.688888888888888,-0.655
15.691666666666666,-0.63
15.694444444444445,-0.61
15.697222222222223,-0.625
15.7,-0.62
15.702777777777778,-0.635
15.705555555555556,-0.645
15.708333333333334,-0.635
15.71111111111111,-0.635
15.713888888888889,-0.615
15.716666666666667,-0.615
15.719444444444445,-0.62
15.722222222222221,-0.63
15.725,-0.63
15.727777777777778,-0.615
15.730555555555556,-0.605
15.733333333333333,-0.615
15.73611111111111,-0.615
15.738888888888889,-0.61
15.741666666666667,-0.6
15.744444444444444,-0.595
15.747222222222222,-0.57
15.75,-0.575
15.752777777777778,-0.575
15.755555555555556,-0.58
15.758333333333333,-0.555
15.761111111111111,-0.53
15.76388888888889,-0.52
15.766666666666667,-0.5
15.769444444444444,-0.515
15.772222222222222,-0.51
15.775,-0.48
15.777777777777779,-0.455
15.780555555555555,-0.44
15.783333333333333,-0.42
15.786111111111111,-0.4
15.78888888888889,-0.395
15.791666666666666,-0.395
15.794444444444444,-0.38
15.797222222222222,-0.345
15.8,-0.335
15.802777777777777,-0.33
15.805555555555555,-0.315
15.808333333333334,-0.295
15.811111111111112,-0.28
15.813888888888888,-0.27
15.816666666666666,-0.245
15.819444444444445,-0.235
15.822222222222223,-0.235
15.825,-0.215
15.827777777777778,-0.21
15.830555555555556,-0.185
15.833333333333334,-0.175
15.83611111111111,-0.185
15.838888888888889,-0.175
15.841666666666667,-0.16
15.844444444444445,-0.135
15.847222222222221,-0.12
15.85,-0.12
15.852777777777778,-0.12
15.855555555555556,-0.12
15.858333333333333,-0.115
15.86111111111111,-0.09
15.863888888888889,-0.07
15.866666666666667,-0.065
15.869444444444444,-0.06
15.872222222222222,-0.07
15.875,-0.06
15.877777777777778,-0.04
15.880555555555556,-0.03
15.883333333333333,-0.035
15.886111111111111,-0.05
15.88888888888889,-0.075
15.891666666666667,-0.08
15.894444444444444,-0.07
15.897222222222222,-0.06
15.9,-0.06
15.902777777777779,-0.06
15.905555555555555,-0.075
15.908333333333333,-0.06
15.911111111111111,-0.04
15.91388888888889,-0.03
15.916666666666666,-0.04
15.919444444444444,-0.055
15.922222222222222,-0.06
15.925,-0.055
15.927777777777777,-0.06
15.930555555555555,-0.065
15.933333333333334,-0.08
15.936111111111112,-0.1
15.938888888888888,-0.1
15.941666666666666,-0.1
15.944444444444445,-0.11
15.947222222222223,-0.08
15.95,-0.09
15.952777777777778,-0.115
15.955555555555556,-0.15
15.958333333333334,-0.16
15.96111111111111,-0.19
15.963888888888889,-0.205
15.966666666666667,-0.235
15.969444444444445,-0.265
15.972222222222221,-0.315
15.975,-0.325
15.977777777777778,-0.335
15.980555555555556,-0.35
15.983333333333333,-0.35
15.98611111111111,-0.37
15.988888888888889,-0.37
15.991666666666667,-0.375
15.994444444444444,-0.37
15.997222222222222,-0.375
16.0,-0.395
16.002777777777776,-0.395
16.005555555555556,-0.41
16.008333333333333,-0.42
16.011111111111113,-0.405
16.01388888888889,-0.415
16.016666666666666,-0.41
16.019444444444446,-0.41
16.022222222222222,-0.415
16.025,-0.41
16.02777777777778,-0.4
16.030555555555555,-0.395
16.033333333333335,-0.4
16.03611111111111,-0.42
16.038888888888888,-0.425
16.041666666666668,-0.43
16.044444444444444,-0.41
16.04722222222222,-0.395
16.05,-0.4
16.052777777777777,-0.405
16.055555555555557,-0.42
16.058333333333334,-0.4
16.06111111111111,-0.395
16.06388888888889,-0.39
16.066666666666666,-0.385
16.069444444444443,-0.4
16.072222222222223,-0.395
16.075,-0.375
16.07777777777778,-0.38
16.080555555555556,-0.37
16.083333333333332,-0.375
16.086111111111112,-0.38
16.08888888888889,-0.38
16.091666666666665,-0.38
16.094444444444445,-0.36
16.09722222222222,-0.355
16.1,-0.37
16.102777777777778,-0.385
16.105555555555554,-0.41
16.108333333333334,-0.415
16.11111111111111,-0.42
16.113888888888887,-0.405
16.116666666666667,-0.37
16.119444444444444,-0.33
16.122222222222224,-0.22
16.125,-0.08
16.127777777777776,0.04
16.130555555555556,0.135
16.133333333333333,0.17
16.136111111111113,0.195
16.13888888888889,0.245
16.141666666666666,0.345
16.144444444444446,0.495
16.147222222222222,0.61
16.15,0.69
16.15277777777778,0.775
16.155555555555555,0.815
16.158333333333335,0.84
16.16111111111111,0.855
16.163888888888888,0.85
16.166666666666668,0.825
16.169444444444444,0.79
16.17222222222222,0.74
16.175,0.64
16.177777777777777,0.56
16.180555555555557,0.485
16.183333333333334,0.42
16.18611111111111,0.33
16.18888888888889,0.235
16.191666666666666,0.13
16.194444444444443,0.005
16.197222222222223,-0.13
16.2,-0.275
16.20277777777778,-0.42
16.205555555555556,-0.56
16.208333333333332,-0.69
16.211111111111112,-0.77
16.21388888888889,-0.825
16.216666666666665,-0.865
16.219444444444445,-0.92
16.22222222222222,-0.93
16.225,-0.935
16.227777777777778,-0.93
16.230555555555554,-0.925
16.233333333333334,-0.925
16.23611111111111,-0.935
16.238888888888887,-0.93
16.241666666666667,-0.895
16.244444444444444,-0.86
16.247222222222224,-0.82
16.25,-0.79
16.252777777777776,-0.765
16.255555555555556,-0.765
16.258333333333333,-0.74
16.261111111111113,-0.715
16.26388888888889,-0.69
16.266666666666666,-0.66
16.269444444444446,-0.66
16.272222222222222,-0.625
16.275,-0.61
16.27777777777778,-0.605
16.280555555555555,-0.58
16.283333333333335,-0.565
16.28611111111111,-0.57
16.288888888888888,-0.57
16.291666666666668,-0.565
16.294444444444444,-0.56
16.29722222222222,-0.56
16.3,-0.565
16.302777777777777,-0.575
16.305555555555557,-0.585
16.308333333333334,-0.58
16.31111111111111,-0.575
16.31388888888889,-0.58
16.316666666666666,-0.585
16.319444444444443,-0.585
16.322222222222223,-0.605
16.325,-0.6
16.32777777777778,-0.585
16.330555555555556,-0.57
16.333333333333332,-0.595
16.336111111111112,-0.595
16.33888888888889,-0.605
16.341666666666665,-0.61
16.344444444444445,-0.6
16.34722222222222,-0.59
16.35,-0.585
16.352777777777778,-0.59
16.355555555555554,-0.595
16.358333333333334,-0.59
16.36111111111111,-0.58
16.363888888888887,-0.57
16.366666666666667,-0.56
16.369444444444444,-0.58
16.372222222222224,-0.585
16.375,-0.56
16.377777777777776,-0.545
16.380555555555556,-0.535
16.383333333333333,-0.535
16.386111111111113,-0.535
16.38888888888889,-0.545
16.391666666666666,-0.51
16.394444444444446,-0.5
16.397222222222222,-0.475
16.4,-0.47
16.40277777777778,-0.465
16.405555555555555,-0.46
16.408333333333335,-0.445
16.41111111111111,-0.42
16.413888888888888,-0.405
16.416666666666668,-0.39
16.419444444444444,-0.385
16.42222222222222,-0.375
16.425,-0.355
16.427777777777777,-0.335
16.430555555555557,-0.315
16.433333333333334,-0.295
16.43611111111111,-0.295
16.43888888888889,-0.285
16.441666666666666,-0.27
16.444444444444443,-0.245
16.447222222222223,-0.235
16.45,-0.205
16.45277777777778,-0.215
16.455555555555556,-0.195
16.458333333333332,-0.185
16.461111111111112,-0.165
16.46388888888889,-0.15
16.466666666666665,-0.15
16.469444444444445,-0.15
16.47222222222222,-0.15
16.475,-0.125
16.477777777777778,-0.115
16.480555555555554,-0.085
16.483333333333334,-0.08
16.48611111111111,-0.08
16.488888888888887,-0.085
16.491666666666667,-0.06
16.494444444444444,-0.035
16.497222222222224,-0.02
16.5,-0.01
16.502777777777776,-0.02
16.505555555555556,-0.015
16.508333333333333,0.0
16.511111111111113,0.01
16.51388888888889,0.02
16.516666666666666,0.015
16.519444444444446,-0.005
16.522222222222222,-0.03
16.525,-0.035
16.52777777777778,-0.025
16.530555555555555,-0.02
16.533333333333335,-0.035
16.53611111111111,-0.02
16.538888888888888,-0.025
16.541666666666668,-0.01
16.544444444444444,0.005
16.54722222222222,0.0
16.55,0.0
16.552777777777777,-0.02
16.555555555555557,-0.025
16.558333333333334,-0.03
16.56111111111111,-0.02
16.56388888888889,-0.02
16.566666666666666,-0.025
16.569444444444443,-0.065
16.572222222222223,-0.07
16.575,-0.07
16.57777777777778,-0.06
16.580555555555556,-0.07
16.583333333333332,-0.05
16.586111111111112,-0.065
16.58888888888889,-0.07
16.591666666666665,-0.085
16.594444444444445,-0.1
16.59722222222222,-0.125
16.6,-0.155
16.602777777777778,-0.195
16.605555555555554,-0.24
16.608333333333334,-0.255
16.61111111111111,-0.275
16.613888888888887,-0.3
16.616666666666667,-0.32
16.619444444444444,-0.335
16.622222222222224,-0.355
16.625,-0.35
16.627777777777776,-0.345
16.630555555555556,-0.335
16.633333333333333,-0.36
16.636111111111113,-0.37
16.63888888888889,-0.38
16.641666666666666,-0.38
16.644444444444446,-0.365
16.647222222222222,-0.36
16.65,-0.375
16.65277777777778,-0.385
16.655555555555555,-0.385
16.658333333333335,-0.38
16.66111111111111,-0.375
16.663888888888888,-0.37
16.666666666666668,-0.365
16.669444444444444,-0.38
16.67222222222222,-0.385
16.675,-0.375
16.677777777777777,-0.37
16.680555555555557,-0.355
16.683333333333334,-0.365
16.68611111111111,-0.37
16.68888888888889,-0.37
16.691666666666666,-0.37
16.694444444444443,-0.365
16.697222222222223,-0.355
16.7,-0.35
16.70277777777778,-0.36
16.705555555555556,-0.37
16.708333333333332,-0.36
16.711111111111112,-0.34
16.71388888888889,-0.34
16.716666666666665,-0.335
16.719444444444445,-0.35
16.72222222222222,-0.345
16.725,-0.345
16.727777777777778,-0.33
16.730555555555554,-0.33
16.733333333333334,-0.34
16.73611111111111,-0.37
16.738888888888887,-0.39
16.741666666666667,-0.41
16.744444444444444,-0.405
16.747222222222224,-0.41
16.75,-0.38
16.752777777777776,-0.305
16.755555555555556,-0.2
16.758333333333333,-0.07
16.761111111111113,0.055
16.76388888888889,0.13
16.766666666666666,0.18
16.769444444444446,0.24
16.772222222222222,0.315
16.775,0.46
16.77777777777778,0.59
16.780555555555555,0.705
16.783333333333335,0.79
16.78611111111111,0.855
16.788888888888888,0.91
16.791666666666668,0.945
16.794444444444444,0.975
16.79722222222222,0.965
16.8,0.935
16.802777777777777,0.87
16.805555555555557,0.76
16.808333333333334,0.645
16.81111111111111,0.55
16.81388888888889,0.465
16.816666666666666,0.365
16.819444444444443,0.23
16.822222222222223,0.1
16.825,-0.055
16.82777777777778,-0.225
16.830555555555556,-0.36
16.833333333333332,-0.515
16.836111111111112,-0.645
16.83888888888889,-0.745
16.841666666666665,-0.8
16.844444444444445,-0.84
16.84722222222222,-0.88
16.85,-0.895
16.852777777777778,-0.905
16.855555555555554,-0.91
16.858333333333334,-0.9
16.86111111111111,-0.895
16.863888888888887,-0.89
16.866666666666667,-0.87
16.869444444444444,-0.85
16.872222222222224,-0.815
16.875,-0.785
16.877777777777776,-0.74
16.880555555555556,-0.72
16.883333333333333,-0.715
16.886111111111113,-0.695
16.88888888888889,-0.665
16.891666666666666,-0.64
16.894444444444446,-0.625
16.897222222222222,-0.59
16.9,-0.58
16.90277777777778,-0.58
16.905555555555555,-0.58
16.908333333333335,-0.56
16.91111111111111,-0.55
16.913888888888888,-0.54
16.916666666666668,-0.545
16.919444444444444,-0.565
16.92222222222222,-0.575
16.925,-0.56
16.927777777777777,-0.56
16.930555555555557,-0.555
16.933333333333334,-0.56
16.93611111111111,-0.585
16.93888888888889,-0.58
16.941666666666666,-0.59
16.944444444444443,-0.585
16.947222222222223,-0.58
16.95,-0.585
16.95277777777778,-0.585
16.955555555555556,-0.6
16.958333333333332,-0.59
16.961111111111112,-0.595
16.96388888888889,-0.565
16.966666666666665,-0.585
16.969444444444445,-0.59
16.97222222222222,-0.595
16.975,-0.59
16.977777777777778,-0.575
16.980555555555554,-0.57
16.983333333333334,-0.555
16.98611111111111,-0.555
16.988888888888887,-0.56
16.991666666666667,-0.555
16.994444444444444,-0.535
16.997222222222224,-0.53
17.0,-0.52
17.002777777777776,-0.51
17.005555555555556,-0.5
17.008333333333333,-0.48
17.011111111111113,-0.46
17.01388888888889,-0.44
17.016666666666666,-0.44
17.019444444444446,-0.435
17.022222222222222,-0.415
17.025,-0.395
17.02777777777778,-0.375
17.030555555555555,-0.35
17.033333333333335,-0.34
17.03611111111111,-0.35
17.038888888888888,-0.335
17.041666666666668,-0.315
17.044444444444444,-0.285
17.04722222222222,-0.275
17.05,-0.26
17.052777777777777,-0.25
17.055555555555557,-0.25
17.058333333333334,-0.225
17.06111111111111,-0.215
17.06388888888889,-0.18
17.066666666666666,-0.17
17.069444444444443,-0.17
17.072222222222223,-0.18
17.075,-0.145
17.07777777777778,-0.13
17.080555555555556,-0.105
17.083333333333332,-0.105
17.086111111111112,-0.09
17.08888888888889,-0.09
17.091666666666665,-0.065
17.094444444444445,-0.05
17.09722222222222,-0.025
17.1,-0.025
17.102777777777778,-0.02
17.105555555555554,-0.025
17.108333333333334,-0.01
17.11111111111111,0.005
17.113888888888887,0.02
17.116666666666667,0.02
17.119444444444444,0.01
17.122222222222224,-0.015
17.125,-0.02
17.127777777777776,-0.015
17.130555555555556,-0.015
17.133333333333333,-0.02
17.136111111111113,-0.015
17.13888888888889,-0.01
17.141666666666666,0.0
17.144444444444446,0.0
17.147222222222222,0.01
17.15,0.005
17.15277777777778,-0.015
17.155555555555555,-0.015
17.158333333333335,-0.015
17.16111111111111,-0.02
17.163888888888888,-0.025
17.166666666666668,-0.025
17.169444444444444,-0.05
17.17222222222222,-0.065
17.175,-0.065
17.177777777777777,-0.055
17.180555555555557,-0.055
17.183333333333334,-0.05
17.18611111111111,-0.065
17.18888888888889,-0.1
17.191666666666666,-0.115
17.194444444444443,-0.13
17.197222222222223,-0.165
17.2,-0.205
17.20277777777778,-0.235
17.205555555555556,-0.28
17.208333333333332,-0.305
17.211111111111112,-0.32
17.21388888888889,-0.34
17.216666666666665,-0.355
17.219444444444445,-0.365
17.22222222222222,-0.37
17.225,-0.375
17.227777777777778,-0.37
17.230555555555554,-0.38
17.233333333333334,-0.385
17.23611111111111,-0.385
17.238888888888887,-0.41
17.241666666666667,-0.4
17.244444444444444,-0.4
17.247222222222224,-0.395
17.25,-0.39
17.252777777777776,-0.395
17.255555555555556,-0.415
17.258333333333333,-0.4
17.261111111111113,-0.395
17.26388888888889,-0.39
17.266666666666666,-0.395
17.269444444444446,-0.395
17.272222222222222,-0.405
17.275,-0.39
17.27777777777778,-0.385
17.280555555555555,-0.37
17.283333333333335,-0.38
17.28611111111111,-0.39
17.288888888888888,-0.405
17.291666666666668,-0.395
17.294444444444444,-0.375
17.29722222222222,-0.365
17.3,-0.375
17.302777777777777,-0.375
17.305555555555557,-0.385
17.308333333333334,-0.375
17.31111111111111,-0.365
17.31388888888889,-0.36
17.316666666666666,-0.385
17.319444444444443,-0.395
17.322222222222223,-0.425
17.325,-0.435
17.32777777777778,-0.445
17.330555555555556,-0.48
17.333333333333332,-0.495
17.336111111111112,-0.55
17.33888888888889,-0.585
17.341666666666665,-0.605
17.344444444444445,-0.61
17.34722222222222,-0.6
17.35,-0.535
17.352777777777778,-0.435
17.355555555555554,-0.275
17.358333333333334,-0.085
17.36111111111111,0.095
17.363888888888887,0.225
17.366666666666667,0.285
17.369444444444444,0.37
17.372222222222224,0.52
17.375,0.73
17.377777777777776,0.96
17.380555555555556,1.175
17.383333333333333,1.365
17.386111111111113,1.5
17.38888888888889,1.555
17.391666666666666,1.485
17.394444444444446,1.345
17.397222222222222,1.14
17.4,0.89
17.40277777777778,0.635
17.405555555555555,0.33
17.408333333333335,0.03
17.41111111111111,-0.16
17.413888888888888,-0.285
17.416666666666668,-0.395
17.419444444444444,-0.445
17.42222222222222,-0.46
17.425,-0.46
17.427777777777777,-0.45
17.430555555555557,-0.455
17.433333333333334,-0.465
17.43611111111111,-0.47
17.43888888888889,-0.485
17.441666666666666,-0.47
17.444444444444443,-0.475
17.447222222222223,-0.475
17.45,-0.48
17.45277777777778,-0.49
17.455555555555556,-0.495
17.458333333333332,-0.49
17.461111111111112,-0.49
17.46388888888889,-0.485
17.466666666666665,-0.49
17.469444444444445,-0.495
17.47222222222222,-0.515
17.475,-0.505
17.477777777777778,-0.505
17.480555555555554,-0.495
17.483333333333334,-0.51
17.48611111111111,-0.525
17.488888888888887,-0.53
17.491666666666667,-0.54
17.494444444444444,-0.525
17.497222222222224,-0.515
17.5,-0.535
17.502777777777776,-0.54
17.505555555555556,-0.56
17.508333333333333,-0.55
17.511111111111113,-0.56
17.51388888888889,-0.545
17.516666666666666,-0.555
17.519444444444446,-0.575
17.522222222222222,-0.575
17.525,-0.575
17.52777777777778,-0.58
17.530555555555555,-0.575
17.533333333333335,-0.575
17.53611111111111,-0.595
17.538888888888888,-0.605
17.541666666666668,-0.605
17.544444444444444,-0.6
17.54722222222222,-0.6
17.55,-0.595
17.552777777777777,-0.615
17.555555555555557,-0.625
17.558333333333334,-0.625
17.56111111111111,-0.61
17.56388888888889,-0.605
17.566666666666666,-0.62
17.569444444444443,-0.63
17.572222222222223,-0.625
17.575,-0.62
17.57777777777778,-0.62
17.580555555555556,-0.605
17.583333333333332,-0.605
17.586111111111112,-0.615
17.58888888888889,-0.62
17.591666666666665,-0.595
17.594444444444445,-0.59
17.59722222222222,-0.58
17.6,-0.575
17.602777777777778,-0.585
17.605555555555554,-0.575
17.608333333333334,-0.56
17.61111111111111,-0.55
17.613888888888887,-0.55
17.616666666666667,-0.53
17.619444444444444,-0.525
17.622222222222224,-0.525
17.625,-0.515
17.627777777777776,-0.505
17.630555555555556,-0.48
17.633333333333333,-0.49
17.636111111111113,-0.475
17.63888888888889,-0.475
17.641666666666666,-0.46
17.644444444444446,-0.435
17.647222222222222,-0.42
17.65,-0.415
17.65277777777778,-0.42
17.655555555555555,-0.42
17.658333333333335,-0.405
17.66111111111111,-0.38
17.663888888888888,-0.37
17.666666666666668,-0.36
17.669444444444444,-0.345
17.67222222222222,-0.34
17.675,-0.325
17.677777777777777,-0.31
17.680555555555557,-0.29
17.683333333333334,-0.3
17.68611111111111,-0.3
17.68888888888889,-0.29
17.691666666666666,-0.27
17.694444444444443,-0.24
17.697222222222223,-0.235
17.7,-0.22
17.70277777777778,-0.215
17.705555555555556,-0.205
17.708333333333332,-0.18
17.711111111111112,-0.15
17.71388888888889,-0.15
17.716666666666665,-0.145
17.719444444444445,-0.145
17.72222222222222,-0.15
17.725,-0.14
17.727777777777778,-0.12
17.730555555555554,-0.125
17.733333333333334,-0.14
17.73611111111111,-0.14
17.738888888888887,-0.15
17.741666666666667,-0.15
17.744444444444444,-0.13
17.747222222222224,-0.105
17.75,-0.1
17.752777777777776,-0.095
17.755555555555556,-0.11
17.758333333333333,-0.095
17.761111111111113,-0.085
17.76388888888889,-0.08
17.766666666666666,-0.09
17.769444444444446,-0.11
17.772222222222222,-0.125
17.775,-0.12
17.77777777777778,-0.115
17.780555555555555,-0.11
17.783333333333335,-0.125
17.78611111111111,-0.125
17.788888888888888,-0.12
17.791666666666668,-0.12
17.794444444444444,-0.12
17.79722222222222,-0.14
17.8,-0.155
17.802777777777777,-0.21
17.805555555555557,-0.24
17.808333333333334,-0.275
17.81111111111111,-0.285
17.81388888888889,-0.29
17.816666666666666,-0.34
17.819444444444443,-0.36
17.822222222222223,-0.39
17.825,-0.385
17.82777777777778,-0.385
17.830555555555556,-0.365
17.833333333333332,-0.385
17.836111111111112,-0.385
17.83888888888889,-0.415
17.841666666666665,-0.41
17.844444444444445,-0.395
17.84722222222222,-0.39
17.85,-0.41
17.852777777777778,-0.405
17.855555555555554,-0.41
17.858333333333334,-0.395
17.86111111111111,-0.39
17.863888888888887,-0.39
17.866666666666667,-0.395
17.869444444444444,-0.4
17.872222222222224,-0.415
17.875,-0.405
17.877777777777776,-0.395
17.880555555555556,-0.38
17.883333333333333,-0.39
17.886111111111113,-0.395
17.88888888888889,-0.41
17.891666666666666,-0.395
17.894444444444446,-0.385
17.897222222222222,-0.39
17.9,-0.395
17.90277777777778,-0.4
17.905555555555555,-0.4
17.908333333333335,-0.39
17.91111111111111,-0.385
17.913888888888888,-0.37
17.916666666666668,-0.365
17.919444444444444,-0.38
17.92222222222222,-0.385
17.925,-0.37
17.927777777777777,-0.36
17.930555555555557,-0.35
17.933333333333334,-0.36
17.93611111111111,-0.355
17.93888888888889,-0.37
17.941666666666666,-0.375
17.944444444444443,-0.38
17.947222222222223,-0.39
17.95,-0.4
17.95277777777778,-0.41
17.955555555555556,-0.4
17.958333333333332,-0.335
17.961111111111112,-0.215
17.96388888888889,-0.07
17.966666666666665,0.06
17.969444444444445,0.185
17.97222222222222,0.28
17.975,0.355
17.977777777777778,0.425
17.980555555555554,0.53
17.983333333333334,0.67
17.98611111111111,0.775
17.988888888888887,0.875
17.991666666666667,0.97
17.994444444444444,1.07
17.997222222222224,1.14
18.0,1.17
18.002777777777776,1.16
18.005555555555556,1.15
18.008333333333333,1.095
18.011111111111113,1.055
18.01388888888889,0.97
18.016666666666666,0.82
18.019444444444446,0.665
18.022222222222222,0.52
18.025,0.435
18.02777777777778,0.335
18.030555555555555,0.22
18.033333333333335,0.07
18.03611111111111,-0.09
18.038888888888888,-0.255
18.041666666666668,-0.395
18.044444444444444,-0.555
18.04722222222222,-0.685
18.05,-0.825
18.052777777777777,-0.92
18.055555555555557,-1.0
18.058333333333334,-1.04
18.06111111111111,-1.065
18.06388888888889,-1.06
18.066666666666666,-1.08
18.069444444444443,-1.075
18.072222222222223,-1.08
18.075,-1.065
18.07777777777778,-1.065
18.080555555555556,-1.04
18.083333333333332,-1.01
18.086111111111112,-0.975
18.08888888888889,-0.94
18.091666666666665,-0.895
18.094444444444445,-0.86
18.09722222222222,-0.84
18.1,-0.82
18.102777777777778,-0.825
18.105555555555554,-0.795
18.108333333333334,-0.755
18.11111111111111,-0.73
18.113888888888887,-0.705
18.116666666666667,-0.69
18.119444444444444,-0.675
18.122222222222224,-0.68
18.125,-0.66
18.127777777777776,-0.645
18.130555555555556,-0.645
18.133333333333333,-0.655
18.136111111111113,-0.66
18.13888888888889,-0.685
18.141666666666666,-0.675
18.144444444444446,-0.675
18.147222222222222,-0.675
18.15,-0.68
18.15277777777778,-0.69
18.155555555555555,-0.695
18.158333333333335,-0.695
18.16111111111111,-0.67
18.163888888888888,-0.69
18.166666666666668,-0.69
18.169444444444444,-0.705
18.17222222222222,-0.705
18.175,-0.695
18.177777777777777,-0.695
18.180555555555557,-0.7
18.183333333333334,-0.705
18.18611111111111,-0.71
18.18888888888889,-0.71
18.191666666666666,-0.71
18.194444444444443,-0.685
18.197222222222223,-0.68
18.2,-0.67
18.20277777777778,-0.68
18.205555555555556,-0.68
18.208333333333332,-0.67
18.211111111111112,-0.65
18.21388888888889,-0.64
18.216666666666665,-0.64
18.219444444444445,-0.66
18.22222222222222,-0.64
18.225,-0.615
18.227777777777778,-0.595
18.230555555555554,-0.58
18.233333333333334,-0.58
18.23611111111111,-0.58
18.238888888888887,-0.56
18.241666666666667,-0.54
18.244444444444444,-0.505
18.247222222222224,-0.495
18.25,-0.49
18.252777777777776,-0.47
18.255555555555556,-0.455
18.258333333333333,-0.445
18.261111111111113,-0.4
18.26388888888889,-0.395
18.266666666666666,-0.37
18.269444444444446,-0.37
18.272222222222222,-0.365
18.275,-0.33
18.27777777777778,-0.295
18.280555555555555,-0.295
18.283333333333335,-0.28
18.28611111111111,-0.26
18.288888888888888,-0.255
18.291666666666668,-0.235
18.294444444444444,-0.22
18.29722222222222,-0.21
18.3,-0.21
18.302777777777777,-0.205
18.305555555555557,-0.195
18.308333333333334,-0.18
18.31111111111111,-0.16
18.31388888888889,-0.14
18.316666666666666,-0.125
18.319444444444443,-0.115
18.322222222222223,-0.115
18.325,-0.105
18.32777777777778,-0.085
18.330555555555556,-0.07
18.333333333333332,-0.07
18.336111111111112,-0.08
18.33888888888889,-0.085
18.341666666666665,-0.07
18.344444444444445,-0.085
18.34722222222222,-0.085
18.35,-0.095
18.352777777777778,-0.105
18.355555555555554,-0.115
18.358333333333334,-0.105
18.36111111111111,-0.08
18.363888888888887,-0.065
18.366666666666667,-0.075
18.369444444444444,-0.09
18.372222222222224,-0.11
18.375,-0.105
18.377777777777776,-0.09
18.380555555555556,-0.09
18.383333333333333,-0.11
18.386111111111113,-0.13
18.38888888888889,-0.145
18.391666666666666,-0.135
18.394444444444446,-0.145
18.397222222222222,-0.135
18.4,-0.15
18.40277777777778,-0.16
18.405555555555555,-0.175
18.408333333333335,-0.2
18.41111111111111,-0.225
18.413888888888888,-0.255
18.416666666666668,-0.29
18.419444444444444,-0.315
18.42222222222222,-0.365
18.425,-0.38
18.427777777777777,-0.405
18.430555555555557,-0.435
18.433333333333334,-0.45
18.43611111111111,-0.465
18.43888888888889,-0.48
18.441666666666666,-0.48
18.444444444444443,-0.47
18.447222222222223,-0.47
18.45,-0.48
18.45277777777778,-0.495
18.455555555555556,-0.505
18.458333333333332,-0.5
18.461111111111112,-0.5
18.46388888888889,-0.495
18.466666666666665,-0.505
18.469444444444445,-0.525
18.47222222222222,-0.53
18.475,-0.515
18.477777777777778,-0.495
18.480555555555554,-0.505
18.483333333333334,-0.5
18.48611111111111,-0.515
18.488888888888887,-0.525
18.491666666666667,-0.51
18.494444444444444,-0.495
18.497222222222224,-0.49
18.5,-0.5
18.502777777777776,-0.5
18.505555555555556,-0.51
18.508333333333333,-0.505
18.511111111111113,-0.495
18.51388888888889,-0.47
18.516666666666666,-0.48
18.519444444444446,-0.49
18.522222222222222,-0.49
18.525,-0.475
18.52777777777778,-0.465
18.530555555555555,-0.455
18.533333333333335,-0.465
18.53611111111111,-0.475
18.538888888888888,-0.485
18.541666666666668,-0.48
18.544444444444444,-0.455
18.54722222222222,-0.465
18.55,-0.475
18.552777777777777,-0.485
18.555555555555557,-0.465
18.558333333333334,-0.385
18.56111111111111,-0.24
18.56388888888889,-0.085
18.566666666666666,0.04
18.569444444444443,0.145
18.572222222222223,0.21
18.575,0.26
18.57777777777778,0.335
18.580555555555556,0.43
18.583333333333332,0.55
18.586111111111112,0.64
18.58888888888889,0.735
18.591666666666665,0.83
18.594444444444445,0.88
18.59722222222222,0.885
18.6,0.86
18.602777777777778,0.83
18.605555555555554,0.785
18.608333333333334,0.72
18.61111111111111,0.625
18.613888888888887,0.49
18.616666666666667,0.385
18.619444444444444,0.295
18.622222222222224,0.19
18.625,0.075
18.627777777777776,-0.045
18.630555555555556,-0.195
18.633333333333333,-0.375
18.636111111111113,-0.535
18.63888888888889,-0.68
18.641666666666666,-0.8
18.644444444444446,-0.91
18.647222222222222,-0.98
18.65,-1.025
18.65277777777778,-1.055
18.655555555555555,-1.07
18.658333333333335,-1.075
18.66111111111111,-1.04
18.663888888888888,-1.03
18.666666666666668,-1.04
18.669444444444444,-1.03
18.67222222222222,-1.01
18.675,-0.96
18.677777777777777,-0.925
18.680555555555557,-0.875
18.683333333333334,-0.85
18.68611111111111,-0.84
18.68888888888889,-0.83
18.691666666666666,-0.8
18.694444444444443,-0.77
18.697222222222223,-0.73
18.7,-0.715
18.70277777777778,-0.715
18.705555555555556,-0.705
18.708333333333332,-0.69
18.711111111111112,-0.675
18.71388888888889,-0.67
18.716666666666665,-0.665
18.719444444444445,-0.665
18.72222222222222,-0.665
18.725,-0.665
18.727777777777778,-0.655
18.730555555555554,-0.67
18.733333333333334,-0.675
18.73611111111111,-0.675
18.738888888888887,-0.675
18.741666666666667,-0.67
18.744444444444444,-0.665
18.747222222222224,-0.665
18.75,-0.67
18.752777777777776,-0.68
18.755555555555556,-0.685
18.758333333333333,-0.68
18.761111111111113,-0.67
18.76388888888889,-0.675
18.766666666666666,-0.68
18.769444444444446,-0.68
18.772222222222222,-0.675
18.775,-0.67
18.77777777777778,-0.665
18.780555555555555,-0.655
18.783333333333335,-0.67
18.78611111111111,-0.67
18.788888888888888,-0.67
18.791666666666668,-0.67
18.794444444444444,-0.645
18.79722222222222,-0.63
18.8,-0.615
18.802777777777777,-0.625
18.805555555555557,-0.62
18.808333333333334,-0.595
18.81111111111111,-0.585
18.81388888888889,-0.57
18.816666666666666,-0.56
18.819444444444443,-0.555
18.822222222222223,-0.555
18.825,-0.535
18.82777777777778,-0.51
18.830555555555556,-0.495
18.833333333333332,-0.48
18.836111111111112,-0.485
18.83888888888889,-0.47
18.841666666666665,-0.445
18.844444444444445,-0.43
18.84722222222222,-0.4
18.85,-0.39
18.852777777777778,-0.39
18.855555555555554,-0.39
18.858333333333334,-0.355
18.86111111111111,-0.345
18.863888888888887,-0.32
18.866666666666667,-0.32
18.869444444444444,-0.31
18.872222222222224,-0.3
18.875,-0.28
18.877777777777776,-0.265
18.880555555555556,-0.24
18.883333333333333,-0.235
18.886111111111113,-0.24
18.88888888888889,-0.235
18.891666666666666,-0.22
18.894444444444446,-0.21
18.897222222222222,-0.2
18.9,-0.2
18.90277777777778,-0.19
18.905555555555555,-0.195
18.908333333333335,-0.19
18.91111111111111,-0.175
18.913888888888888,-0.165
18.916666666666668,-0.165
18.919444444444444,-0.15
18.92222222222222,-0.15
18.925,-0.12
18.927777777777777,-0.115
18.930555555555557,-0.11
18.933333333333334,-0.115
18.93611111111111,-0.11
18.93888888888889,-0.12
18.941666666666666,-0.115
18.944444444444443,-0.115
18.947222222222223,-0.105
18.95,-0.125
18.95277777777778,-0.14
18.955555555555556,-0.155
18.958333333333332,-0.14
18.961111111111112,-0.125
18.96388888888889,-0.12
18.966666666666665,-0.115
18.969444444444445,-0.115
18.97222222222222,-0.115
18.975,-0.115
18.977777777777778,-0.11
18.980555555555554,-0.125
18.983333333333334,-0.12
18.98611111111111,-0.13
18.988888888888887,-0.15
18.991666666666667,-0.15
18.994444444444444,-0.145
18.997222222222224,-0.145
19.0,-0.155
19.002777777777776,-0.165
19.005555555555556,-0.16
19.008333333333333,-0.145
19.011111111111113,-0.145
19.01388888888889,-0.165
19.016666666666666,-0.195
19.019444444444446,-0.235
19.022222222222222,-0.275
19.025,-0.29
19.02777777777778,-0.305
19.030555555555555,-0.32
19.033333333333335,-0.355
19.03611111111111,-0.38
19.038888888888888,-0.42
19.041666666666668,-0.435
19.044444444444444,-0.425
19.04722222222222,-0.415
19.05,-0.42
19.052777777777777,-0.43
19.055555555555557,-0.46
19.058333333333334,-0.455
19.06111111111111,-0.45
19.06388888888889,-0.455
19.066666666666666,-0.46
19.069444444444443,-0.46
19.072222222222223,-0.465
19.075,-0.45
19.07777777777778,-0.455
19.080555555555556,-0.445
19.083333333333332,-0.455
19.086111111111112,-0.46
19.08888888888889,-0.47
19.091666666666665,-0.46
19.094444444444445,-0.445
19.09722222222222,-0.435
19.1,-0.45
19.102777777777778,-0.46
19.105555555555554,-0.46
19.108333333333334,-0.46
19.11111111111111,-0.44
19.113888888888887,-0.43
19.116666666666667,-0.44
19.119444444444444,-0.445
19.122222222222224,-0.455
19.125,-0.45
19.127777777777776,-0.415
19.130555555555556,-0.42
19.133333333333333,-0.425
19.136111111111113,-0.43
19.13888888888889,-0.435
19.141666666666666,-0.415
19.144444444444446,-0.415
19.147222222222222,-0.4
19.15,-0.41
19.15277777777778,-0.415
19.155555555555555,-0.43
19.158333333333335,-0.445
19.16111111111111,-0.455
19.163888888888888,-0.45
19.166666666666668,-0.455
19.169444444444444,-0.43
19.17222222222222,-0.34
19.175,-0.21
19.177777777777777,-0.065
19.180555555555557,0.045
19.183333333333334,0.13
19.18611111111111,0.17
19.18888888888889,0.215
19.191666666666666,0.325
19.194444444444443,0.455
19.197222222222223,0.59
19.2,0.695
19.20277777777778,0.785
19.205555555555556,0.85
19.208333333333332,0.9
19.211111111111112,0.92
19.21388888888889,0.93
19.216666666666665,0.9
19.219444444444445,0.86
19.22222222222222,0.78
19.225,0.675
19.227777777777778,0.565
19.230555555555554,0.48
19.233333333333334,0.39
19.23611111111111,0.295
19.238888888888887,0.155
19.241666666666667,0.01
19.244444444444444,-0.125
19.247222222222224,-0.285
19.25,-0.445
19.252777777777776,-0.595
19.255555555555556,-0.735
19.258333333333333,-0.815
19.261111111111113,-0.87
19.26388888888889,-0.915
19.266666666666666,-0.955
19.269444444444446,-0.985
19.272222222222222,-0.995
19.275,-0.98
19.27777777777778,-0.97
19.280555555555555,-0.95
19.283333333333335,-0.94
19.28611111111111,-0.92
19.288888888888888,-0.885
19.291666666666668,-0.84
19.294444444444444,-0.8
19.29722222222222,-0.77
19.3,-0.76
19.302777777777777,-0.75
19.305555555555557,-0.715
19.308333333333334,-0.685
19.31111111111111,-0.66
19.31388888888889,-0.645
19.316666666666666,-0.625
19.319444444444443,-0.62
19.322222222222223,-0.63
19.325,-0.62
19.32777777777778,-0.61
19.330555555555556,-0.59
19.333333333333332,-0.61
19.336111111111112,-0.605
19.33888888888889,-0.61
19.341666666666665,-0.605
19.344444444444445,-0.61
19.34722222222222,-0.615
19.35,-0.615
19.352777777777778,-0.625
19.355555555555554,-0.64
19.358333333333334,-0.63
19.36111111111111,-0.625
19.363888888888887,-0.615
19.366666666666667,-0.62
19.369444444444444,-0.635
19.372222222222224,-0.645
19.375,-0.625
19.377777777777776,-0.625
19.380555555555556,-0.62
19.383333333333333,-0.62
19.386111111111113,-0.62
19.38888888888889,-0.635
19.391666666666666,-0.615
19.394444444444446,-0.595
19.397222222222222,-0.58
19.4,-0.59
19.40277777777778,-0.595
19.405555555555555,-0.585
19.408333333333335,-0.57
19.41111111111111,-0.545
19.413888888888888,-0.535
19.416666666666668,-0.53
19.419444444444444,-0.52
19.42222222222222,-0.525
19.425,-0.49
19.427777777777777,-0.475
19.430555555555557,-0.455
19.433333333333334,-0.44
19.43611111111111,-0.43
19.43888888888889,-0.435
19.441666666666666,-0.41
19.444444444444443,-0.38
19.447222222222223,-0.37
19.45,-0.35
19.45277777777778,-0.345
19.455555555555556,-0.345
19.458333333333332,-0.305
19.461111111111112,-0.29
19.46388888888889,-0.28
19.466666666666665,-0.27
19.469444444444445,-0.26
19.47222222222222,-0.245
19.475,-0.205
19.477777777777778,-0.2
19.480555555555554,-0.17
19.483333333333334,-0.185
19.48611111111111,-0.165
19.488888888888887,-0.16
19.491666666666667,-0.135
19.494444444444444,-0.12
19.497222222222224,-0.12
19.5,-0.11
19.502777777777776,-0.105
19.505555555555556,-0.1
19.508333333333333,-0.09
19.511111111111113,-0.07
19.51388888888889,-0.06
19.516666666666666,-0.04
19.519444444444446,-0.04
19.522222222222222,-0.03
19.525,-0.035
19.52777777777778,-0.025
19.530555555555555,-0.005
19.533333333333335,0.005
19.53611111111111,-0.015
19.538888888888888,-0.03
19.541666666666668,-0.02
19.544444444444444,-0.025
19.54722222222222,-0.04
19.55,-0.025
19.552777777777777,-0.03
19.555555555555557,-0.02
19.558333333333334,-0.005
19.56111111111111,0.005
19.56388888888889,0.005
19.566666666666666,-0.01
19.569444444444443,-0.03
19.572222222222223,-0.04
19.575,-0.055
19.57777777777778,-0.05
19.580555555555556,-0.05
19.583333333333332,-0.07
19.586111111111112,-0.085
19.58888888888889,-0.085
19.591666666666665,-0.085
19.594444444444445,-0.08
19.59722222222222,-0.085
19.6,-0.08
19.602777777777778,-0.1
19.605555555555554,-0.13
19.608333333333334,-0.11
19.61111111111111,-0.155
19.613888888888887,-0.18
19.616666666666667,-0.22
19.619444444444444,-0.25
19.622222222222224,-0.29
19.625,-0.31
19.627777777777776,-0.33
19.630555555555556,-0.35
19.633333333333333,-0.365
19.636111111111113,-0.375
19.63888888888889,-0.395
19.641666666666666,-0.39
19.644444444444446,-0.39
19.647222222222222,-0.395
19.65,-0.41
19.65277777777778,-0.415
19.655555555555555,-0.425
19.658333333333335,-0.415
19.66111111111111,-0.41
19.663888888888888,-0.41
19.666666666666668,-0.43
19.669444444444444,-0.425
19.67222222222222,-0.425
19.675,-0.42
19.677777777777777,-0.42
19.680555555555557,-0.415
19.683333333333334,-0.42
19.68611111111111,-0.425
19.68888888888889,-0.43
19.691666666666666,-0.41
19.694444444444443,-0.415
19.697222222222223,-0.41
19.7,-0.41
19.70277777777778,-0.42
19.705555555555556,-0.43
19.708333333333332,-0.425
19.711111111111112,-0.41
19.71388888888889,-0.4
19.716666666666665,-0.405
19.719444444444445,-0.41
19.72222222222222,-0.405
19.725,-0.41
19.727777777777778,-0.405
19.730555555555554,-0.39
19.733333333333334,-0.4
19.73611111111111,-0.4
19.738888888888887,-0.405
19.741666666666667,-0.385
19.744444444444444,-0.365
19.747222222222224,-0.365
19.75,-0.385
19.752777777777776,-0.41
19.755555555555556,-0.415
19.758333333333333,-0.425
19.761111111111113,-0.44
19.76388888888889,-0.435
19.766666666666666,-0.435
19.769444444444446,-0.39
19.772222222222222,-0.315
19.775,-0.17
19.77777777777778,-0.03
19.780555555555555,0.075
19.783333333333335,0.145
19.78611111111111,0.19
19.788888888888888,0.255
19.791666666666668,0.38
19.794444444444444,0.515
19.79722222222222,0.655
19.8,0.76
19.802777777777777,0.86
19.805555555555557,0.925
19.808333333333334,0.99
19.81111111111111,1.03
19.81388888888889,1.045
19.816666666666666,1.025
19.819444444444443,0.985
19.822222222222223,0.925
19.825,0.81
19.82777777777778,0.695
19.830555555555556,0.595
19.833333333333332,0.5
19.836111111111112,0.395
19.83888888888889,0.265
19.841666666666665,0.13
19.844444444444445,0.0
19.84722222222222,-0.16
19.85,-0.33
19.852777777777778,-0.5
19.855555555555554,-0.65
19.858333333333334,-0.76
19.86111111111111,-0.82
19.863888888888887,-0.875
19.866666666666667,-0.925
19.869444444444444,-0.955
19.872222222222224,-0.985
19.875,-0.97
19.877777777777776,-0.955
19.880555555555556,-0.95
19.883333333333333,-0.965
19.886111111111113,-0.96
19.88888888888889,-0.935
19.891666666666666,-0.88
19.894444444444446,-0.83
19.897222222222222,-0.81
19.9,-0.78
19.90277777777778,-0.765
19.905555555555555,-0.755
19.908333333333335,-0.72
19.91111111111111,-0.69
19.913888888888888,-0.66
19.916666666666668,-0.655
19.919444444444444,-0.63
19.92222222222222,-0.63
19.925,-0.615
19.927777777777777,-0.605
19.930555555555557,-0.595
19.933333333333334,-0.585
19.93611111111111,-0.6
19.93888888888889,-0.605
19.941666666666666,-0.605
19.944444444444443,-0.595
19.947222222222223,-0.595
19.95,-0.61
19.95277777777778,-0.605
19.955555555555556,-0.61
19.958333333333332,-0.61
19.961111111111112,-0.615
19.96388888888889,-0.615
19.966666666666665,-0.62
19.969444444444445,-0.635
19.97222222222222,-0.645
19.975,-0.625
19.977777777777778,-0.625
19.980555555555554,-0.625
19.983333333333334,-0.62
19.98611111111111,-0.64
19.988888888888887,-0.635
19.991666666666667,-0.63
19.994444444444444,-0.61
19.997222222222224,-0.615
20.0,-0.615
20.002777777777776,-0.62
20.005555555555556,-0.605
20.008333333333333,-0.6
20.011111111111113,-0.59
20.01388888888889,-0.58
20.016666666666666,-0.565
20.019444444444446,-0.575
20.022222222222222,-0.575
20.025,-0.555
20.02777777777778,-0.535
20.030555555555555,-0.515
20.033333333333335,-0.505
20.03611111111111,-0.505
20.038888888888888,-0.495
20.041666666666668,-0.485
20.044444444444444,-0.455
20.04722222222222,-0.43
20.05,-0.425
20.052777777777777,-0.405
20.055555555555557,-0.405
20.058333333333334,-0.365
20.06111111111111,-0.355
20.06388888888889,-0.34
20.066666666666666,-0.32
20.069444444444443,-0.32
20.072222222222223,-0.31
20.075,-0.275
20.07777777777778,-0.245
20.080555555555556,-0.245
20.083333333333332,-0.225
20.086111111111112,-0.21
20.08888888888889,-0.215
20.091666666666665,-0.195
20.094444444444445,-0.175
20.09722222222222,-0.16
20.1,-0.16
20.102777777777778,-0.16
20.105555555555554,-0.155
20.108333333333334,-0.125
20.11111111111111,-0.13
20.113888888888887,-0.1
20.116666666666667,-0.11
20.119444444444444,-0.095
20.122222222222224,-0.1
20.125,-0.08
20.127777777777776,-0.055
20.130555555555556,-0.035
20.133333333333333,-0.035
20.136111111111113,-0.04
20.13888888888889,-0.04
20.141666666666666,-0.025
20.144444444444446,-0.015
20.147222222222222,-0.01
20.15,-0.015
20.15277777777778,-0.045
20.155555555555555,-0.045
20.158333333333335,-0.055
20.16111111111111,-0.055
20.163888888888888,-0.03
20.166666666666668,-0.045
20.169444444444444,-0.04
20.17222222222222,-0.03
20.175,-0.025
20.177777777777777,-0.01
20.180555555555557,-0.025
20.183333333333334,-0.04
20.18611111111111,-0.05
20.18888888888889,-0.06
20.191666666666666,-0.065
20.194444444444443,-0.065
20.197222222222223,-0.07
20.2,-0.085
20.20277777777778,-0.105
20.205555555555556,-0.105
20.208333333333332,-0.095
20.211111111111112,-0.09
20.21388888888889,-0.095
20.216666666666665,-0.095
20.219444444444445,-0.12
20.22222222222222,-0.145
20.225,-0.15
20.227777777777778,-0.185
20.230555555555554,-0.215
20.233333333333334,-0.26
20.23611111111111,-0.295
20.238888888888887,-0.315
20.241666666666667,-0.34
20.244444444444444,-0.355
20.247222222222224,-0.365
20.25,-0.38
20.252777777777776,-0.41
20.255555555555556,-0.42
20.258333333333333,-0.42
20.261111111111113,-0.4
20.26388888888889,-0.41
20.266666666666666,-0.42
20.269444444444446,-0.43
20.272222222222222,-0.43
20.275,-0.425
20.27777777777778,-0.42
20.280555555555555,-0.405
20.283333333333335,-0.415
20.28611111111111,-0.425
20.288888888888888,-0.435
20.291666666666668,-0.435
20.294444444444444,-0.42
20.29722222222222,-0.415
20.3,-0.42
20.302777777777777,-0.43
20.305555555555557,-0.43
20.308333333333334,-0.425
20.31111111111111,-0.42
20.31388888888889,-0.41
20.316666666666666,-0.405
20.319444444444443,-0.42
20.322222222222223,-0.42
20.325,-0.405
20.32777777777778,-0.4
20.330555555555556,-0.4
20.333333333333332,-0.395
20.336111111111112,-0.41
20.33888888888889,-0.395
20.341666666666665,-0.41
20.344444444444445,-0.39
20.34722222222222,-0.385
20.35,-0.385
20.352777777777778,-0.39
20.355555555555554,-0.39
20.358333333333334,-0.38
20.36111111111111,-0.37
20.363888888888887,-0.37
20.366666666666667,-0.375
20.369444444444444,-0.39
20.372222222222224,-0.41
20.375,-0.425
20.377777777777776,-0.435
20.380555555555556,-0.445
20.383333333333333,-0.45
20.386111111111113,-0.435
20.38888888888889,-0.38
20.391666666666666,-0.275
20.394444444444446,-0.14
20.397222222222222,-0.02
20.4,0.095
20.40277777777778,0.17
20.405555555555555,0.22
20.408333333333335,0.315
20.41111111111111,0.44
20.413888888888888,0.58
20.416666666666668,0.705
20.419444444444444,0.815
20.42222222222222,0.91
20.425,1.01
20.427777777777777,1.085
20.430555555555557,1.105
20.433333333333334,1.125
20.43611111111111,1.115
20.43888888888889,1.08
20.441666666666666,1.02
20.444444444444443,0.945
20.447222222222223,0.805
20.45,0.67
20.45277777777778,0.565
20.455555555555556,0.465
20.458333333333332,0.365
20.461111111111112,0.25
20.46388888888889,0.1
20.466666666666665,-0.065
20.469444444444445,-0.235
20.47222222222222,-0.42
20.475,-0.565
20.477777777777778,-0.67
20.480555555555554,-0.77
20.483333333333334,-0.845
20.48611111111111,-0.91
20.488888888888887,-0.96
20.491666666666667,-0.985
20.494444444444444,-0.995
20.497222222222224,-0.99
20.5,-0.99
20.502777777777776,-0.98
20.505555555555556,-0.99
20.508333333333333,-0.985
20.511111111111113,-0.97
20.51388888888889,-0.935
20.516666666666666,-0.9
20.519444444444446,-0.87
20.522222222222222,-0.835
20.525,-0.81
20.52777777777778,-0.79
20.530555555555555,-0.765
20.533333333333335,-0.755
20.53611111111111,-0.735
20.538888888888888,-0.705
20.541666666666668,-0.68
20.544444444444444,-0.65
20.54722222222222,-0.63
20.55,-0.645
20.552777777777777,-0.63
20.555555555555557,-0.63
20.558333333333334,-0.61
20.56111111111111,-0.595
20.56388888888889,-0.585
20.566666666666666,-0.605
20.569444444444443,-0.6
20.572222222222223,-0.625
20.575,-0.615
20.57777777777778,-0.61
20.580555555555556,-0.61
20.583333333333332,-0.615
20.586111111111112,-0.625
20.58888888888889,-0.62
20.591666666666665,-0.62
20.594444444444445,-0.625
20.59722222222222,-0.62
20.6,-0.62
20.602777777777778,-0.65
20.605555555555554,-0.645
20.608333333333334,-0.635
20.61111111111111,-0.625
20.613888888888887,-0.625
20.616666666666667,-0.63
20.619444444444444,-0.635
20.622222222222224,-0.64
20.625,-0.63
20.627777777777776,-0.625
20.630555555555556,-0.615
20.633333333333333,-0.625
20.636111111111113,-0.625
20.63888888888889,-0.625
20.641666666666666,-0.61
20.644444444444446,-0.595
20.647222222222222,-0.6
20.65,-0.59
20.65277777777778,-0.58
20.655555555555555,-0.575
20.658333333333335,-0.56
20.66111111111111,-0.545
20.663888888888888,-0.53
20.666666666666668,-0.525
20.669444444444444,-0.52
20.67222222222222,-0.515
20.675,-0.495
20.677777777777777,-0.465
20.680555555555557,-0.455
20.683333333333334,-0.45
20.68611111111111,-0.435
20.68888888888889,-0.425
20.691666666666666,-0.395
20.694444444444443,-0.375
20.697222222222223,-0.36
20.7,-0.33
20.70277777777778,-0.335
20.705555555555556,-0.325
20.708333333333332,-0.295
20.711111111111112,-0.275
20.71388888888889,-0.265
20.716666666666665,-0.255
20.719444444444445,-0.245
20.72222222222222,-0.23
20.725,-0.205
20.727777777777778,-0.185
20.730555555555554,-0.175
20.733333333333334,-0.155
20.73611111111111,-0.165
20.738888888888887,-0.15
20.741666666666667,-0.125
20.744444444444444,-0.095
20.747222222222224,-0.095
20.75,-0.1
20.752777777777776,-0.1
20.755555555555556,-0.105
20.758333333333333,-0.075
20.761111111111113,-0.06
20.76388888888889,-0.06
20.766666666666666,-0.04
20.769444444444446,-0.035
20.772222222222222,-0.035
20.775,-0.015
20.77777777777778,-0.005
20.780555555555555,-0.01
20.783333333333335,-0.01
20.78611111111111,-0.02
20.788888888888888,-0.025
20.791666666666668,-0.02
20.794444444444444,-0.02
20.79722222222222,-0.04
20.8,-0.035
20.802777777777777,-0.04
20.805555555555557,-0.02
20.808333333333334,-0.005
20.81111111111111,0.0
20.81388888888889,0.0
20.816666666666666,-0.01
20.819444444444443,-0.02
20.822222222222223,-0.04
20.825,-0.05
20.82777777777778,-0.06
20.830555555555556,-0.065
20.833333333333332,-0.08
20.836111111111112,-0.09
20.83888888888889,-0.11
20.841666666666665,-0.095
20.844444444444445,-0.095
20.84722222222222,-0.105
20.85,-0.1
20.852777777777778,-0.125
20.855555555555554,-0.14
20.858333333333334,-0.155
20.86111111111111,-0.175
20.863888888888887,-0.23
20.866666666666667,-0.26
20.869444444444444,-0.29
20.872222222222224,-0.325
20.875,-0.34
20.877777777777776,-0.355
20.880555555555556,-0.385
20.883333333333333,-0.39
20.886111111111113,-0.4
20.88888888888889,-0.425
20.891666666666666,-0.415
20.894444444444446,-0.42
20.897222222222222,-0.415
20.9,-0.44
20.90277777777778,-0.435
20.905555555555555,-0.45
20.908333333333335,-0.435
20.91111111111111,-0.43
20.913888888888888,-0.435
20.916666666666668,-0.44
20.919444444444444,-0.435
20.92222222222222,-0.45
20.925,-0.44
20.927777777777777,-0.42
20.930555555555557,-0.42
20.933333333333334,-0.425
20.93611111111111,-0.43
20.93888888888889,-0.435
20.941666666666666,-0.42
20.944444444444443,-0.42
20.947222222222223,-0.415
20.95,-0.415
20.95277777777778,-0.415
20.955555555555556,-0.415
20.958333333333332,-0.425
20.961111111111112,-0.405
20.96388888888889,-0.405
20.966666666666665,-0.41
20.969444444444445,-0.415
20.97222222222222,-0.425
20.975,-0.415
20.977777777777778,-0.39
20.980555555555554,-0.385
20.983333333333334,-0.395
20.98611111111111,-0.4
20.988888888888887,-0.405
20.991666666666667,-0.39
20.994444444444444,-0.37
20.997222222222224,-0.375
21.0,-0.385
21.002777777777776,-0.415
21.005555555555556,-0.44
21.008333333333333,-0.43
21.011111111111113,-0.425
21.01388888888889,-0.42
21.016666666666666,-0.385
21.019444444444446,-0.31
21.022222222222222,-0.185
21.025,-0.04
21.02777777777778,0.1
21.030555555555555,0.205
21.033333333333335,0.29
21.03611111111111,0.35
21.038888888888888,0.415
21.041666666666668,0.535
21.044444444444444,0.655
21.04722222222222,0.775
21.05,0.88
21.052777777777777,0.975
21.055555555555557,1.075
21.058333333333334,1.155
21.06111111111111,1.205
21.06388888888889,1.215
21.066666666666666,1.2
21.069444444444443,1.155
21.072222222222223,1.085
21.075,1.02
21.07777777777778,0.905
21.080555555555556,0.75
21.083333333333332,0.595
21.086111111111112,0.47
21.08888888888889,0.35
21.091666666666665,0.245
21.094444444444445,0.1
21.09722222222222,-0.06
21.1,-0.245
21.102777777777778,-0.415
21.105555555555554,-0.575
21.108333333333334,-0.705
21.11111111111111,-0.81
21.113888888888887,-0.9
21.116666666666667,-0.96
21.119444444444444,-1.025
21.122222222222224,-1.05
21.125,-1.04
21.127777777777776,-1.035
21.130555555555556,-1.02
21.133333333333333,-1.015
21.136111111111113,-1.015
21.13888888888889,-1.025
21.141666666666666,-0.995
21.144444444444446,-0.96
21.147222222222222,-0.925
21.15,-0.88
21.15277777777778,-0.855
21.155555555555555,-0.845
21.158333333333335,-0.825
21.16111111111111,-0.775
21.163888888888888,-0.78
21.166666666666668,-0.765
21.169444444444444,-0.75
21.17222222222222,-0.71
21.175,-0.695
21.177777777777777,-0.675
21.180555555555557,-0.665
21.183333333333334,-0.64
21.18611111111111,-0.65
21.18888888888889,-0.65
21.191666666666666,-0.635
21.194444444444443,-0.63
21.197222222222223,-0.64
21.2,-0.64
21.20277777777778,-0.645
21.205555555555556,-0.64
21.208333333333332,-0.63
21.211111111111112,-0.635
21.21388888888889,-0.635
21.216666666666665,-0.635
21.219444444444445,-0.65
21.22222222222222,-0.665
21.225,-0.675
21.227777777777778,-0.665
21.230555555555554,-0.655
21.233333333333334,-0.67
21.23611111111111,-0.68
21.238888888888887,-0.685
21.241666666666667,-0.685
21.244444444444444,-0.66
21.247222222222224,-0.67
21.25,-0.68
21.252777777777776,-0.68
21.255555555555556,-0.685
21.258333333333333,-0.67
21.261111111111113,-0.67
21.26388888888889,-0.67
21.266666666666666,-0.66
21.269444444444446,-0.67
21.272222222222222,-0.67
21.275,-0.65
21.27777777777778,-0.64
21.280555555555555,-0.64
21.283333333333335,-0.625
21.28611111111111,-0.635
21.288888888888888,-0.625
21.291666666666668,-0.615
21.294444444444444,-0.6
21.29722222222222,-0.575
21.3,-0.575
21.302777777777777,-0.56
21.305555555555557,-0.555
21.308333333333334,-0.53
21.31111111111111,-0.53
21.31388888888889,-0.515
21.316666666666666,-0.495
21.319444444444443,-0.475
21.322222222222223,-0.495
21.325,-0.465
21.32777777777778,-0.45
21.330555555555556,-0.43
21.333333333333332,-0.415
21.336111111111112,-0.415
21.33888888888889,-0.395
21.341666666666665,-0.37
21.344444444444445,-0.35
21.34722222222222,-0.335
21.35,-0.34
21.352777777777778,-0.325
21.355555555555554,-0.315
21.358333333333334,-0.285
21.36111111111111,-0.265
21.363888888888887,-0.25
21.366666666666667,-0.245
21.369444444444444,-0.24
21.372222222222224,-0.23
21.375,-0.21
21.377777777777776,-0.19
21.380555555555556,-0.18
21.383333333333333,-0.18
21.386111111111113,-0.17
21.38888888888889,-0.17
21.391666666666666,-0.155
21.394444444444446,-0.13
21.397222222222222,-0.135
21.4,-0.135
21.40277777777778,-0.14
21.405555555555555,-0.13
21.408333333333335,-0.125
21.41111111111111,-0.105
21.413888888888888,-0.1
21.416666666666668,-0.1
21.419444444444444,-0.095
21.42222222222222,-0.08
21.425,-0.08
21.427777777777777,-0.065
21.430555555555557,-0.05
21.433333333333334,-0.055
21.43611111111111,-0.08
21.43888888888889,-0.075
21.441666666666666,-0.07
21.444444444444443,-0.06
21.447222222222223,-0.06
21.45,-0.095
21.45277777777778,-0.1
21.455555555555556,-0.115
21.458333333333332,-0.11
21.461111111111112,-0.095
21.46388888888889,-0.08
21.466666666666665,-0.07
21.469444444444445,-0.07
21.47222222222222,-0.08
21.475,-0.07
21.477777777777778,-0.065
21.480555555555554,-0.065
21.483333333333334,-0.085
21.48611111111111,-0.11
21.488888888888887,-0.125
21.491666666666667,-0.135
21.494444444444444,-0.115
21.497222222222224,-0.125
21.5,-0.13
21.502777777777776,-0.145
21.505555555555556,-0.155
21.508333333333333,-0.15
21.511111111111113,-0.14
21.51388888888889,-0.145
21.516666666666666,-0.155
21.519444444444446,-0.185
21.522222222222222,-0.205
21.525,-0.205
21.52777777777778,-0.23
21.530555555555555,-0.265
21.533333333333335,-0.29
21.53611111111111,-0.33
21.538888888888888,-0.355
21.541666666666668,-0.37
21.544444444444444,-0.39
21.54722222222222,-0.395
21.55,-0.405
21.552777777777777,-0.435
21.555555555555557,-0.435
21.558333333333334,-0.44
21.56111111111111,-0.445
21.56388888888889,-0.44
21.566666666666666,-0.465
21.569444444444443,-0.46
21.572222222222223,-0.47
21.575,-0.46
21.57777777777778,-0.435
21.580555555555556,-0.44
21.583333333333332,-0.445
21.586111111111112,-0.45
21.58888888888889,-0.455
21.591666666666665,-0.445
21.594444444444445,-0.44
21.59722222222222,-0.435
21.6,-0.435
21.602777777777778,-0.445
21.605555555555554,-0.44
21.608333333333334,-0.45
21.61111111111111,-0.435
21.613888888888887,-0.425
21.616666666666667,-0.435
21.619444444444444,-0.44
21.622222222222224,-0.44
21.625,-0.435
21.627777777777776,-0.415
21.630555555555556,-0.425
21.633333333333333,-0.425
21.636111111111113,-0.425
21.63888888888889,-0.415
21.641666666666666,-0.41
21.644444444444446,-0.41
21.647222222222222,-0.405
21.65,-0.4
21.65277777777778,-0.41
21.655555555555555,-0.405
21.658333333333335,-0.39
21.66111111111111,-0.38
21.663888888888888,-0.385
21.666666666666668,-0.395
21.669444444444444,-0.42
21.67222222222222,-0.435
21.675,-0.435
21.677777777777777,-0.415
21.680555555555557,-0.4
21.683333333333334,-0.365
21.68611111111111,-0.285
21.68888888888889,-0.16
21.691666666666666,-0.005
21.694444444444443,0.125
21.697222222222223,0.24
21.7,0.315
21.70277777777778,0.355
21.705555555555556,0.4
21.708333333333332,0.515
21.711111111111112,0.63
21.71388888888889,0.725
21.716666666666665,0.83
21.719444444444445,0.925
21.72222222222222,1.005
21.725,1.06
21.727777777777778,1.08
21.730555555555554,1.065
21.733333333333334,1.045
21.73611111111111,1.0
21.738888888888887,0.945
21.741666666666667,0.86
21.744444444444444,0.755
21.747222222222224,0.62
21.75,0.5
21.752777777777776,0.395
21.755555555555556,0.29
21.758333333333333,0.18
21.761111111111113,0.05
21.76388888888889,-0.12
21.766666666666666,-0.295
21.769444444444446,-0.455
21.772222222222222,-0.595
21.775,-0.72
21.77777777777778,-0.825
21.780555555555555,-0.89
21.783333333333335,-0.945
21.78611111111111,-1.0
21.788888888888888,-1.005
21.791666666666668,-1.02
21.794444444444444,-1.0
21.79722222222222,-0.995
21.8,-0.98
21.802777777777777,-1.0
21.805555555555557,-0.99
21.808333333333334,-0.955
21.81111111111111,-0.92
21.81388888888889,-0.875
21.816666666666666,-0.84
21.819444444444443,-0.825
21.822222222222223,-0.82
21.825,-0.78
21.82777777777778,-0.765
21.830555555555556,-0.74
21.833333333333332,-0.725
21.836111111111112,-0.7
21.83888888888889,-0.685
21.841666666666665,-0.66
21.844444444444445,-0.635
21.84722222222222,-0.64
21.85,-0.625
21.852777777777778,-0.63
21.855555555555554,-0.615
21.858333333333334,-0.615
21.86111111111111,-0.605
21.863888888888887,-0.61
21.866666666666667,-0.615
21.869444444444444,-0.62
21.872222222222224,-0.625
21.875,-0.63
21.877777777777776,-0.61
21.880555555555556,-0.62
21.883333333333333,-0.62
21.886111111111113,-0.65
21.88888888888889,-0.66
21.891666666666666,-0.64
21.894444444444446,-0.64
21.897222222222222,-0.65
21.9,-0.645
21.90277777777778,-0.65
21.905555555555555,-0.655
21.908333333333335,-0.655
21.91111111111111,-0.64
21.913888888888888,-0.645
21.916666666666668,-0.64
21.919444444444444,-0.65
21.92222222222222,-0.655
21.925,-0.635
21.927777777777777,-0.63
21.930555555555557,-0.625
21.933333333333334,-0.645
21.93611111111111,-0.645
21.93888888888889,-0.65
21.941666666666666,-0.63
21.944444444444443,-0.615
21.947222222222223,-0.6
21.95,-0.6
21.95277777777778,-0.605
21.955555555555556,-0.595
21.958333333333332,-0.58
21.961111111111112,-0.565
21.96388888888889,-0.55
21.966666666666665,-0.545
21.969444444444445,-0.535
21.97222222222222,-0.53
21.975,-0.515
21.977777777777778,-0.5
21.980555555555554,-0.475
21.983333333333334,-0.46
21.98611111111111,-0.46
21.988888888888887,-0.44
21.991666666666667,-0.42
21.994444444444444,-0.4
21.997222222222224,-0.375
22.0,-0.37
22.002777777777776,-0.36
22.005555555555556,-0.35
22.008333333333333,-0.335
22.011111111111113,-0.3
22.01388888888889,-0.285
22.016666666666666,-0.275
22.019444444444446,-0.28
22.022222222222222,-0.265
22.025,-0.235
22.02777777777778,-0.21
22.030555555555555,-0.205
22.033333333333335,-0.205
22.03611111111111,-0.2
22.038888888888888,-0.19
22.041666666666668,-0.165
22.044444444444444,-0.15
22.04722222222222,-0.135
22.05,-0.135
22.052777777777777,-0.145
22.055555555555557,-0.13
22.058333333333334,-0.125
22.06111111111111,-0.11
22.06388888888889,-0.115
22.066666666666666,-0.11
22.069444444444443,-0.115
22.072222222222223,-0.115
22.075,-0.105
22.07777777777778,-0.085
22.080555555555556,-0.085
22.083333333333332,-0.09
22.086111111111112,-0.085
22.08888888888889,-0.08
22.091666666666665,-0.07
22.094444444444445,-0.06
22.09722222222222,-0.055
22.1,-0.05
22.102777777777778,-0.07
22.105555555555554,-0.08
22.108333333333334,-0.06
22.11111111111111,-0.055
22.113888888888887,-0.05
22.116666666666667,-0.07
22.119444444444444,-0.09
22.122222222222224,-0.1
22.125,-0.095
22.127777777777776,-0.085
22.130555555555556,-0.075
22.133333333333333,-0.08
22.136111111111113,-0.08
22.13888888888889,-0.075
22.141666666666666,-0.065
22.144444444444446,-0.05
22.147222222222222,-0.065
22.15,-0.06
22.15277777777778,-0.08
22.155555555555555,-0.085
22.158333333333335,-0.09
22.16111111111111,-0.095
22.163888888888888,-0.105
22.166666666666668,-0.105
22.169444444444444,-0.125
22.17222222222222,-0.14
22.175,-0.125
22.177777777777777,-0.115
22.180555555555557,-0.105
22.183333333333334,-0.12
22.18611111111111,-0.12
22.18888888888889,-0.16
22.191666666666666,-0.16
22.194444444444443,-0.165
22.197222222222223,-0.2
22.2,-0.245
22.20277777777778,-0.275
22.205555555555556,-0.305
22.208333333333332,-0.315
22.211111111111112,-0.335
22.21388888888889,-0.36
22.216666666666665,-0.38
22.219444444444445,-0.405
22.22222222222222,-0.42
22.225,-0.415
22.227777777777778,-0.41
22.230555555555554,-0.415
22.233333333333334,-0.42
22.23611111111111,-0.435
22.238888888888887,-0.435
22.241666666666667,-0.43
22.244444444444444,-0.43
22.247222222222224,-0.425
22.25,-0.435
22.252777777777776,-0.445
22.255555555555556,-0.43
22.258333333333333,-0.43
22.261111111111113,-0.425
22.26388888888889,-0.42
22.266666666666666,-0.435
22.269444444444446,-0.455
22.272222222222222,-0.445
22.275,-0.43
22.27777777777778,-0.425
22.280555555555555,-0.425
22.283333333333335,-0.42
22.28611111111111,-0.42
22.288888888888888,-0.415
22.291666666666668,-0.41
22.294444444444444,-0.4
22.29722222222222,-0.4
22.3,-0.405
22.302777777777777,-0.42
22.305555555555557,-0.425
22.308333333333334,-0.42
22.31111111111111,-0.4
22.31388888888889,-0.395
22.316666666666666,-0.4
22.319444444444443,-0.4
22.322222222222223,-0.405
22.325,-0.39
22.32777777777778,-0.375
22.330555555555556,-0.37
22.333333333333332,-0.385
22.336111111111112,-0.39
22.33888888888889,-0.385
22.341666666666665,-0.38
22.344444444444445,-0.39
22.34722222222222,-0.41
22.35,-0.42
22.352777777777778,-0.44
22.355555555555554,-0.43
22.358333333333334,-0.42
22.36111111111111,-0.345
22.363888888888887,-0.26
22.366666666666667,-0.155
22.369444444444444,-0.05
22.372222222222224,0.055
22.375,0.155
22.377777777777776,0.225
22.380555555555556,0.265
22.383333333333333,0.355
22.386111111111113,0.48
22.38888888888889,0.6
22.391666666666666,0.74
22.394444444444446,0.84
22.397222222222222,0.92
22.4,0.985
22.40277777777778,1.01
22.405555555555555,1.025
22.408333333333335,1.01
22.41111111111111,1.01
22.413888888888888,0.955
22.416666666666668,0.85
22.419444444444444,0.7
22.42222222222222,0.58
22.425,0.49
22.427777777777777,0.415
22.430555555555557,0.29
22.433333333333334,0.14
22.43611111111111,-0.005
22.43888888888889,-0.175
22.441666666666666,-0.345
22.444444444444443,-0.485
22.447222222222223,-0.625
22.45,-0.75
22.45277777777778,-0.82
22.455555555555556,-0.875
22.458333333333332,-0.905
22.461111111111112,-0.915
22.46388888888889,-0.94
22.466666666666665,-0.925
22.469444444444445,-0.925
22.47222222222222,-0.935
22.475,-0.925
22.477777777777778,-0.925
22.480555555555554,-0.885
22.483333333333334,-0.865
22.48611111111111,-0.84
22.488888888888887,-0.815
22.491666666666667,-0.775
22.494444444444444,-0.74
22.497222222222224,-0.725
22.5,-0.705
22.502777777777776,-0.71
22.505555555555556,-0.675
22.508333333333333,-0.65
22.511111111111113,-0.62
22.51388888888889,-0.595
22.516666666666666,-0.6
22.519444444444446,-0.605
22.522222222222222,-0.595
22.525,-0.585
22.52777777777778,-0.58
22.530555555555555,-0.56
22.533333333333335,-0.58
22.53611111111111,-0.59
22.538888888888888,-0.595
22.541666666666668,-0.59
22.544444444444444,-0.575
22.54722222222222,-0.59
22.55,-0.6
22.552777777777777,-0.615
22.555555555555557,-0.61
22.558333333333334,-0.61
22.56111111111111,-0.595
22.56388888888889,-0.6
22.566666666666666,-0.615
22.569444444444443,-0.62
22.572222222222223,-0.63
22.575,-0.62
22.57777777777778,-0.615
22.580555555555556,-0.62
22.583333333333332,-0.62
22.586111111111112,-0.63
22.58888888888889,-0.625
22.591666666666665,-0.61
22.594444444444445,-0.6
22.59722222222222,-0.595
22.6,-0.595
22.602777777777778,-0.595
22.605555555555554,-0.595
22.608333333333334,-0.575
22.61111111111111,-0.555
22.613888888888887,-0.56
22.616666666666667,-0.535
22.619444444444444,-0.55
22.622222222222224,-0.525
22.625,-0.515
22.627777777777776,-0.495
22.630555555555556,-0.485
22.633333333333333,-0.48
22.636111111111113,-0.475
22.63888888888889,-0.46
22.641666666666666,-0.435
22.644444444444446,-0.41
22.647222222222222,-0.395
22.65,-0.385
22.65277777777778,-0.395
22.655555555555555,-0.36
22.658333333333335,-0.34
22.66111111111111,-0.31
22.663888888888888,-0.295
22.666666666666668,-0.28
22.669444444444444,-0.28
22.67222222222222,-0.265
22.675,-0.235
22.677777777777777,-0.21
22.680555555555557,-0.195
22.683333333333334,-0.195
22.68611111111111,-0.195
22.68888888888889,-0.18
22.691666666666666,-0.15
22.694444444444443,-0.14
22.697222222222223,-0.13
22.7,-0.13
22.70277777777778,-0.125
22.705555555555556,-0.125
22.708333333333332,-0.11
22.711111111111112,-0.08
22.71388888888889,-0.09
22.716666666666665,-0.085
22.719444444444445,-0.1
22.72222222222222,-0.095
22.725,-0.08
22.727777777777778,-0.065
22.730555555555554,-0.065
22.733333333333334,-0.075
22.73611111111111,-0.07
22.738888888888887,-0.075
22.741666666666667,-0.05
22.744444444444444,-0.035
22.747222222222224,-0.035
22.75,-0.025
22.752777777777776,-0.045
22.755555555555556,-0.045
22.758333333333333,-0.04
22.761111111111113,-0.03
22.76388888888889,-0.035
22.766666666666666,-0.04
22.769444444444446,-0.05
22.772222222222222,-0.05
22.775,-0.03
22.77777777777778,-0.01
22.780555555555555,-0.01
22.783333333333335,-0.02
22.78611111111111,-0.025
22.788888888888888,-0.03
22.791666666666668,-0.03
22.794444444444444,-0.02
22.79722222222222,-0.025
22.8,-0.07
22.802777777777777,-0.08
22.805555555555557,-0.085
22.808333333333334,-0.075
22.81111111111111,-0.06
22.81388888888889,-0.055
22.816666666666666,-0.07
22.819444444444443,-0.085
22.822222222222223,-0.095
22.825,-0.105
22.82777777777778,-0.125
22.830555555555556,-0.15
22.833333333333332,-0.195
22.836111111111112,-0.22
22.83888888888889,-0.26
22.841666666666665,-0.285
22.844444444444445,-0.3
22.84722222222222,-0.33
22.85,-0.35
22.852777777777778,-0.37
22.855555555555554,-0.38
22.858333333333334,-0.385
22.86111111111111,-0.37
22.863888888888887,-0.375
22.866666666666667,-0.395
22.869444444444444,-0.4
22.872222222222224,-0.405
22.875,-0.4
22.877777777777776,-0.39
22.880555555555556,-0.395
22.883333333333333,-0.395
22.886111111111113,-0.405
22.88888888888889,-0.405
22.891666666666666,-0.4
22.894444444444446,-0.39
22.897222222222222,-0.385
22.9,-0.395
22.90277777777778,-0.4
22.905555555555555,-0.395
22.908333333333335,-0.375
22.91111111111111,-0.375
22.913888888888888,-0.375
22.916666666666668,-0.385
22.919444444444444,-0.38
22.92222222222222,-0.39
22.925,-0.38
22.927777777777777,-0.36
22.930555555555557,-0.365
22.933333333333334,-0.365
22.93611111111111,-0.375
22.93888888888889,-0.375
22.941666666666666,-0.36
22.944444444444443,-0.36
22.947222222222223,-0.365
22.95,-0.36
22.95277777777778,-0.355
22.955555555555556,-0.36
22.958333333333332,-0.35
22.961111111111112,-0.335
22.96388888888889,-0.34
22.966666666666665,-0.345
22.969444444444445,-0.35
22.97222222222222,-0.38
22.975,-0.395
22.977777777777778,-0.4
22.980555555555554,-0.405
22.983333333333334,-0.41
22.98611111111111,-0.37
22.988888888888887,-0.29
22.991666666666667,-0.15
22.994444444444444,-0.015
22.997222222222224,0.115
23.0,0.195
23.002777777777776,0.25
23.005555555555556,0.32
23.008333333333333,0.45
23.011111111111113,0.6
23.01388888888889,0.735
23.016666666666666,0.84
23.019444444444446,0.935
23.022222222222222,1.03
23.025,1.1
23.02777777777778,1.155
23.030555555555555,1.165
23.033333333333335,1.155
23.03611111111111,1.12
23.038888888888888,1.06
23.041666666666668,0.98
23.044444444444444,0.845
23.04722222222222,0.72
23.05,0.61
23.052777777777777,0.51
23.055555555555557,0.4
23.058333333333334,0.28
23.06111111111111,0.13
23.06388888888889,-0.035
23.066666666666666,-0.215
23.069444444444443,-0.39
23.072222222222223,-0.56
23.075,-0.675
23.07777777777778,-0.76
23.080555555555556,-0.825
23.083333333333332,-0.89
23.086111111111112,-0.925
23.08888888888889,-0.945
23.091666666666665,-0.94
23.094444444444445,-0.925
23.09722222222222,-0.92
23.1,-0.92
23.102777777777778,-0.93
23.105555555555554,-0.93
23.108333333333334,-0.88
23.11111111111111,-0.835
23.113888888888887,-0.785
23.116666666666667,-0.77
23.119444444444444,-0.755
23.122222222222224,-0.74
23.125,-0.705
23.127777777777776,-0.675
23.130555555555556,-0.655
23.133333333333333,-0.64
23.136111111111113,-0.63
23.13888888888889,-0.62
23.141666666666666,-0.605
23.144444444444446,-0.575
23.147222222222222,-0.57
23.15,-0.575
23.15277777777778,-0.585
23.155555555555555,-0.585
23.158333333333335,-0.58
23.16111111111111,-0.565
23.163888888888888,-0.59
23.166666666666668,-0.585
23.169444444444444,-0.595
23.17222222222222,-0.605
23.175,-0.58
23.177777777777777,-0.58
23.180555555555557,-0.58
23.183333333333334,-0.595
23.18611111111111,-0.6
23.18888888888889,-0.61
23.191666666666666,-0.6
23.194444444444443,-0.605
23.197222222222223,-0.605
23.2,-0.61
23.20277777777778,-0.615
23.205555555555556,-0.62
23.208333333333332,-0.605
23.211111111111112,-0.6
23.21388888888889,-0.605
23.216666666666665,-0.605
23.219444444444445,-0.625
23.22222222222222,-0.62
23.225,-0.615
23.227777777777778,-0.585
23.230555555555554,-0.58
23.233333333333334,-0.585
23.23611111111111,-0.585
23.238888888888887,-0.58
23.241666666666667,-0.555
23.244444444444444,-0.535
23.247222222222224,-0.525
23.25,-0.53
23.252777777777776,-0.525
23.255555555555556,-0.51
23.258333333333333,-0.48
23.261111111111113,-0.47
23.26388888888889,-0.46
23.266666666666666,-0.44
23.269444444444446,-0.43
23.272222222222222,-0.41
23.275,-0.39
23.27777777777778,-0.36
23.280555555555555,-0.365
23.283333333333335,-0.335
23.28611111111111,-0.33
23.288888888888888,-0.315
23.291666666666668,-0.28
23.294444444444444,-0.265
23.29722222222222,-0.25
23.3,-0.245
23.302777777777777,-0.24
23.305555555555557,-0.225
23.308333333333334,-0.195
23.31111111111111,-0.185
23.31388888888889,-0.16
23.316666666666666,-0.15
23.319444444444443,-0.145
23.322222222222223,-0.14
23.325,-0.115
23.32777777777778,-0.105
23.330555555555556,-0.12
23.333333333333332,-0.11
23.336111111111112,-0.105
23.33888888888889,-0.11
23.341666666666665,-0.075
23.344444444444445,-0.07
23.34722222222222,-0.07
23.35,-0.075
23.352777777777778,-0.065
23.355555555555554,-0.075
23.358333333333334,-0.07
23.36111111111111,-0.07
23.363888888888887,-0.065
23.366666666666667,-0.05
23.369444444444444,-0.05
23.372222222222224,-0.045
23.375,-0.03
23.377777777777776,-0.025
23.380555555555556,-0.03
23.383333333333333,-0.05
23.386111111111113,-0.06
23.38888888888889,-0.06
23.391666666666666,-0.045
23.394444444444446,-0.035
23.397222222222222,-0.04
23.4,-0.04
23.40277777777778,-0.04
23.405555555555555,-0.03
23.408333333333335,-0.025
23.41111111111111,-0.015
23.413888888888888,-0.025
23.416666666666668,-0.04
23.419444444444444,-0.055
23.42222222222222,-0.08
23.425,-0.085
23.427777777777777,-0.075
23.430555555555557,-0.08
23.433333333333334,-0.09
23.43611111111111,-0.105
23.43888888888889,-0.1
23.441666666666666,-0.095
23.444444444444443,-0.095
23.447222222222223,-0.115
23.45,-0.14
23.45277777777778,-0.19
23.455555555555556,-0.23
23.458333333333332,-0.25
23.461111111111112,-0.275
23.46388888888889,-0.305
23.466666666666665,-0.33
23.469444444444445,-0.36
23.47222222222222,-0.39
23.475,-0.395
23.477777777777778,-0.385
23.480555555555554,-0.38
23.483333333333334,-0.395
23.48611111111111,-0.405
23.488888888888887,-0.415
23.491666666666667,-0.405
23.494444444444444,-0.405
23.497222222222224,-0.395
23.5,-0.395
23.502777777777776,-0.41
23.505555555555556,-0.415
23.508333333333333,-0.405
23.511111111111113,-0.395
23.51388888888889,-0.385
23.516666666666666,-0.395
23.519444444444446,-0.4
23.522222222222222,-0.4
23.525,-0.405
23.52777777777778,-0.39
23.530555555555555,-0.395
23.533333333333335,-0.39
23.53611111111111,-0.405
23.538888888888888,-0.405
23.541666666666668,-0.38
23.544444444444444,-0.37
23.54722222222222,-0.38
23.55,-0.385
23.552777777777777,-0.38
23.555555555555557,-0.39
23.558333333333334,-0.365
23.56111111111111,-0.36
23.56388888888889,-0.35
23.566666666666666,-0.365
23.569444444444443,-0.365
23.572222222222223,-0.355
23.575,-0.345
23.57777777777778,-0.33
23.580555555555556,-0.34
23.583333333333332,-0.345
23.586111111111112,-0.375
23.58888888888889,-0.385
23.591666666666665,-0.395
23.594444444444445,-0.395
23.59722222222222,-0.38
23.6,-0.345
23.602777777777778,-0.255
23.605555555555554,-0.125
23.608333333333334,0.025
23.61111111111111,0.165
23.613888888888887,0.26
23.616666666666667,0.335
23.619444444444444,0.42
23.622222222222224,0.56
23.625,0.72
23.627777777777776,0.86
23.630555555555556,0.985
23.633333333333333,1.07
23.636111111111113,1.135
23.63888888888889,1.175
23.641666666666666,1.21
23.644444444444446,1.205
23.647222222222222,1.17
23.65,1.1
23.65277777777778,0.97
23.655555555555555,0.805
23.658333333333335,0.66
23.66111111111111,0.55
23.663888888888888,0.44
23.666666666666668,0.29
23.669444444444444,0.115
23.67222222222222,-0.08
23.675,-0.26
23.677777777777777,-0.415
23.680555555555557,-0.58
23.683333333333334,-0.72
23.68611111111111,-0.81
23.68888888888889,-0.875
23.691666666666666,-0.905
23.694444444444443,-0.94
23.697222222222223,-0.95
23.7,-0.955
23.70277777777778,-0.955
23.705555555555556,-0.955
23.708333333333332,-0.945
23.711111111111112,-0.935
23.71388888888889,-0.915
23.716666666666665,-0.865
23.719444444444445,-0.835
23.72222222222222,-0.805
23.725,-0.775
23.727777777777778,-0.73
23.730555555555554,-0.72
23.733333333333334,-0.7
23.73611111111111,-0.67
23.738888888888887,-0.655
23.741666666666667,-0.61
23.744444444444444,-0.59
23.747222222222224,-0.575
23.75,-0.585
23.752777777777776,-0.58
23.755555555555556,-0.575
23.758333333333333,-0.565
23.761111111111113,-0.55
23.76388888888889,-0.555
23.766666666666666,-0.575
23.769444444444446,-0.585
23.772222222222222,-0.59
23.775,-0.585
23.77777777777778,-0.565
23.780555555555555,-0.575
23.783333333333335,-0.59
23.78611111111111,-0.595
23.788888888888888,-0.61
23.791666666666668,-0.605
23.794444444444444,-0.6
23.79722222222222,-0.595
23.8,-0.605
23.802777777777777,-0.62
23.805555555555557,-0.625
23.808333333333334,-0.615
23.81111111111111,-0.6
23.81388888888889,-0.615
23.816666666666666,-0.615
23.819444444444443,-0.63
23.822222222222223,-0.625
23.825,-0.605
23.82777777777778,-0.585
23.830555555555556,-0.58
23.833333333333332,-0.59
23.836111111111112,-0.61
23.83888888888889,-0.595
23.841666666666665,-0.565
23.844444444444445,-0.55
23.84722222222222,-0.555
23.85,-0.55
23.852777777777778,-0.54
23.855555555555554,-0.525
23.858333333333334,-0.515
23.86111111111111,-0.49
23.863888888888887,-0.46
23.866666666666667,-0.465
23.869444444444444,-0.44
23.872222222222224,-0.42
23.875,-0.4
23.877777777777776,-0.37
23.880555555555556,-0.355
23.883333333333333,-0.36
23.886111111111113,-0.34
23.88888888888889,-0.32
23.891666666666666,-0.305
23.894444444444446,-0.28
23.897222222222222,-0.275
23.9,-0.26
23.90277777777778,-0.24
23.905555555555555,-0.24
23.908333333333335,-0.205
23.91111111111111,-0.19
23.913888888888888,-0.175
23.916666666666668,-0.17
23.919444444444444,-0.175
23.92222222222222,-0.15
23.925,-0.13
23.927777777777777,-0.11
23.930555555555557,-0.105
23.933333333333334,-0.095
23.93611111111111,-0.1
23.93888888888889,-0.1
23.941666666666666,-0.085
23.944444444444443,-0.055
23.947222222222223,-0.055
23.95,-0.055
23.95277777777778,-0.065
23.955555555555556,-0.075
23.958333333333332,-0.06
23.961111111111112,-0.04
23.96388888888889,-0.045
23.966666666666665,-0.05
23.969444444444445,-0.055
23.97222222222222,-0.06
23.975,-0.04
23.977777777777778,-0.035
23.980555555555554,-0.01
23.983333333333334,-0.02
23.98611111111111,-0.025
23.988888888888887,-0.04
23.991666666666667,-0.02
23.994444444444444,-0.01
23.997222222222224,-0.02
24.0,-0.03
24.002777777777776,-0.03
24.005555555555556,-0.05
24.008333333333333,-0.025
24.011111111111113,-0.01
24.01388888888889,-0.02
24.016666666666666,-0.02
24.019444444444446,-0.015
24.022222222222222,-0.02
24.025,-0.02
24.02777777777778,0.005
24.030555555555555,-0.035
24.033333333333335,-0.045
24.03611111111111,-0.06
24.038888888888888,-0.08
24.041666666666668,-0.07
24.044444444444444,-0.06
24.04722222222222,-0.065
24.05,-0.075
24.052777777777777,-0.085
24.055555555555557,-0.085
24.058333333333334,-0.085
24.06111111111111,-0.09
24.06388888888889,-0.115
24.066666666666666,-0.155
24.069444444444443,-0.185
24.072222222222223,-0.23
24.075,-0.245
24.07777777777778,-0.255
24.080555555555556,-0.285
24.083333333333332,-0.315
24.086111111111112,-0.335
24.08888888888889,-0.36
24.091666666666665,-0.35
24.094444444444445,-0.355
24.09722222222222,-0.355
24.1,-0.375
24.102777777777778,-0.38
24.105555555555554,-0.39
24.108333333333334,-0.38
24.11111111111111,-0.365
24.113888888888887,-0.37
24.116666666666667,-0.375
24.119444444444444,-0.38
24.122222222222224,-0.38
24.125,-0.365
24.127777777777776,-0.36
24.130555555555556,-0.37
24.133333333333333,-0.36
24.136111111111113,-0.375
24.13888888888889,-0.38
24.141666666666666,-0.365
24.144444444444446,-0.345
24.147222222222222,-0.355
24.15,-0.36
24.15277777777778,-0.365
24.155555555555555,-0.365
24.158333333333335,-0.355
24.16111111111111,-0.35
24.163888888888888,-0.345
24.166666666666668,-0.345
24.169444444444444,-0.35
24.17222222222222,-0.355
24.175,-0.335
24.177777777777777,-0.325
24.180555555555557,-0.325
24.183333333333334,-0.33
24.18611111111111,-0.325
24.18888888888889,-0.335
24.191666666666666,-0.32
24.194444444444443,-0.305
24.197222222222223,-0.305
24.2,-0.315
24.20277777777778,-0.325
24.205555555555556,-0.32
24.208333333333332,-0.325
24.211111111111112,-0.325
24.21388888888889,-0.345
24.216666666666665,-0.365
24.219444444444445,-0.375
24.22222222222222,-0.36
24.225,-0.29
24.227777777777778,-0.17
24.230555555555554,-0.04
24.233333333333334,0.08
24.23611111111111,0.185
24.238888888888887,0.28
24.241666666666667,0.365
24.244444444444444,0.465
24.247222222222224,0.58
24.25,0.72
24.252777777777776,0.84
24.255555555555556,0.965
24.258333333333333,1.085
24.261111111111113,1.195
24.26388888888889,1.255
24.266666666666666,1.28
24.269444444444446,1.28
24.272222222222222,1.255
24.275,1.215
24.27777777777778,1.14
24.280555555555555,0.99
24.283333333333335,0.825
24.28611111111111,0.69
24.288888888888888,0.57
24.291666666666668,0.46
24.294444444444444,0.34
24.29722222222222,0.16
24.3,-0.025
24.302777777777777,-0.215
24.305555555555557,-0.39
24.308333333333334,-0.535
24.31111111111111,-0.65
24.31388888888889,-0.765
24.316666666666666,-0.83
24.319444444444443,-0.9
24.322222222222223,-0.935
24.325,-0.94
24.32777777777778,-0.93
24.330555555555556,-0.92
24.333333333333332,-0.925
24.336111111111112,-0.94
24.33888888888889,-0.925
24.341666666666665,-0.895
24.344444444444445,-0.84
24.34722222222222,-0.8
24.35,-0.775
24.352777777777778,-0.765
24.355555555555554,-0.73
24.358333333333334,-0.715
24.36111111111111,-0.68
24.363888888888887,-0.66
24.366666666666667,-0.645
24.369444444444444,-0.615
24.372222222222224,-0.61
24.375,-0.57
24.377777777777776,-0.565
24.380555555555556,-0.56
24.383333333333333,-0.545
24.386111111111113,-0.535
24.38888888888889,-0.545
24.391666666666666,-0.545
24.394444444444446,-0.54
24.397222222222222,-0.55
24.4,-0.56
24.40277777777778,-0.57
24.405555555555555,-0.565
24.408333333333335,-0.565
24.41111111111111,-0.545
24.413888888888888,-0.545
24.416666666666668,-0.55
24.419444444444444,-0.56
24.42222222222222,-0.585
24.425,-0.575
24.427777777777777,-0.565
24.430555555555557,-0.57
24.433333333333334,-0.575
24.43611111111111,-0.585
24.43888888888889,-0.59
24.441666666666666,-0.58
24.444444444444443,-0.57
24.447222222222223,-0.57
24.45,-0.575
24.45277777777778,-0.59
24.455555555555556,-0.595
24.458333333333332,-0.58
24.461111111111112,-0.555
24.46388888888889,-0.56
24.466666666666665,-0.56
24.469444444444445,-0.555
24.47222222222222,-0.57
24.475,-0.53
24.477777777777778,-0.505
24.480555555555554,-0.51
24.483333333333334,-0.495
24.48611111111111,-0.5
24.488888888888887,-0.495
24.491666666666667,-0.47
24.494444444444444,-0.44
24.497222222222224,-0.435
24.5,-0.435
24.502777777777776,-0.42
24.505555555555556,-0.415
24.508333333333333,-0.38
24.511111111111113,-0.355
24.51388888888889,-0.345
24.516666666666666,-0.335
24.519444444444446,-0.325
24.522222222222222,-0.305
24.525,-0.29
24.52777777777778,-0.26
24.530555555555555,-0.25
24.533333333333335,-0.225
24.53611111111111,-0.22
24.538888888888888,-0.215
24.541666666666668,-0.18
24.544444444444444,-0.165
24.54722222222222,-0.155
24.55,-0.145
24.552777777777777,-0.145
24.555555555555557,-0.125
24.558333333333334,-0.1
24.56111111111111,-0.095
24.56388888888889,-0.095
24.566666666666666,-0.08
24.569444444444443,-0.07
24.572222222222223,-0.065
24.575,-0.045
24.57777777777778,-0.03
24.580555555555556,-0.025
24.583333333333332,-0.03
24.586111111111112,-0.035
24.58888888888889,-0.035
24.591666666666665,-0.01
24.594444444444445,-0.015
24.59722222222222,-0.025
24.6,-0.015
24.602777777777778,-0.02
24.605555555555554,-0.02
24.608333333333334,-0.005
24.61111111111111,0.005
24.613888888888887,0.0
24.616666666666667,0.0
24.619444444444444,0.0
24.622222222222224,0.0
24.625,0.015
24.627777777777776,0.02
24.630555555555556,-0.005
24.633333333333333,0.0
24.636111111111113,-0.01
24.63888888888889,-0.02
24.641666666666666,-0.015
24.644444444444446,-0.005
24.647222222222222,-0.01
24.65,-0.015
24.65277777777778,-0.03
24.655555555555555,-0.02
24.658333333333335,-0.01
24.66111111111111,0.01
24.663888888888888,0.01
24.666666666666668,0.0
24.669444444444444,-0.015
24.67222222222222,-0.025
24.675,-0.02
24.677777777777777,-0.02
24.680555555555557,-0.035
24.683333333333334,-0.045
24.68611111111111,-0.055
24.68888888888889,-0.065
24.691666666666666,-0.06
24.694444444444443,-0.04
24.697222222222223,-0.05
24.7,-0.055
24.70277777777778,-0.075
24.705555555555556,-0.085
24.708333333333332,-0.095
24.711111111111112,-0.1
24.71388888888889,-0.125
24.716666666666665,-0.17
24.719444444444445,-0.2
24.72222222222222,-0.22
24.725,-0.225
24.727777777777778,-0.235
24.730555555555554,-0.265
24.733333333333334,-0.295
24.73611111111111,-0.315
24.738888888888887,-0.32
24.741666666666667,-0.325
24.744444444444444,-0.32
24.747222222222224,-0.325
24.75,-0.335
24.752777777777776,-0.345
24.755555555555556,-0.34
24.758333333333333,-0.35
24.761111111111113,-0.325
24.76388888888889,-0.33
24.766666666666666,-0.345
24.769444444444446,-0.34
24.772222222222222,-0.34
24.775,-0.34
24.77777777777778,-0.335
24.780555555555555,-0.33
24.783333333333335,-0.345
24.78611111111111,-0.345
24.788888888888888,-0.345
24.791666666666668,-0.33
24.794444444444444,-0.32
24.79722222222222,-0.325
24.8,-0.32
24.802777777777777,-0.325
24.805555555555557,-0.335
24.808333333333334,-0.315
24.81111111111111,-0.3
24.81388888888889,-0.305
24.816666666666666,-0.29
24.819444444444443,-0.31
24.822222222222223,-0.305
24.825,-0.295
24.82777777777778,-0.285
24.830555555555556,-0.295
24.833333333333332,-0.29
24.836111111111112,-0.3
24.83888888888889,-0.295
24.841666666666665,-0.275
24.844444444444445,-0.275
24.84722222222222,-0.27
24.85,-0.275
24.852777777777778,-0.27
24.855555555555554,-0.29
24.858333333333334,-0.28
24.86111111111111,-0.285
24.863888888888887,-0.305
24.866666666666667,-0.315
24.869444444444444,-0.305
24.872222222222224,-0.275
24.875,-0.16
24.877777777777776,-0.01
24.880555555555556,0.14
24.883333333333333,0.26
24.886111111111113,0.37
24.88888888888889,0.445
24.891666666666666,0.52
24.894444444444446,0.62
24.897222222222222,0.735
24.9,0.865
24.90277777777778,0.98
24.905555555555555,1.09
24.908333333333335,1.215
24.91111111111111,1.315
24.913888888888888,1.365
24.916666666666668,1.38
24.919444444444444,1.345
24.92222222222222,1.31
24.925,1.24
24.927777777777777,1.15
24.930555555555557,0.98
24.933333333333334,0.82
24.93611111111111,0.685
24.93888888888889,0.555
24.941666666666666,0.435
24.944444444444443,0.295
24.947222222222223,0.1
24.95,-0.095
24.95277777777778,-0.29
24.955555555555556,-0.46
24.958333333333332,-0.6
24.961111111111112,-0.715
24.96388888888889,-0.81
24.966666666666665,-0.885
24.969444444444445,-0.935
24.97222222222222,-0.945
24.975,-0.935
24.977777777777778,-0.92
24.980555555555554,-0.91
24.983333333333334,-0.915
24.98611111111111,-0.91
24.988888888888887,-0.9
24.991666666666667,-0.845
24.994444444444444,-0.79
24.997222222222224,-0.76
25.0,-0.735
25.002777777777776,-0.715
25.005555555555556,-0.695
25.008333333333333,-0.685
25.011111111111113,-0.655
25.01388888888889,-0.625
25.016666666666666,-0.585
25.019444444444446,-0.58
25.022222222222222,-0.555
25.025,-0.54
25.02777777777778,-0.53
25.030555555555555,-0.53
25.033333333333335,-0.525
25.03611111111111,-0.53
25.038888888888888,-0.54
25.041666666666668,-0.525
25.044444444444444,-0.52
25.04722222222222,-0.53
25.05,-0.535
25.052777777777777,-0.55
25.055555555555557,-0.55
25.058333333333334,-0.54
25.06111111111111,-0.545
25.06388888888889,-0.56
25.066666666666666,-0.555
25.069444444444443,-0.57
25.072222222222223,-0.585
25.075,-0.575
25.07777777777778,-0.565
25.080555555555556,-0.56
25.083333333333332,-0.58
25.086111111111112,-0.575
25.08888888888889,-0.585
25.091666666666665,-0.57
25.094444444444445,-0.56
25.09722222222222,-0.57
25.1,-0.575
25.102777777777778,-0.58
25.105555555555554,-0.57
25.108333333333334,-0.555
25.11111111111111,-0.535
25.113888888888887,-0.535
25.116666666666667,-0.515
25.119444444444444,-0.525
25.122222222222224,-0.525
25.125,-0.495
25.127777777777776,-0.48
25.130555555555556,-0.46
25.133333333333333,-0.46
25.136111111111113,-0.455
25.13888888888889,-0.44
25.141666666666666,-0.415
25.144444444444446,-0.395
25.147222222222222,-0.375
25.15,-0.36
25.15277777777778,-0.345
25.155555555555555,-0.34
25.158333333333335,-0.32
25.16111111111111,-0.285
25.163888888888888,-0.275
25.166666666666668,-0.265
25.169444444444444,-0.255
25.17222222222222,-0.245
25.175,-0.2
25.177777777777777,-0.185
25.180555555555557,-0.17
25.183333333333334,-0.16
25.18611111111111,-0.15
25.18888888888889,-0.13
25.191666666666666,-0.115
25.194444444444443,-0.08
25.197222222222223,-0.065
25.2,-0.075
25.20277777777778,-0.07
25.205555555555556,-0.065
25.208333333333332,-0.055
25.211111111111112,-0.03
25.21388888888889,-0.025
25.216666666666665,-0.025
25.219444444444445,-0.035
25.22222222222222,-0.03
25.225,-0.015
25.227777777777778,-0.015
25.230555555555554,-0.02
25.233333333333334,-0.025
25.23611111111111,-0.04
25.238888888888887,-0.045
25.241666666666667,-0.03
25.244444444444444,-0.02
25.247222222222224,-0.025
25.25,-0.025
25.252777777777776,-0.015
25.255555555555556,-0.015
25.258333333333333,-0.01
25.261111111111113,0.005
25.26388888888889,-0.005
25.266666666666666,-0.025
25.269444444444446,-0.025
25.272222222222222,-0.035
25.275,-0.04
25.27777777777778,-0.02
25.280555555555555,-0.035
25.283333333333335,-0.035
25.28611111111111,-0.03
25.288888888888888,-0.005
25.291666666666668,-0.005
25.294444444444444,-0.005
25.29722222222222,-0.005
25.3,-0.01
25.302777777777777,-0.025
25.305555555555557,-0.035
25.308333333333334,-0.05
25.31111111111111,-0.045
25.31388888888889,-0.05
25.316666666666666,-0.05
25.319444444444443,-0.06
25.322222222222223,-0.075
25.325,-0.05
25.32777777777778,-0.04
25.330555555555556,-0.05
25.333333333333332,-0.07
25.336111111111112,-0.085
25.33888888888889,-0.115
25.341666666666665,-0.135
25.344444444444445,-0.145
25.34722222222222,-0.18
25.35,-0.22
25.352777777777778,-0.23
25.355555555555554,-0.26
25.358333333333334,-0.29
25.36111111111111,-0.27
25.363888888888887,-0.305
25.366666666666667,-0.32
25.369444444444444,-0.335
25.372222222222224,-0.34
25.375,-0.325
25.377777777777776,-0.325
25.380555555555556,-0.325
25.383333333333333,-0.34
25.386111111111113,-0.345
25.38888888888889,-0.345
25.391666666666666,-0.335
25.394444444444446,-0.315
25.397222222222222,-0.34
25.4,-0.34
25.40277777777778,-0.345
25.405555555555555,-0.35
25.408333333333335,-0.325
25.41111111111111,-0.315
25.413888888888888,-0.32
25.416666666666668,-0.33
25.419444444444444,-0.33
25.42222222222222,-0.335
25.425,-0.325
25.427777777777777,-0.31
25.430555555555557,-0.32
25.433333333333334,-0.325
25.43611111111111,-0.32
25.43888888888889,-0.33
25.441666666666666,-0.315
25.444444444444443,-0.3
25.447222222222223,-0.295
25.45,-0.305
25.45277777777778,-0.32
25.455555555555556,-0.32
25.458333333333332,-0.3
25.461111111111112,-0.28
25.46388888888889,-0.29
25.466666666666665,-0.3
25.469444444444445,-0.285
25.47222222222222,-0.28
25.475,-0.275
25.477777777777778,-0.27
25.480555555555554,-0.27
25.483333333333334,-0.29
25.48611111111111,-0.31
25.488888888888887,-0.31
25.491666666666667,-0.3
25.494444444444444,-0.285
25.497222222222224,-0.25
25.5,-0.165
25.502777777777776,-0.045
25.505555555555556,0.09
25.508333333333333,0.225
25.511111111111113,0.345
25.51388888888889,0.415
25.516666666666666,0.465
25.519444444444446,0.535
25.522222222222222,0.64
25.525,0.775
25.52777777777778,0.89
25.530555555555555,0.985
25.533333333333335,1.07
25.53611111111111,1.145
25.538888888888888,1.18
25.541666666666668,1.21
25.544444444444444,1.22
25.54722222222222,1.22
25.55,1.16
25.552777777777777,1.115
25.555555555555557,1.01
25.558333333333334,0.88
25.56111111111111,0.755
25.56388888888889,0.635
25.566666666666666,0.53
25.569444444444443,0.42
25.572222222222223,0.3
25.575,0.16
25.57777777777778,0.0
25.580555555555556,-0.17
25.583333333333332,-0.325
25.586111111111112,-0.47
25.58888888888889,-0.595
25.591666666666665,-0.695
25.594444444444445,-0.76
25.59722222222222,-0.82
25.6,-0.87
25.602777777777778,-0.9
25.605555555555554,-0.89
25.608333333333334,-0.885
25.61111111111111,-0.87
25.613888888888887,-0.86
25.616666666666667,-0.87
25.619444444444444,-0.86
25.622222222222224,-0.825
25.625,-0.78
25.627777777777776,-0.725
25.630555555555556,-0.7
25.633333333333333,-0.69
25.636111111111113,-0.675
25.63888888888889,-0.655
25.641666666666666,-0.645
25.644444444444446,-0.605
25.647222222222222,-0.58
25.65,-0.56
25.65277777777778,-0.545
25.655555555555555,-0.545
25.658333333333335,-0.51
25.66111111111111,-0.515
25.663888888888888,-0.515
25.666666666666668,-0.515
25.669444444444444,-0.53
25.67222222222222,-0.53
25.675,-0.525
25.677777777777777,-0.51
25.680555555555557,-0.515
25.683333333333334,-0.525
25.68611111111111,-0.535
25.68888888888889,-0.545
25.691666666666666,-0.54
25.694444444444443,-0.53
25.697222222222223,-0.535
25.7,-0.545
25.70277777777778,-0.545
25.705555555555556,-0.55
25.708333333333332,-0.54
25.711111111111112,-0.53
25.71388888888889,-0.535
25.716666666666665,-0.545
25.719444444444445,-0.545
25.72222222222222,-0.545
25.725,-0.535
25.727777777777778,-0.535
25.730555555555554,-0.54
25.733333333333334,-0.545
25.73611111111111,-0.55
25.738888888888887,-0.55
25.741666666666667,-0.525
25.744444444444444,-0.505
25.747222222222224,-0.51
25.75,-0.515
25.752777777777776,-0.51
25.755555555555556,-0.5
25.758333333333333,-0.5
25.761111111111113,-0.47
25.76388888888889,-0.46
25.766666666666666,-0.455
25.769444444444446,-0.44
25.772222222222222,-0.43
25.775,-0.415
25.77777777777778,-0.39
25.780555555555555,-0.375
25.783333333333335,-0.36
25.78611111111111,-0.355
25.788888888888888,-0.35
25.791666666666668,-0.315
25.794444444444444,-0.29
25.79722222222222,-0.275
25.8,-0.27
25.802777777777777,-0.265
25.805555555555557,-0.24
25.808333333333334,-0.22
25.81111111111111,-0.19
25.81388888888889,-0.185
25.816666666666666,-0.16
25.819444444444443,-0.16
25.822222222222223,-0.135
25.825,-0.125
25.82777777777778,-0.105
25.830555555555556,-0.1
25.833333333333332,-0.09
25.836111111111112,-0.085
25.83888888888889,-0.075
25.841666666666665,-0.055
25.844444444444445,-0.035
25.84722222222222,-0.035
25.85,-0.035
25.852777777777778,-0.03
25.855555555555554,-0.04
25.858333333333334,-0.03
25.86111111111111,-0.01
25.863888888888887,-0.02
25.866666666666667,-0.015
25.869444444444444,-0.045
25.872222222222224,-0.04
25.875,-0.03
25.877777777777776,-0.01
25.880555555555556,-0.025
25.883333333333333,-0.015
25.886111111111113,-0.03
25.88888888888889,-0.025
25.891666666666666,0.0
25.894444444444446,0.005
25.897222222222222,0.005
25.9,-0.005
25.90277777777778,-0.015
25.905555555555555,-0.015
25.908333333333335,-0.005
25.91111111111111,-0.01
25.913888888888888,-0.01
25.916666666666668,-0.01
25.919444444444444,-0.015
25.92222222222222,-0.005
25.925,0.015
25.927777777777777,0.02
25.930555555555557,0.03
25.933333333333334,0.005
25.93611111111111,0.005
25.93888888888889,-0.005
25.941666666666666,0.0
25.944444444444443,0.0
25.947222222222223,-0.025
25.95,-0.035
25.95277777777778,-0.055
25.955555555555556,-0.06
25.958333333333332,-0.04
25.961111111111112,-0.035
25.96388888888889,-0.035
25.966666666666665,-0.04
25.969444444444445,-0.06
25.97222222222222,-0.075
25.975,-0.1
25.977777777777778,-0.105
25.980555555555554,-0.14
25.983333333333334,-0.185
25.98611111111111,-0.215
25.988888888888887,-0.24
25.991666666666667,-0.245
25.994444444444444,-0.265
25.997222222222224,-0.295
26.0,-0.305
26.002777777777776,-0.32
26.005555555555556,-0.335
26.008333333333333,-0.335
26.011111111111113,-0.32
26.01388888888889,-0.33
26.016666666666666,-0.34
26.019444444444446,-0.35
26.022222222222222,-0.355
26.025,-0.335
26.02777777777778,-0.33
26.030555555555555,-0.325
26.033333333333335,-0.33
26.03611111111111,-0.345
26.038888888888888,-0.33
26.041666666666668,-0.315
26.044444444444444,-0.315
26.04722222222222,-0.325
26.05,-0.335
26.052777777777777,-0.33
26.055555555555557,-0.335
26.058333333333334,-0.33
26.06111111111111,-0.32
26.06388888888889,-0.325
26.066666666666666,-0.325
26.069444444444443,-0.335
26.072222222222223,-0.34
26.075,-0.315
26.07777777777778,-0.31
26.080555555555556,-0.31
26.083333333333332,-0.305
26.086111111111112,-0.32
26.08888888888889,-0.315
26.091666666666665,-0.305
26.094444444444445,-0.28
26.09722222222222,-0.285
26.1,-0.29
26.102777777777778,-0.295
26.105555555555554,-0.29
26.108333333333334,-0.28
26.11111111111111,-0.28
26.113888888888887,-0.295
26.116666666666667,-0.32
26.119444444444444,-0.35
26.122222222222224,-0.35
26.125,-0.345
26.127777777777776,-0.325
26.130555555555556,-0.27
26.133333333333333,-0.175
26.136111111111113,-0.05
26.13888888888889,0.09
26.141666666666666,0.2
26.144444444444446,0.28
26.147222222222222,0.325
26.15,0.415
26.15277777777778,0.545
26.155555555555555,0.685
26.158333333333335,0.815
26.16111111111111,0.94
26.163888888888888,1.015
26.166666666666668,1.075
26.169444444444444,1.115
26.17222222222222,1.135
26.175,1.14
26.177777777777777,1.14
26.180555555555557,1.095
26.183333333333334,0.99
26.18611111111111,0.855
26.18888888888889,0.715
26.191666666666666,0.615
26.194444444444443,0.545
26.197222222222223,0.445
26.2,0.305
26.20277777777778,0.16
26.205555555555556,0.0
26.208333333333332,-0.15
26.211111111111112,-0.285
26.21388888888889,-0.425
26.216666666666665,-0.57
26.219444444444445,-0.67
26.22222222222222,-0.75
26.225,-0.785
26.227777777777778,-0.82
26.230555555555554,-0.845
26.233333333333334,-0.87
26.23611111111111,-0.87
26.238888888888887,-0.865
26.241666666666667,-0.855
26.244444444444444,-0.84
26.247222222222224,-0.845
26.25,-0.82
26.252777777777776,-0.795
26.255555555555556,-0.75
26.258333333333333,-0.715
26.261111111111113,-0.69
26.26388888888889,-0.67
26.266666666666666,-0.66
26.269444444444446,-0.645
26.272222222222222,-0.625
26.275,-0.59
26.27777777777778,-0.555
26.280555555555555,-0.53
26.283333333333335,-0.525
26.28611111111111,-0.525
26.288888888888888,-0.52
26.291666666666668,-0.505
26.294444444444444,-0.49
26.29722222222222,-0.485
26.3,-0.5
26.302777777777777,-0.515
26.305555555555557,-0.515
26.308333333333334,-0.52
26.31111111111111,-0.51
26.31388888888889,-0.505
26.316666666666666,-0.525
26.319444444444443,-0.535
26.322222222222223,-0.535
26.325,-0.53
26.32777777777778,-0.53
26.330555555555556,-0.525
26.333333333333332,-0.535
26.336111111111112,-0.555
26.33888888888889,-0.565
26.341666666666665,-0.555
26.344444444444445,-0.545
26.34722222222222,-0.53
26.35,-0.55
26.352777777777778,-0.55
26.355555555555554,-0.555
26.358333333333334,-0.56
26.36111111111111,-0.53
26.363888888888887,-0.54
26.366666666666667,-0.545
26.369444444444444,-0.555
26.372222222222224,-0.545
26.375,-0.53
26.377777777777776,-0.51
26.380555555555556,-0.51
26.383333333333333,-0.515
26.386111111111113,-0.51
26.38888888888889,-0.495
26.391666666666666,-0.48
26.394444444444446,-0.475
26.397222222222222,-0.455
26.4,-0.46
26.40277777777778,-0.455
26.405555555555555,-0.44
26.408333333333335,-0.44
26.41111111111111,-0.395
26.413888888888888,-0.385
26.416666666666668,-0.375
26.419444444444444,-0.365
26.42222222222222,-0.365
26.425,-0.335
26.427777777777777,-0.305
26.430555555555557,-0.295
26.433333333333334,-0.295
26.43611111111111,-0.28
26.43888888888889,-0.28
26.441666666666666,-0.255
26.444444444444443,-0.225
26.447222222222223,-0.195
26.45,-0.195
26.45277777777778,-0.19
26.455555555555556,-0.195
26.458333333333332,-0.17
26.461111111111112,-0.135
26.46388888888889,-0.12
26.466666666666665,-0.12
26.469444444444445,-0.11
26.47222222222222,-0.105
26.475,-0.09
26.477777777777778,-0.08
26.480555555555554,-0.075
26.483333333333334,-0.075
26.48611111111111,-0.07
26.488888888888887,-0.06
26.491666666666667,-0.055
26.494444444444444,-0.05
26.497222222222224,-0.04
26.5,-0.045
26.502777777777776,-0.04
26.505555555555556,-0.045
26.508333333333333,-0.035
26.511111111111113,-0.035
26.51388888888889,-0.03
26.516666666666666,-0.04
26.519444444444446,-0.05
26.522222222222222,-0.055
26.525,-0.035
26.52777777777778,-0.03
26.530555555555555,-0.02
26.533333333333335,-0.025
26.53611111111111,-0.02
26.538888888888888,-0.02
26.541666666666668,-0.02
26.544444444444444,-0.01
26.54722222222222,-0.015
26.55,-0.025
26.552777777777777,-0.05
26.555555555555557,-0.045
26.558333333333334,-0.04
26.56111111111111,-0.03
26.56388888888889,-0.02
26.566666666666666,-0.03
26.569444444444443,-0.035
26.572222222222223,-0.025
26.575,-0.015
26.57777777777778,-0.005
26.580555555555556,-0.025
26.583333333333332,-0.04
26.586111111111112,-0.04
26.58888888888889,-0.05
26.591666666666665,-0.065
26.594444444444445,-0.07
26.59722222222222,-0.065
26.6,-0.065
26.602777777777778,-0.08
26.605555555555554,-0.085
26.608333333333334,-0.08
26.61111111111111,-0.06
26.613888888888887,-0.07
26.616666666666667,-0.095
26.619444444444444,-0.115
26.622222222222224,-0.145
26.625,-0.165
26.627777777777776,-0.19
26.630555555555556,-0.2
26.633333333333333,-0.235
26.636111111111113,-0.27
26.63888888888889,-0.3
26.641666666666666,-0.305
26.644444444444446,-0.31
26.647222222222222,-0.33
26.65,-0.345
26.65277777777778,-0.355
26.655555555555555,-0.365
26.658333333333335,-0.36
26.66111111111111,-0.35
26.663888888888888,-0.355
26.666666666666668,-0.36
26.669444444444444,-0.355
26.67222222222222,-0.36
26.675,-0.355
26.677777777777777,-0.345
26.680555555555557,-0.345
26.683333333333334,-0.36
26.68611111111111,-0.355
26.68888888888889,-0.355
26.691666666666666,-0.345
26.694444444444443,-0.33
26.697222222222223,-0.34
26.7,-0.345
26.70277777777778,-0.35
26.705555555555556,-0.35
26.708333333333332,-0.34
26.711111111111112,-0.34
26.71388888888889,-0.345
26.716666666666665,-0.335
26.719444444444445,-0.34
26.72222222222222,-0.335
26.725,-0.33
26.727777777777778,-0.325
26.730555555555554,-0.325
26.733333333333334,-0.32
26.73611111111111,-0.33
26.738888888888887,-0.32
26.741666666666667,-0.31
26.744444444444444,-0.295
26.747222222222224,-0.3
26.75,-0.295
26.752777777777776,-0.305
26.755555555555556,-0.3
26.758333333333333,-0.295
26.761111111111113,-0.285
26.76388888888889,-0.28
26.766666666666666,-0.295
26.769444444444446,-0.315
26.772222222222222,-0.32
26.775,-0.35
26.77777777777778,-0.355
26.780555555555555,-0.35
26.783333333333335,-0.335
26.78611111111111,-0.3
26.788888888888888,-0.205
26.791666666666668,-0.065
26.794444444444444,0.055
26.79722222222222,0.17
26.8,0.245
26.802777777777777,0.295
26.805555555555557,0.38
26.808333333333334,0.51
26.81111111111111,0.645
26.81388888888889,0.775
26.816666666666666,0.87
26.819444444444443,0.96
26.822222222222223,1.055
26.825,1.125
26.82777777777778,1.175
26.830555555555556,1.2
26.833333333333332,1.175
26.836111111111112,1.165
26.83888888888889,1.1
26.841666666666665,1.03
26.844444444444445,0.895
26.84722222222222,0.755
26.85,0.655
26.852777777777778,0.55
26.855555555555554,0.445
26.858333333333334,0.33
26.86111111111111,0.2
26.863888888888887,0.04
26.866666666666667,-0.145
26.869444444444444,-0.315
26.872222222222224,-0.47
26.875,-0.58
26.877777777777776,-0.67
26.880555555555556,-0.74
26.883333333333333,-0.795
26.886111111111113,-0.835
26.88888888888889,-0.87
26.891666666666666,-0.865
26.894444444444446,-0.865
26.897222222222222,-0.855
26.9,-0.865
26.90277777777778,-0.875
26.905555555555555,-0.865
26.908333333333335,-0.84
26.91111111111111,-0.81
26.913888888888888,-0.76
26.916666666666668,-0.735
26.919444444444444,-0.72
26.92222222222222,-0.7
26.925,-0.67
26.927777777777777,-0.645
26.930555555555557,-0.63
26.933333333333334,-0.625
26.93611111111111,-0.59
26.93888888888889,-0.57
26.941666666666666,-0.54
26.944444444444443,-0.52
26.947222222222223,-0.505
26.95,-0.515
26.95277777777778,-0.505
26.955555555555556,-0.515
26.958333333333332,-0.5
26.961111111111112,-0.495
26.96388888888889,-0.5
26.966666666666665,-0.51
26.969444444444445,-0.515
26.97222222222222,-0.53
26.975,-0.52
26.977777777777778,-0.51
26.980555555555554,-0.505
26.983333333333334,-0.525
26.98611111111111,-0.535
26.988888888888887,-0.54
26.991666666666667,-0.525
26.994444444444444,-0.53
26.997222222222224,-0.53
27.0,-0.55
27.002777777777776,-0.555
27.005555555555556,-0.55
27.008333333333333,-0.54
27.011111111111113,-0.54
27.01388888888889,-0.545
27.016666666666666,-0.55
27.019444444444446,-0.555
27.022222222222222,-0.555
27.025,-0.555
27.02777777777778,-0.54
27.030555555555555,-0.55
27.033333333333335,-0.545
27.03611111111111,-0.55
27.038888888888888,-0.535
27.041666666666668,-0.51
27.044444444444444,-0.505
27.04722222222222,-0.495
27.05,-0.51
27.052777777777777,-0.5
27.055555555555557,-0.49
27.058333333333334,-0.48
27.06111111111111,-0.455
27.06388888888889,-0.45
27.066666666666666,-0.46
27.069444444444443,-0.45
27.072222222222223,-0.43
27.075,-0.415
27.07777777777778,-0.395
27.080555555555556,-0.39
27.083333333333332,-0.385
27.086111111111112,-0.37
27.08888888888889,-0.35
27.091666666666665,-0.33
27.094444444444445,-0.3
27.09722222222222,-0.285
27.1,-0.29
27.102777777777778,-0.285
27.105555555555554,-0.26
27.108333333333334,-0.245
27.11111111111111,-0.22
27.113888888888887,-0.205
27.116666666666667,-0.195
27.119444444444444,-0.19
27.122222222222224,-0.185
27.125,-0.16
27.127777777777776,-0.145
27.130555555555556,-0.12
27.133333333333333,-0.12
27.136111111111113,-0.105
27.13888888888889,-0.11
27.141666666666666,-0.09
27.144444444444446,-0.07
27.147222222222222,-0.065
27.15,-0.06
27.15277777777778,-0.06
27.155555555555555,-0.06
27.158333333333335,-0.045
27.16111111111111,-0.025
27.163888888888888,-0.01
27.166666666666668,-0.025
27.169444444444444,-0.025
27.17222222222222,-0.03
27.175,-0.02
27.177777777777777,-0.015
27.180555555555557,-0.015
27.183333333333334,-0.025
27.18611111111111,-0.035
27.18888888888889,-0.035
27.191666666666666,-0.03
27.194444444444443,-0.02
27.197222222222223,-0.035
27.2,-0.03
27.20277777777778,-0.04
27.205555555555556,-0.035
27.208333333333332,-0.02
27.211111111111112,-0.005
27.21388888888889,-0.01
27.216666666666665,-0.02
27.219444444444445,-0.035
27.22222222222222,-0.025
27.225,-0.02
27.227777777777778,-0.02
27.230555555555554,-0.03
27.233333333333334,-0.035
27.23611111111111,-0.045
27.238888888888887,-0.035
27.241666666666667,-0.03
27.244444444444444,-0.01
27.247222222222224,-0.02
27.25,0.0
27.252777777777776,-0.02
27.255555555555556,-0.03
27.258333333333333,-0.015
27.261111111111113,-0.005
27.26388888888889,-0.01
27.266666666666666,-0.035
27.269444444444446,-0.06
27.272222222222222,-0.065
27.275,-0.065
27.27777777777778,-0.06
27.280555555555555,-0.065
27.283333333333335,-0.065
27.28611111111111,-0.075
27.288888888888888,-0.07
27.291666666666668,-0.06
27.294444444444444,-0.05
27.29722222222222,-0.075
27.3,-0.09
27.302777777777777,-0.13
27.305555555555557,-0.165
27.308333333333334,-0.185
27.31111111111111,-0.21
27.31388888888889,-0.22
27.316666666666666,-0.25
27.319444444444443,-0.29
27.322222222222223,-0.305
27.325,-0.325
27.32777777777778,-0.33
27.330555555555556,-0.345
27.333333333333332,-0.35
27.336111111111112,-0.355
27.33888888888889,-0.36
27.341666666666665,-0.35
27.344444444444445,-0.35
27.34722222222222,-0.35
27.35,-0.36
27.352777777777778,-0.365
27.355555555555554,-0.365
27.358333333333334,-0.36
27.36111111111111,-0.345
27.363888888888887,-0.335
27.366666666666667,-0.345
27.369444444444444,-0.345
27.372222222222224,-0.355
27.375,-0.335
27.377777777777776,-0.32
27.380555555555556,-0.325
27.383333333333333,-0.33
27.386111111111113,-0.35
27.38888888888889,-0.35
27.391666666666666,-0.335
27.394444444444446,-0.32
27.397222222222222,-0.325
27.4,-0.33
27.40277777777778,-0.345
27.405555555555555,-0.335
27.408333333333335,-0.33
27.41111111111111,-0.31
27.413888888888888,-0.315
27.416666666666668,-0.32
27.419444444444444,-0.33
27.42222222222222,-0.325
27.425,-0.31
27.427777777777777,-0.3
27.430555555555557,-0.295
27.433333333333334,-0.31
27.43611111111111,-0.31
27.43888888888889,-0.315
27.441666666666666,-0.3
27.444444444444443,-0.29
27.447222222222223,-0.295
27.45,-0.32
27.45277777777778,-0.36
27.455555555555556,-0.37
27.458333333333332,-0.35
27.461111111111112,-0.315
27.46388888888889,-0.23
27.466666666666665,-0.13
27.469444444444445,0.015
27.47222222222222,0.16
27.475,0.275
27.477777777777778,0.35
27.480555555555554,0.425
27.483333333333334,0.55
27.48611111111111,0.675
27.488888888888887,0.83
27.491666666666667,0.945
27.494444444444444,1.075
27.497222222222224,1.155
27.5,1.195
27.502777777777776,1.205
27.505555555555556,1.22
27.508333333333333,1.2
27.511111111111113,1.17
27.51388888888889,1.075
27.516666666666666,0.935
27.519444444444446,0.75
27.522222222222222,0.64
27.525,0.555
27.52777777777778,0.435
27.530555555555555,0.305
27.533333333333335,0.14
27.53611111111111,-0.05
27.538888888888888,-0.22
27.541666666666668,-0.375
27.544444444444444,-0.5
27.54722222222222,-0.615
27.55,-0.725
27.552777777777777,-0.8
27.555555555555557,-0.85
27.558333333333334,-0.87
27.56111111111111,-0.88
27.56388888888889,-0.885
27.566666666666666,-0.885
27.569444444444443,-0.885
27.572222222222223,-0.88
27.575,-0.865
27.57777777777778,-0.85
27.580555555555556,-0.83
27.583333333333332,-0.795
27.586111111111112,-0.77
27.58888888888889,-0.74
27.591666666666665,-0.705
27.594444444444445,-0.675
27.59722222222222,-0.655
27.6,-0.65
27.602777777777778,-0.63
27.605555555555554,-0.605
27.608333333333334,-0.575
27.61111111111111,-0.555
27.613888888888887,-0.545
27.616666666666667,-0.55
27.619444444444444,-0.545
27.622222222222224,-0.535
27.625,-0.535
27.627777777777776,-0.535
27.630555555555556,-0.52
27.633333333333333,-0.535
27.636111111111113,-0.55
27.63888888888889,-0.545
27.641666666666666,-0.545
27.644444444444446,-0.54
27.647222222222222,-0.55
27.65,-0.56
27.65277777777778,-0.58
27.655555555555555,-0.57
27.658333333333335,-0.57
27.66111111111111,-0.555
27.663888888888888,-0.56
27.666666666666668,-0.57
27.669444444444444,-0.575
27.67222222222222,-0.575
27.675,-0.57
27.677777777777777,-0.565
27.680555555555557,-0.575
27.683333333333334,-0.585
27.68611111111111,-0.59
27.68888888888889,-0.58
27.691666666666666,-0.57
27.694444444444443,-0.56
27.697222222222223,-0.565
27.7,-0.57
27.70277777777778,-0.58
27.705555555555556,-0.57
27.708333333333332,-0.56
27.711111111111112,-0.54
27.71388888888889,-0.53
27.716666666666665,-0.54
27.719444444444445,-0.545
27.72222222222222,-0.525
27.725,-0.505
27.727777777777778,-0.485
27.730555555555554,-0.48
27.733333333333334,-0.48
27.73611111111111,-0.485
27.738888888888887,-0.465
27.741666666666667,-0.44
27.744444444444444,-0.415
27.747222222222224,-0.41
27.75,-0.395
27.752777777777776,-0.39
27.755555555555556,-0.375
27.758333333333333,-0.36
27.761111111111113,-0.34
27.76388888888889,-0.315
27.766666666666666,-0.3
27.769444444444446,-0.295
27.772222222222222,-0.28
27.775,-0.26
27.77777777777778,-0.245
27.780555555555555,-0.22
27.783333333333335,-0.215
27.78611111111111,-0.215
27.788888888888888,-0.195
27.791666666666668,-0.175
27.794444444444444,-0.17
27.79722222222222,-0.15
27.8,-0.14
27.802777777777777,-0.125
27.805555555555557,-0.12
27.808333333333334,-0.105
27.81111111111111,-0.095
27.81388888888889,-0.09
27.816666666666666,-0.09
27.819444444444443,-0.09
27.822222222222223,-0.075
27.825,-0.08
27.82777777777778,-0.07
27.830555555555556,-0.055
27.833333333333332,-0.065
27.836111111111112,-0.08
27.83888888888889,-0.07
27.841666666666665,-0.065
27.844444444444445,-0.055
27.84722222222222,-0.05
27.85,-0.055
27.852777777777778,-0.065
27.855555555555554,-0.075
27.858333333333334,-0.065
27.86111111111111,-0.05
27.863888888888887,-0.055
27.866666666666667,-0.06
27.869444444444444,-0.07
27.872222222222224,-0.055
27.875,-0.05
27.877777777777776,-0.05
27.880555555555556,-0.045
27.883333333333333,-0.045
27.886111111111113,-0.085
27.88888888888889,-0.075
27.891666666666666,-0.07
27.894444444444446,-0.065
27.897222222222222,-0.065
27.9,-0.075
27.90277777777778,-0.08
27.905555555555555,-0.075
27.908333333333335,-0.055
27.91111111111111,-0.04
27.913888888888888,-0.045
27.916666666666668,-0.065
27.919444444444444,-0.075
27.92222222222222,-0.07
27.925,-0.065
27.927777777777777,-0.065
27.930555555555557,-0.085
27.933333333333334,-0.11
27.93611111111111,-0.12
27.93888888888889,-0.11
27.941666666666666,-0.115
27.944444444444443,-0.105
27.947222222222223,-0.105
27.95,-0.115
27.95277777777778,-0.14
27.955555555555556,-0.135
27.958333333333332,-0.135
27.961111111111112,-0.135
27.96388888888889,-0.15
27.966666666666665,-0.175
27.969444444444445,-0.205
27.97222222222222,-0.24
27.975,-0.26
27.977777777777778,-0.275
27.980555555555554,-0.305
27.983333333333334,-0.33
27.98611111111111,-0.365
27.988888888888887,-0.37
27.991666666666667,-0.37
27.994444444444444,-0.375
27.997222222222224,-0.375
28.0,-0.39
28.002777777777776,-0.395
28.005555555555556,-0.425
28.008333333333333,-0.405
28.011111111111113,-0.39
28.01388888888889,-0.395
28.016666666666666,-0.41
28.019444444444446,-0.405
28.022222222222222,-0.395
28.025,-0.395
28.02777777777778,-0.385
28.030555555555555,-0.385
28.033333333333335,-0.4
28.03611111111111,-0.41
28.038888888888888,-0.41
28.041666666666668,-0.395
28.044444444444444,-0.39
28.04722222222222,-0.39
28.05,-0.395
28.052777777777777,-0.41
28.055555555555557,-0.4
28.058333333333334,-0.375
28.06111111111111,-0.375
28.06388888888889,-0.38
28.066666666666666,-0.4
28.069444444444443,-0.39
28.072222222222223,-0.395
28.075,-0.385
28.07777777777778,-0.375
28.080555555555556,-0.37
28.083333333333332,-0.375
28.086111111111112,-0.39
28.08888888888889,-0.385
28.091666666666665,-0.365
28.094444444444445,-0.355
28.09722222222222,-0.36
28.1,-0.365
28.102777777777778,-0.37
28.105555555555554,-0.365
28.108333333333334,-0.355
28.11111111111111,-0.335
28.113888888888887,-0.345
28.116666666666667,-0.34
28.119444444444444,-0.36
28.122222222222224,-0.37
28.125,-0.375
28.127777777777776,-0.38
28.130555555555556,-0.4
28.133333333333333,-0.41
28.136111111111113,-0.415
28.13888888888889,-0.375
28.141666666666666,-0.29
28.144444444444446,-0.165
28.147222222222222,-0.025
28.15,0.085
28.15277777777778,0.165
28.155555555555555,0.245
28.158333333333335,0.325
28.16111111111111,0.405
28.163888888888888,0.535
28.166666666666668,0.66
28.169444444444444,0.775
28.17222222222222,0.9
28.175,1.015
28.177777777777777,1.12
28.180555555555557,1.19
28.183333333333334,1.225
28.18611111111111,1.235
28.18888888888889,1.215
28.191666666666666,1.2
28.194444444444443,1.145
28.197222222222223,1.045
28.2,0.885
28.20277777777778,0.725
28.205555555555556,0.595
28.208333333333332,0.495
28.211111111111112,0.395
28.21388888888889,0.245
28.216666666666665,0.08
28.219444444444445,-0.11
28.22222222222222,-0.29
28.225,-0.445
28.227777777777778,-0.575
28.230555555555554,-0.695
28.233333333333334,-0.805
28.23611111111111,-0.885
28.238888888888887,-0.94
28.241666666666667,-0.965
28.244444444444444,-0.98
28.247222222222224,-0.975
28.25,-0.985
28.252777777777776,-0.97
28.255555555555556,-0.975
28.258333333333333,-0.97
28.261111111111113,-0.94
28.26388888888889,-0.905
28.266666666666666,-0.88
28.269444444444446,-0.845
28.272222222222222,-0.805
28.275,-0.785
28.27777777777778,-0.75
28.280555555555555,-0.74
28.283333333333335,-0.705
28.28611111111111,-0.7
28.288888888888888,-0.675
28.291666666666668,-0.645
28.294444444444444,-0.61
28.29722222222222,-0.61
28.3,-0.615
28.302777777777777,-0.62
28.305555555555557,-0.615
28.308333333333334,-0.605
28.31111111111111,-0.6
28.31388888888889,-0.605
28.316666666666666,-0.62
28.319444444444443,-0.63
28.322222222222223,-0.625
28.325,-0.615
28.32777777777778,-0.605
28.330555555555556,-0.61
28.333333333333332,-0.62
28.336111111111112,-0.635
28.33888888888889,-0.64
28.341666666666665,-0.64
28.344444444444445,-0.625
28.34722222222222,-0.635
28.35,-0.64
28.352777777777778,-0.655
28.355555555555554,-0.665
28.358333333333334,-0.66
28.36111111111111,-0.655
28.363888888888887,-0.655
28.366666666666667,-0.66
28.369444444444444,-0.665
28.372222222222224,-0.66
28.375,-0.65
28.377777777777776,-0.65
28.380555555555556,-0.65
28.383333333333333,-0.665
28.386111111111113,-0.665
28.38888888888889,-0.635
28.391666666666666,-0.625
28.394444444444446,-0.62
28.397222222222222,-0.61
28.4,-0.605
28.40277777777778,-0.61
28.405555555555555,-0.59
28.408333333333335,-0.57
28.41111111111111,-0.55
28.413888888888888,-0.54
28.416666666666668,-0.54
28.419444444444444,-0.535
28.42222222222222,-0.51
28.425,-0.49
28.427777777777777,-0.46
28.430555555555557,-0.46
28.433333333333334,-0.435
28.43611111111111,-0.44
28.43888888888889,-0.425
28.441666666666666,-0.4
28.444444444444443,-0.385
28.447222222222223,-0.35
28.45,-0.36
28.45277777777778,-0.355
28.455555555555556,-0.335
28.458333333333332,-0.32
28.461111111111112,-0.29
28.46388888888889,-0.27
28.466666666666665,-0.27
28.469444444444445,-0.26
28.47222222222222,-0.26
28.475,-0.22
28.477777777777778,-0.2
28.480555555555554,-0.195
28.483333333333334,-0.2
28.48611111111111,-0.195
28.488888888888887,-0.18
28.491666666666667,-0.16
28.494444444444444,-0.15
28.497222222222224,-0.135
28.5,-0.145
28.502777777777776,-0.15
28.505555555555556,-0.14
28.508333333333333,-0.12
28.511111111111113,-0.115
28.51388888888889,-0.11
28.516666666666666,-0.115
28.519444444444446,-0.13
28.522222222222222,-0.125
28.525,-0.125
28.52777777777778,-0.12
28.530555555555555,-0.115
28.533333333333335,-0.12
28.53611111111111,-0.125
28.538888888888888,-0.13
28.541666666666668,-0.12
28.544444444444444,-0.115
28.54722222222222,-0.11
28.55,-0.115
28.552777777777777,-0.125
28.555555555555557,-0.11
28.558333333333334,-0.105
28.56111111111111,-0.11
28.56388888888889,-0.115
28.566666666666666,-0.11
28.569444444444443,-0.125
28.572222222222223,-0.14
28.575,-0.115
28.57777777777778,-0.115
28.580555555555556,-0.11
28.583333333333332,-0.12
28.586111111111112,-0.135
28.58888888888889,-0.13
28.591666666666665,-0.11
28.594444444444445,-0.105
28.59722222222222,-0.105
28.6,-0.12
28.602777777777778,-0.135
28.605555555555554,-0.14
28.608333333333334,-0.135
28.61111111111111,-0.14
28.613888888888887,-0.15
28.616666666666667,-0.16
28.619444444444444,-0.165
28.622222222222224,-0.165
28.625,-0.155
28.627777777777776,-0.15
28.630555555555556,-0.145
28.633333333333333,-0.16
28.636111111111113,-0.185
28.63888888888889,-0.185
28.641666666666666,-0.2
28.644444444444446,-0.205
28.647222222222222,-0.235
28.65,-0.265
28.65277777777778,-0.305
28.655555555555555,-0.32
28.658333333333335,-0.335
28.66111111111111,-0.35
28.663888888888888,-0.37
28.666666666666668,-0.41
28.669444444444444,-0.425
28.67222222222222,-0.44
28.675,-0.43
28.677777777777777,-0.425
28.680555555555557,-0.43
28.683333333333334,-0.445
28.68611111111111,-0.465
28.68888888888889,-0.46
28.691666666666666,-0.45
28.694444444444443,-0.435
28.697222222222223,-0.44
28.7,-0.45
28.70277777777778,-0.46
28.705555555555556,-0.465
28.708333333333332,-0.44
28.711111111111112,-0.44
28.71388888888889,-0.44
28.716666666666665,-0.45
28.719444444444445,-0.445
28.72222222222222,-0.45
28.725,-0.44
28.727777777777778,-0.425
28.730555555555554,-0.44
28.733333333333334,-0.455
28.73611111111111,-0.455
28.738888888888887,-0.44
28.741666666666667,-0.43
28.744444444444444,-0.42
28.747222222222224,-0.415
28.75,-0.42
28.752777777777776,-0.425
28.755555555555556,-0.42
28.758333333333333,-0.42
28.761111111111113,-0.41
28.76388888888889,-0.4
28.766666666666666,-0.41
28.769444444444446,-0.415
28.772222222222222,-0.41
28.775,-0.39
28.77777777777778,-0.395
28.780555555555555,-0.39
28.783333333333335,-0.395
28.78611111111111,-0.41
28.788888888888888,-0.41
28.791666666666668,-0.39
28.794444444444444,-0.385
28.79722222222222,-0.4
28.8,-0.42
28.802777777777777,-0.465
28.805555555555557,-0.465
28.808333333333334,-0.455
28.81111111111111,-0.445
28.81388888888889,-0.395
28.816666666666666,-0.32
28.819444444444443,-0.2
28.822222222222223,-0.07
28.825,0.055
28.82777777777778,0.16
28.830555555555556,0.23
28.833333333333332,0.3
28.836111111111112,0.4
28.83888888888889,0.53
28.841666666666665,0.66
28.844444444444445,0.785
28.84722222222222,0.905
28.85,0.995
28.852777777777778,1.075
28.855555555555554,1.16
28.858333333333334,1.19
28.86111111111111,1.215
28.863888888888887,1.215
28.866666666666667,1.18
28.869444444444444,1.12
28.872222222222224,1.03
28.875,0.895
28.877777777777776,0.745
28.880555555555556,0.62
28.883333333333333,0.505
28.886111111111113,0.375
28.88888888888889,0.25
28.891666666666666,0.1
28.894444444444446,-0.06
28.897222222222222,-0.245
28.9,-0.44
28.90277777777778,-0.605
28.905555555555555,-0.73
28.908333333333335,-0.84
28.91111111111111,-0.905
28.913888888888888,-0.96
28.916666666666668,-1.01
28.919444444444444,-1.025
28.92222222222222,-1.04
28.925,-1.025
28.927777777777777,-1.01
28.930555555555557,-1.005
28.933333333333334,-1.02
28.93611111111111,-1.015
28.93888888888889,-0.995
28.941666666666666,-0.945
28.944444444444443,-0.89
28.947222222222223,-0.85
28.95,-0.83
28.95277777777778,-0.825
28.955555555555556,-0.8
28.958333333333332,-0.775
28.961111111111112,-0.74
28.96388888888889,-0.715
28.966666666666665,-0.71
28.969444444444445,-0.7
28.97222222222222,-0.68
28.975,-0.665
28.977777777777778,-0.65
28.980555555555554,-0.635
28.983333333333334,-0.645
28.98611111111111,-0.645
28.988888888888887,-0.665
28.991666666666667,-0.655
28.994444444444444,-0.665
28.997222222222224,-0.66
29.0,-0.675
29.002777777777776,-0.68
29.005555555555556,-0.685
29.008333333333333,-0.67
29.011111111111113,-0.675
29.01388888888889,-0.68
29.016666666666666,-0.685
29.019444444444446,-0.705
29.022222222222222,-0.7
29.025,-0.695
29.02777777777778,-0.68
29.030555555555555,-0.695
29.033333333333335,-0.695
29.03611111111111,-0.715
29.038888888888888,-0.71
29.041666666666668,-0.7
29.044444444444444,-0.715
29.04722222222222,-0.7
29.05,-0.71
29.052777777777777,-0.725
29.055555555555557,-0.72
29.058333333333334,-0.695
29.06111111111111,-0.695
29.06388888888889,-0.68
29.066666666666666,-0.685
29.069444444444443,-0.685
29.072222222222223,-0.67
29.075,-0.65
29.07777777777778,-0.63
29.080555555555556,-0.625
29.083333333333332,-0.62
29.086111111111112,-0.625
29.08888888888889,-0.61
29.091666666666665,-0.58
29.094444444444445,-0.57
29.09722222222222,-0.555
29.1,-0.54
29.102777777777778,-0.545
29.105555555555554,-0.52
29.108333333333334,-0.505
29.11111111111111,-0.475
29.113888888888887,-0.455
29.116666666666667,-0.45
29.119444444444444,-0.44
29.122222222222224,-0.415
29.125,-0.39
29.127777777777776,-0.37
29.130555555555556,-0.365
29.133333333333333,-0.345
29.136111111111113,-0.345
29.13888888888889,-0.315
29.141666666666666,-0.29
29.144444444444446,-0.275
29.147222222222222,-0.26
29.15,-0.25
29.15277777777778,-0.24
29.155555555555555,-0.225
29.158333333333335,-0.205
29.16111111111111,-0.195
29.163888888888888,-0.185
29.166666666666668,-0.185
29.169444444444444,-0.19
29.17222222222222,-0.17
29.175,-0.16
29.177777777777777,-0.16
29.180555555555557,-0.155
29.183333333333334,-0.165
29.18611111111111,-0.17
29.18888888888889,-0.16
29.191666666666666,-0.16
29.194444444444443,-0.16
29.197222222222223,-0.16
29.2,-0.17
29.20277777777778,-0.19
29.205555555555556,-0.185
29.208333333333332,-0.17
29.211111111111112,-0.165
29.21388888888889,-0.165
29.216666666666665,-0.155
29.219444444444445,-0.165
29.22222222222222,-0.155
29.225,-0.155
29.227777777777778,-0.16
29.230555555555554,-0.155
29.233333333333334,-0.175
29.23611111111111,-0.19
29.238888888888887,-0.18
29.241666666666667,-0.17
29.244444444444444,-0.15
29.247222222222224,-0.155
29.25,-0.16
29.252777777777776,-0.17
29.255555555555556,-0.16
29.258333333333333,-0.16
29.261111111111113,-0.15
29.26388888888889,-0.155
29.266666666666666,-0.18
29.269444444444446,-0.215
29.272222222222222,-0.22
29.275,-0.205
29.27777777777778,-0.21
29.280555555555555,-0.205
29.283333333333335,-0.215
29.28611111111111,-0.21
29.288888888888888,-0.21
29.291666666666668,-0.215
29.294444444444444,-0.225
29.29722222222222,-0.245
29.3,-0.27
29.302777777777777,-0.33
29.305555555555557,-0.345
29.308333333333334,-0.375
29.31111111111111,-0.385
29.31388888888889,-0.41
29.316666666666666,-0.45
29.319444444444443,-0.475
29.322222222222223,-0.48
29.325,-0.47
29.32777777777778,-0.46
29.330555555555556,-0.46
29.333333333333332,-0.485
29.336111111111112,-0.49
29.33888888888889,-0.495
29.341666666666665,-0.48
29.344444444444445,-0.47
29.34722222222222,-0.47
29.35,-0.485
29.352777777777778,-0.485
29.355555555555554,-0.49
29.358333333333334,-0.48
29.36111111111111,-0.46
29.363888888888887,-0.47
29.366666666666667,-0.485
29.369444444444444,-0.485
29.372222222222224,-0.485
29.375,-0.465
29.377777777777776,-0.47
29.380555555555556,-0.48
29.383333333333333,-0.465
29.386111111111113,-0.475
29.38888888888889,-0.475
29.391666666666666,-0.46
29.394444444444446,-0.45
29.397222222222222,-0.445
29.4,-0.445
29.40277777777778,-0.46
29.405555555555555,-0.45
29.408333333333335,-0.445
29.41111111111111,-0.43
29.413888888888888,-0.43
29.416666666666668,-0.425
29.419444444444444,-0.43
29.42222222222222,-0.435
29.425,-0.43
29.427777777777777,-0.41
29.430555555555557,-0.405
29.433333333333334,-0.42
29.43611111111111,-0.445
29.43888888888889,-0.435
29.441666666666666,-0.445
29.444444444444443,-0.455
29.447222222222223,-0.46
29.45,-0.465
29.45277777777778,-0.45
29.455555555555556,-0.375
29.458333333333332,-0.25
29.461111111111112,-0.13
29.46388888888889,0.015
29.466666666666665,0.14
29.469444444444445,0.24
29.47222222222222,0.315
29.475,0.415
29.477777777777778,0.545
29.480555555555554,0.685
29.483333333333334,0.83
29.48611111111111,0.935
29.488888888888887,1.055
29.491666666666667,1.15
29.494444444444444,1.215
29.497222222222224,1.235
29.5,1.23
29.502777777777776,1.18
29.505555555555556,1.125
29.508333333333333,1.02
29.511111111111113,0.875
29.51388888888889,0.695
29.516666666666666,0.54
29.519444444444446,0.395
29.522222222222222,0.27
29.525,0.125
29.52777777777778,-0.035
29.530555555555555,-0.225
29.533333333333335,-0.41
29.53611111111111,-0.575
29.538888888888888,-0.695
29.541666666666668,-0.82
29.544444444444444,-0.925
29.54722222222222,-1.0
29.55,-1.055
29.552777777777777,-1.085
29.555555555555557,-1.095
29.558333333333334,-1.075
29.56111111111111,-1.06
29.56388888888889,-1.05
29.566666666666666,-1.06
29.569444444444443,-1.065
29.572222222222223,-1.03
29.575,-0.98
29.57777777777778,-0.93
29.580555555555556,-0.895
29.583333333333332,-0.88
29.586111111111112,-0.86
29.58888888888889,-0.845
29.591666666666665,-0.81
29.594444444444445,-0.79
29.59722222222222,-0.77
29.6,-0.75
29.602777777777778,-0.735
29.605555555555554,-0.72
29.608333333333334,-0.7
29.61111111111111,-0.69
29.613888888888887,-0.67
29.616666666666667,-0.685
29.619444444444444,-0.685
29.622222222222224,-0.685
29.625,-0.69
29.627777777777776,-0.675
29.630555555555556,-0.685
29.633333333333333,-0.69
29.636111111111113,-0.71
29.63888888888889,-0.7
29.641666666666666,-0.71
29.644444444444446,-0.695
29.647222222222222,-0.69
29.65,-0.715
29.65277777777778,-0.73
29.655555555555555,-0.715
29.658333333333335,-0.715
29.66111111111111,-0.71
29.663888888888888,-0.71
29.666666666666668,-0.72
29.669444444444444,-0.745
29.67222222222222,-0.73
29.675,-0.73
29.677777777777777,-0.725
29.680555555555557,-0.725
29.683333333333334,-0.73
29.68611111111111,-0.73
29.68888888888889,-0.72
29.691666666666666,-0.705
29.694444444444443,-0.7
29.697222222222223,-0.705
29.7,-0.71
29.70277777777778,-0.705
29.705555555555556,-0.695
29.708333333333332,-0.675
29.711111111111112,-0.655
29.71388888888889,-0.655
29.716666666666665,-0.65
29.719444444444445,-0.65
29.72222222222222,-0.635
29.725,-0.615
29.727777777777778,-0.59
29.730555555555554,-0.575
29.733333333333334,-0.56
29.73611111111111,-0.565
29.738888888888887,-0.555
29.741666666666667,-0.52
29.744444444444444,-0.49
29.747222222222224,-0.48
29.75,-0.46
29.752777777777776,-0.455
29.755555555555556,-0.435
29.758333333333333,-0.405
29.761111111111113,-0.38
29.76388888888889,-0.37
29.766666666666666,-0.355
29.769444444444446,-0.355
29.772222222222222,-0.34
29.775,-0.315
29.77777777777778,-0.285
29.780555555555555,-0.28
29.783333333333335,-0.265
29.78611111111111,-0.27
29.788888888888888,-0.255
29.791666666666668,-0.245
29.794444444444444,-0.22
29.79722222222222,-0.21
29.8,-0.21
29.802777777777777,-0.21
29.805555555555557,-0.205
29.808333333333334,-0.19
29.81111111111111,-0.17
29.81388888888889,-0.175
29.816666666666666,-0.185
29.819444444444443,-0.19
29.822222222222223,-0.185
29.825,-0.17
29.82777777777778,-0.175
29.830555555555556,-0.175
29.833333333333332,-0.185
29.836111111111112,-0.195
29.83888888888889,-0.19
29.841666666666665,-0.18
29.844444444444445,-0.175
29.84722222222222,-0.185
29.85,-0.185
29.852777777777778,-0.185
29.855555555555554,-0.185
29.858333333333334,-0.175
29.86111111111111,-0.17
29.863888888888887,-0.175
29.866666666666667,-0.175
29.869444444444444,-0.195
29.872222222222224,-0.2
29.875,-0.19
29.877777777777776,-0.185
29.880555555555556,-0.18
29.883333333333333,-0.18
29.886111111111113,-0.18
29.88888888888889,-0.17
29.891666666666666,-0.17
29.894444444444446,-0.165
29.897222222222222,-0.19
29.9,-0.18
29.90277777777778,-0.2
29.905555555555555,-0.21
29.908333333333335,-0.215
29.91111111111111,-0.195
29.913888888888888,-0.195
29.916666666666668,-0.2
29.919444444444444,-0.22
29.92222222222222,-0.225
29.925,-0.225
29.927777777777777,-0.205
29.930555555555557,-0.22
29.933333333333334,-0.245
29.93611111111111,-0.295
29.93888888888889,-0.32
29.941666666666666,-0.345
29.944444444444443,-0.365
29.947222222222223,-0.385
29.95,-0.42
29.95277777777778,-0.44
29.955555555555556,-0.445
29.958333333333332,-0.435
29.961111111111112,-0.43
29.96388888888889,-0.435
29.966666666666665,-0.455
29.969444444444445,-0.475
29.97222222222222,-0.475
29.975,-0.46
29.977777777777778,-0.44
29.980555555555554,-0.445
29.983333333333334,-0.46
29.98611111111111,-0.47
29.988888888888887,-0.455
29.991666666666667,-0.455
29.994444444444444,-0.445
29.997222222222224,-0.445
