time,voltage
0.0,-0.26
0.002777777777777778,-0.26
0.005555555555555556,-0.26
0.008333333333333333,-0.26
0.011111111111111112,-0.26
0.013888888888888888,-0.26
0.016666666666666666,-0.26
0.019444444444444445,-0.26
0.022222222222222223,-0.145
0.025,-0.175
0.027777777777777776,-0.275
0.030555555555555555,-0.38
0.03333333333333333,-0.405
0.03611111111111111,-0.385
0.03888888888888889,-0.31
0.041666666666666664,-0.24
0.044444444444444446,-0.255
0.04722222222222222,-0.325
0.05,-0.375
0.05277777777777778,-0.345
0.05555555555555555,-0.23
0.058333333333333334,-0.12
0.06111111111111111,-0.06
0.06388888888888888,-0.12
0.06666666666666667,-0.22
0.06944444444444445,-0.35
0.07222222222222222,-0.365
0.075,-0.335
0.07777777777777778,-0.26
0.08055555555555556,-0.175
0.08333333333333333,-0.105
0.08611111111111111,-0.14
0.08888888888888889,-0.2
0.09166666666666666,-0.235
0.09444444444444444,-0.295
0.09722222222222222,-0.395
0.1,-0.49
0.10277777777777777,-0.475
0.10555555555555556,-0.395
0.10833333333333334,-0.315
0.1111111111111111,-0.26
0.11388888888888889,-0.21
0.11666666666666667,-0.2
0.11944444444444445,-0.16
0.12222222222222222,-0.095
0.125,-0.04
0.12777777777777777,-0.02
0.13055555555555556,-0.035
0.13333333333333333,-0.09
0.1361111111111111,-0.17
0.1388888888888889,-0.24
0.14166666666666666,-0.28
0.14444444444444443,-0.3
0.14722222222222223,-0.285
0.15,-0.275
0.1527777777777778,-0.245
0.15555555555555556,-0.185
0.15833333333333333,-0.1
0.16111111111111112,-0.055
0.1638888888888889,-0.13
0.16666666666666666,-0.295
0.16944444444444445,-0.4
0.17222222222222222,-0.345
0.175,-0.27
0.17777777777777778,-0.255
0.18055555555555555,-0.255
0.18333333333333332,-0.215
0.18611111111111112,-0.175
0.18888888888888888,-0.155
0.19166666666666668,-0.175
0.19444444444444445,-0.235
0.19722222222222222,-0.315
0.2,-0.335
0.20277777777777778,-0.31
0.20555555555555555,-0.26
0.20833333333333334,-0.26
0.2111111111111111,-0.305
0.21388888888888888,-0.34
0.21666666666666667,-0.28
0.21944444444444444,-0.205
0.2222222222222222,-0.16
0.225,-0.215
0.22777777777777777,-0.34
0.23055555555555557,-0.34
0.23333333333333334,-0.165
0.2361111111111111,0.04
0.2388888888888889,0.18
0.24166666666666667,0.23
0.24444444444444444,0.26
0.24722222222222223,0.255
0.25,0.275
0.25277777777777777,0.43
0.25555555555555554,0.7
0.25833333333333336,1.0
0.2611111111111111,1.285
0.2638888888888889,1.465
0.26666666666666666,1.53
0.26944444444444443,1.48
0.2722222222222222,1.385
0.275,1.345
0.2777777777777778,1.355
0.28055555555555556,1.37
0.2833333333333333,1.325
0.2861111111111111,1.26
0.28888888888888886,1.17
0.2916666666666667,1.025
0.29444444444444445,0.83
0.2972222222222222,0.655
0.3,0.52
0.30277777777777776,0.42
0.3055555555555556,0.36
0.30833333333333335,0.24
0.3111111111111111,0.0
0.3138888888888889,-0.255
0.31666666666666665,-0.395
0.3194444444444444,-0.4
0.32222222222222224,-0.29
0.325,-0.185
0.3277777777777778,-0.165
0.33055555555555555,-0.285
0.3333333333333333,-0.43
0.33611111111111114,-0.495
0.3388888888888889,-0.485
0.3416666666666667,-0.415
0.34444444444444444,-0.365
0.3472222222222222,-0.34
0.35,-0.37
0.3527777777777778,-0.47
0.35555555555555557,-0.535
0.35833333333333334,-0.565
0.3611111111111111,-0.535
0.3638888888888889,-0.5
0.36666666666666664,-0.44
0.36944444444444446,-0.41
0.37222222222222223,-0.41
0.375,-0.505
0.37777777777777777,-0.655
0.38055555555555554,-0.77
0.38333333333333336,-0.775
0.3861111111111111,-0.62
0.3888888888888889,-0.45
0.39166666666666666,-0.405
0.39444444444444443,-0.465
0.3972222222222222,-0.535
0.4,-0.575
0.4027777777777778,-0.55
0.40555555555555556,-0.52
0.4083333333333333,-0.51
0.4111111111111111,-0.49
0.41388888888888886,-0.455
0.4166666666666667,-0.51
0.41944444444444445,-0.64
0.4222222222222222,-0.69
0.425,-0.615
0.42777777777777776,-0.495
0.4305555555555556,-0.44
0.43333333333333335,-0.405
0.4361111111111111,-0.36
0.4388888888888889,-0.34
0.44166666666666665,-0.425
0.4444444444444444,-0.57
0.44722222222222224,-0.615
0.45,-0.525
0.4527777777777778,-0.425
0.45555555555555555,-0.42
0.4583333333333333,-0.43
0.46111111111111114,-0.4
0.4638888888888889,-0.355
0.4666666666666667,-0.365
0.46944444444444444,-0.395
0.4722222222222222,-0.4
0.475,-0.355
0.4777777777777778,-0.33
0.48055555555555557,-0.34
0.48333333333333334,-0.33
0.4861111111111111,-0.315
0.4888888888888889,-0.275
0.49166666666666664,-0.215
0.49444444444444446,-0.135
0.49722222222222223,-0.075
0.5,-0.08
0.5027777777777778,-0.055
0.5055555555555555,-0.03
0.5083333333333333,-0.02
0.5111111111111111,-0.035
0.5138888888888888,-0.045
0.5166666666666667,-0.05
0.5194444444444445,-0.07
0.5222222222222223,-0.065
0.525,-0.14
0.5277777777777778,-0.21
0.5305555555555556,-0.25
0.5333333333333333,-0.205
0.5361111111111111,-0.01
0.5388888888888889,0.125
0.5416666666666666,0.08
0.5444444444444444,-0.05
0.5472222222222223,-0.17
0.55,-0.225
0.5527777777777778,-0.28
0.5555555555555556,-0.34
0.5583333333333333,-0.32
0.5611111111111111,-0.255
0.5638888888888889,-0.15
0.5666666666666667,-0.045
0.5694444444444444,-0.01
0.5722222222222222,-0.01
0.575,0.035
0.5777777777777777,0.015
0.5805555555555556,-0.155
0.5833333333333334,-0.455
0.5861111111111111,-0.655
0.5888888888888889,-0.64
0.5916666666666667,-0.465
0.5944444444444444,-0.29
0.5972222222222222,-0.245
0.6,-0.26
0.6027777777777777,-0.275
0.6055555555555555,-0.275
0.6083333333333333,-0.28
0.6111111111111112,-0.32
0.6138888888888889,-0.405
0.6166666666666667,-0.44
0.6194444444444445,-0.38
0.6222222222222222,-0.225
0.625,-0.135
0.6277777777777778,-0.175
0.6305555555555555,-0.25
0.6333333333333333,-0.32
0.6361111111111111,-0.33
0.6388888888888888,-0.26
0.6416666666666667,-0.155
0.6444444444444445,-0.12
0.6472222222222223,-0.18
0.65,-0.31
0.6527777777777778,-0.37
0.6555555555555556,-0.33
0.6583333333333333,-0.3
0.6611111111111111,-0.4
0.6638888888888889,-0.5
0.6666666666666666,-0.54
0.6694444444444444,-0.51
0.6722222222222223,-0.39
0.675,-0.22
0.6777777777777778,-0.125
0.6805555555555556,-0.165
0.6833333333333333,-0.3
0.6861111111111111,-0.375
0.6888888888888889,-0.37
0.6916666666666667,-0.38
0.6944444444444444,-0.4
0.6972222222222222,-0.385
0.7,-0.34
0.7027777777777777,-0.32
0.7055555555555556,-0.305
0.7083333333333334,-0.25
0.7111111111111111,-0.175
0.7138888888888889,-0.145
0.7166666666666667,-0.17
0.7194444444444444,-0.25
0.7222222222222222,-0.32
0.725,-0.345
0.7277777777777777,-0.32
0.7305555555555555,-0.2
0.7333333333333333,-0.07
0.7361111111111112,-0.07
0.7388888888888889,-0.205
0.7416666666666667,-0.32
0.7444444444444445,-0.32
0.7472222222222222,-0.235
0.75,-0.155
0.7527777777777778,-0.155
0.7555555555555555,-0.23
0.7583333333333333,-0.26
0.7611111111111111,-0.215
0.7638888888888888,-0.17
0.7666666666666667,-0.13
0.7694444444444445,-0.1
0.7722222222222223,-0.11
0.775,-0.17
0.7777777777777778,-0.23
0.7805555555555556,-0.27
0.7833333333333333,-0.265
0.7861111111111111,-0.23
0.7888888888888889,-0.185
0.7916666666666666,-0.16
0.7944444444444444,-0.17
0.7972222222222223,-0.19
0.8,-0.185
0.8027777777777778,-0.16
0.8055555555555556,-0.175
0.8083333333333333,-0.215
0.8111111111111111,-0.255
0.8138888888888889,-0.295
0.8166666666666667,-0.3
0.8194444444444444,-0.215
0.8222222222222222,-0.14
0.825,-0.11
0.8277777777777777,-0.15
0.8305555555555556,-0.21
0.8333333333333334,-0.245
0.8361111111111111,-0.18
0.8388888888888889,-0.085
0.8416666666666667,-0.045
0.8444444444444444,-0.125
0.8472222222222222,-0.28
0.85,-0.435
0.8527777777777777,-0.475
0.8555555555555555,-0.4
0.8583333333333333,-0.265
0.8611111111111112,-0.175
0.8638888888888889,-0.18
0.8666666666666667,-0.23
0.8694444444444445,-0.215
0.8722222222222222,-0.14
0.875,-0.11
0.8777777777777778,-0.165
0.8805555555555555,-0.245
0.8833333333333333,-0.29
0.8861111111111111,-0.29
0.8888888888888888,-0.28
0.8916666666666667,-0.275
0.8944444444444445,-0.225
0.8972222222222223,-0.2
0.9,-0.21
0.9027777777777778,-0.265
0.9055555555555556,-0.28
0.9083333333333333,-0.235
0.9111111111111111,-0.195
0.9138888888888889,-0.185
0.9166666666666666,-0.2
0.9194444444444444,-0.185
0.9222222222222223,-0.125
0.925,-0.05
0.9277777777777778,0.02
0.9305555555555556,0.0
0.9333333333333333,-0.09
0.9361111111111111,-0.17
0.9388888888888889,-0.205
0.9416666666666667,-0.18
0.9444444444444444,-0.09
0.9472222222222222,-0.025
0.95,-0.06
0.9527777777777777,-0.175
0.9555555555555556,-0.215
0.9583333333333334,-0.175
0.9611111111111111,-0.155
0.9638888888888889,-0.145
0.9666666666666667,-0.08
0.9694444444444444,0.015
0.9722222222222222,0.01
0.975,-0.1
0.9777777777777777,-0.18
0.9805555555555555,-0.18
0.9833333333333333,-0.11
0.9861111111111112,-0.125
0.9888888888888889,-0.205
0.9916666666666667,-0.235
0.9944444444444445,-0.19
0.9972222222222222,-0.125
1.0,-0.12
1.0027777777777778,-0.13
1.0055555555555555,-0.105
1.0083333333333333,-0.035
1.011111111111111,-0.03
1.0138888888888888,-0.16
1.0166666666666666,-0.325
1.0194444444444444,-0.33
1.0222222222222221,-0.24
1.025,-0.185
1.0277777777777777,-0.205
1.0305555555555554,-0.19
1.0333333333333334,-0.155
1.0361111111111112,-0.15
1.038888888888889,-0.155
1.0416666666666667,-0.19
1.0444444444444445,-0.18
1.0472222222222223,-0.125
1.05,-0.095
1.0527777777777778,-0.105
1.0555555555555556,-0.055
1.0583333333333333,-0.02
1.0611111111111111,-0.065
1.0638888888888889,-0.145
1.0666666666666667,-0.205
1.0694444444444444,-0.185
1.0722222222222222,-0.135
1.075,-0.125
1.0777777777777777,-0.155
1.0805555555555555,-0.185
1.0833333333333333,-0.14
1.086111111111111,-0.08
1.0888888888888888,-0.02
1.0916666666666666,-0.01
1.0944444444444446,-0.03
1.0972222222222223,-0.035
1.1,-0.015
1.1027777777777779,-0.005
1.1055555555555556,-0.02
1.1083333333333334,-0.105
1.1111111111111112,-0.2
1.113888888888889,-0.235
1.1166666666666667,-0.185
1.1194444444444445,-0.155
1.1222222222222222,-0.145
1.125,-0.075
1.1277777777777778,-0.03
1.1305555555555555,-0.055
1.1333333333333333,-0.085
1.136111111111111,-0.09
1.1388888888888888,-0.05
1.1416666666666666,0.03
1.1444444444444444,0.135
1.1472222222222221,0.19
1.15,0.185
1.1527777777777777,0.17
1.1555555555555554,0.17
1.1583333333333334,0.16
1.1611111111111112,0.125
1.163888888888889,0.115
1.1666666666666667,0.245
1.1694444444444445,0.47
1.1722222222222223,0.69
1.175,0.86
1.1777777777777778,1.04
1.1805555555555556,1.265
1.1833333333333333,1.485
1.1861111111111111,1.67
1.1888888888888889,1.76
1.1916666666666667,1.815
1.1944444444444444,1.8
1.1972222222222222,1.715
1.2,1.63
1.2027777777777777,1.635
1.2055555555555555,1.625
1.2083333333333333,1.535
1.211111111111111,1.375
1.2138888888888888,1.21
1.2166666666666666,1.065
1.2194444444444446,0.9
1.2222222222222223,0.68
1.225,0.33
1.2277777777777779,0.035
1.2305555555555556,-0.08
1.2333333333333334,-0.08
1.2361111111111112,-0.085
1.238888888888889,-0.075
1.2416666666666667,-0.07
1.2444444444444445,-0.12
1.2472222222222222,-0.27
1.25,-0.445
1.2527777777777778,-0.55
1.2555555555555555,-0.565
1.2583333333333333,-0.47
1.261111111111111,-0.3
1.2638888888888888,-0.22
1.2666666666666666,-0.305
1.2694444444444444,-0.5
1.2722222222222221,-0.645
1.275,-0.66
1.2777777777777777,-0.585
1.2805555555555554,-0.5
1.2833333333333334,-0.445
1.2861111111111112,-0.455
1.288888888888889,-0.465
1.2916666666666667,-0.465
1.2944444444444445,-0.5
1.2972222222222223,-0.47
1.3,-0.43
1.3027777777777778,-0.4
1.3055555555555556,-0.435
1.3083333333333333,-0.475
1.3111111111111111,-0.46
1.3138888888888889,-0.445
1.3166666666666667,-0.475
1.3194444444444444,-0.55
1.3222222222222222,-0.64
1.325,-0.655
1.3277777777777777,-0.61
1.3305555555555555,-0.545
1.3333333333333333,-0.475
1.336111111111111,-0.425
1.3388888888888888,-0.395
1.3416666666666666,-0.41
1.3444444444444446,-0.415
1.3472222222222223,-0.46
1.35,-0.475
1.3527777777777779,-0.465
1.3555555555555556,-0.435
1.3583333333333334,-0.405
1.3611111111111112,-0.38
1.363888888888889,-0.375
1.3666666666666667,-0.38
1.3694444444444445,-0.395
1.3722222222222222,-0.42
1.375,-0.455
1.3777777777777778,-0.49
1.3805555555555555,-0.51
1.3833333333333333,-0.475
1.386111111111111,-0.415
1.3888888888888888,-0.355
1.3916666666666666,-0.34
1.3944444444444444,-0.345
1.3972222222222221,-0.35
1.4,-0.3
1.4027777777777777,-0.2
1.4055555555555554,-0.105
1.4083333333333334,-0.045
1.4111111111111112,-0.065
1.413888888888889,-0.165
1.4166666666666667,-0.25
1.4194444444444445,-0.285
1.4222222222222223,-0.215
1.425,-0.07
1.4277777777777778,0.06
1.4305555555555556,0.095
1.4333333333333333,-0.035
1.4361111111111111,-0.15
1.4388888888888889,-0.09
1.4416666666666667,0.06
1.4444444444444444,0.135
1.4472222222222222,0.06
1.45,-0.11
1.4527777777777777,-0.215
1.4555555555555555,-0.165
1.4583333333333333,-0.08
1.461111111111111,-0.04
1.4638888888888888,-0.055
1.4666666666666666,-0.03
1.4694444444444446,-0.025
1.4722222222222223,-0.04
1.475,-0.035
1.4777777777777779,-0.08
1.4805555555555556,-0.1
1.4833333333333334,-0.05
1.4861111111111112,0.055
1.488888888888889,0.075
1.4916666666666667,0.0
1.4944444444444445,-0.135
1.4972222222222222,-0.2
1.5,-0.15
1.5027777777777778,-0.07
1.5055555555555555,-0.02
1.5083333333333333,0.01
1.511111111111111,0.015
1.5138888888888888,0.04
1.5166666666666666,-0.015
1.5194444444444444,-0.095
1.5222222222222221,-0.185
1.525,-0.19
1.5277777777777777,-0.155
1.5305555555555554,-0.1
1.5333333333333334,-0.06
1.5361111111111112,-0.025
1.538888888888889,-0.005
1.5416666666666667,0.015
1.5444444444444445,0.03
1.5472222222222223,0.025
1.55,0.02
1.5527777777777778,-0.015
1.5555555555555556,-0.045
1.5583333333333333,-0.08
1.5611111111111111,-0.085
1.5638888888888889,-0.09
1.5666666666666667,-0.085
1.5694444444444444,-0.08
1.5722222222222222,-0.105
1.575,-0.1
1.5777777777777777,-0.09
1.5805555555555555,-0.025
1.5833333333333333,-0.01
1.586111111111111,-0.04
1.5888888888888888,-0.09
1.5916666666666666,-0.105
1.5944444444444446,-0.055
1.5972222222222223,-0.01
1.6,-0.025
1.6027777777777779,-0.09
1.6055555555555556,-0.14
1.6083333333333334,-0.19
1.6111111111111112,-0.225
1.613888888888889,-0.21
1.6166666666666667,-0.11
1.6194444444444445,-0.05
1.6222222222222222,-0.055
1.625,-0.07
1.6277777777777778,-0.045
1.6305555555555555,-0.075
1.6333333333333333,-0.12
1.636111111111111,-0.125
1.6388888888888888,-0.025
1.6416666666666666,0.1
1.6444444444444444,0.175
1.6472222222222221,0.085
1.65,-0.095
1.6527777777777777,-0.2
1.6555555555555554,-0.22
1.6583333333333334,-0.16
1.6611111111111112,-0.095
1.663888888888889,-0.055
1.6666666666666667,-0.07
1.6694444444444445,-0.075
1.6722222222222223,-0.075
1.675,-0.125
1.6777777777777778,-0.2
1.6805555555555556,-0.26
1.6833333333333333,-0.18
1.6861111111111111,-0.065
1.6888888888888889,0.015
1.6916666666666667,0.02
1.6944444444444444,-0.05
1.6972222222222222,-0.155
1.7,-0.215
1.7027777777777777,-0.175
1.7055555555555555,-0.055
1.7083333333333333,0.07
1.711111111111111,0.11
1.7138888888888888,0.01
1.7166666666666666,-0.11
1.7194444444444446,-0.19
1.7222222222222223,-0.2
1.725,-0.17
1.7277777777777779,-0.095
1.7305555555555556,-0.055
1.7333333333333334,-0.05
1.7361111111111112,-0.05
1.738888888888889,-0.06
1.7416666666666667,-0.085
1.7444444444444445,-0.125
1.7472222222222222,-0.13
1.75,-0.105
1.7527777777777778,-0.05
1.7555555555555555,0.005
1.7583333333333333,-0.01
1.761111111111111,-0.07
1.7638888888888888,-0.12
1.7666666666666666,-0.125
1.7694444444444444,-0.035
1.7722222222222221,0.065
1.775,0.095
1.7777777777777777,0.08
1.7805555555555554,0.015
1.7833333333333334,-0.06
1.7861111111111112,-0.08
1.788888888888889,0.03
1.7916666666666667,0.2
1.7944444444444445,0.31
1.7972222222222223,0.335
1.8,0.335
1.8027777777777778,0.4
1.8055555555555556,0.48
1.8083333333333333,0.59
1.8111111111111111,0.745
1.8138888888888889,0.975
1.8166666666666667,1.215
1.8194444444444444,1.4
1.8222222222222222,1.48
1.825,1.46
1.8277777777777777,1.42
1.8305555555555555,1.425
1.8333333333333333,1.455
1.836111111111111,1.51
1.8388888888888888,1.545
1.8416666666666666,1.54
1.8444444444444446,1.34
1.8472222222222223,1.07
1.85,0.85
1.8527777777777779,0.735
1.8555555555555556,0.64
1.8583333333333334,0.405
1.8611111111111112,0.095
1.863888888888889,-0.145
1.8666666666666667,-0.195
1.8694444444444445,-0.17
1.8722222222222222,-0.165
1.875,-0.235
1.8777777777777778,-0.335
1.8805555555555555,-0.39
1.8833333333333333,-0.365
1.886111111111111,-0.355
1.8888888888888888,-0.37
1.8916666666666666,-0.42
1.8944444444444444,-0.455
1.8972222222222221,-0.46
1.9,-0.425
1.9027777777777777,-0.405
1.9055555555555554,-0.38
1.9083333333333334,-0.365
1.9111111111111112,-0.365
1.913888888888889,-0.365
1.9166666666666667,-0.375
1.9194444444444445,-0.41
1.9222222222222223,-0.445
1.925,-0.435
1.9277777777777778,-0.38
1.9305555555555556,-0.355
1.9333333333333333,-0.365
1.9361111111111111,-0.365
1.9388888888888889,-0.305
1.9416666666666667,-0.32
1.9444444444444444,-0.46
1.9472222222222222,-0.59
1.95,-0.635
1.9527777777777777,-0.565
1.9555555555555555,-0.495
1.9583333333333333,-0.47
1.961111111111111,-0.48
1.9638888888888888,-0.465
1.9666666666666666,-0.42
1.9694444444444446,-0.37
1.9722222222222223,-0.385
1.975,-0.4
1.9777777777777779,-0.475
1.9805555555555556,-0.535
1.9833333333333334,-0.52
1.9861111111111112,-0.44
1.988888888888889,-0.345
1.9916666666666667,-0.245
1.9944444444444445,-0.185
1.9972222222222222,-0.225
2.0,-0.29
2.0027777777777778,-0.32
2.0055555555555555,-0.285
2.0083333333333333,-0.25
2.011111111111111,-0.265
2.013888888888889,-0.33
2.0166666666666666,-0.36
2.0194444444444444,-0.31
2.022222222222222,-0.155
2.025,-0.065
2.0277777777777777,-0.155
2.0305555555555554,-0.32
2.033333333333333,-0.335
2.036111111111111,-0.235
2.0388888888888888,-0.12
2.0416666666666665,-0.08
2.0444444444444443,-0.145
2.047222222222222,-0.23
2.05,-0.27
2.0527777777777776,-0.195
2.0555555555555554,-0.04
2.058333333333333,0.055
2.061111111111111,0.05
2.063888888888889,-0.05
2.066666666666667,-0.115
2.0694444444444446,-0.145
2.0722222222222224,-0.09
2.075,-0.035
2.077777777777778,0.0
2.0805555555555557,-0.015
2.0833333333333335,-0.02
2.0861111111111112,-0.04
2.088888888888889,-0.095
2.091666666666667,-0.145
2.0944444444444446,-0.13
2.0972222222222223,-0.12
2.1,-0.135
2.102777777777778,-0.125
2.1055555555555556,-0.1
2.1083333333333334,-0.135
2.111111111111111,-0.215
2.113888888888889,-0.275
2.1166666666666667,-0.235
2.1194444444444445,-0.155
2.1222222222222222,-0.145
2.125,-0.205
2.1277777777777778,-0.355
2.1305555555555555,-0.455
2.1333333333333333,-0.415
2.136111111111111,-0.285
2.138888888888889,-0.2
2.1416666666666666,-0.225
2.1444444444444444,-0.295
2.147222222222222,-0.345
2.15,-0.365
2.1527777777777777,-0.36
2.1555555555555554,-0.345
2.158333333333333,-0.32
2.161111111111111,-0.32
2.1638888888888888,-0.32
2.1666666666666665,-0.305
2.1694444444444443,-0.24
2.172222222222222,-0.195
2.175,-0.235
2.1777777777777776,-0.33
2.1805555555555554,-0.375
2.183333333333333,-0.345
2.186111111111111,-0.265
2.188888888888889,-0.18
2.191666666666667,-0.15
2.1944444444444446,-0.195
2.1972222222222224,-0.23
2.2,-0.245
2.202777777777778,-0.305
2.2055555555555557,-0.36
2.2083333333333335,-0.38
2.2111111111111112,-0.35
2.213888888888889,-0.245
2.216666666666667,-0.185
2.2194444444444446,-0.175
2.2222222222222223,-0.185
2.225,-0.24
2.227777777777778,-0.285
2.2305555555555556,-0.305
2.2333333333333334,-0.305
2.236111111111111,-0.235
2.238888888888889,-0.185
2.2416666666666667,-0.19
2.2444444444444445,-0.235
2.2472222222222222,-0.235
2.25,-0.155
2.2527777777777778,-0.065
2.2555555555555555,-0.08
2.2583333333333333,-0.17
2.261111111111111,-0.28
2.263888888888889,-0.32
2.2666666666666666,-0.32
2.2694444444444444,-0.305
2.272222222222222,-0.245
2.275,-0.175
2.2777777777777777,-0.15
2.2805555555555554,-0.175
2.283333333333333,-0.235
2.286111111111111,-0.31
2.2888888888888888,-0.34
2.2916666666666665,-0.32
2.2944444444444443,-0.27
2.297222222222222,-0.23
2.3,-0.275
2.3027777777777776,-0.37
2.3055555555555554,-0.385
2.308333333333333,-0.315
2.311111111111111,-0.25
2.313888888888889,-0.25
2.316666666666667,-0.265
2.3194444444444446,-0.24
2.3222222222222224,-0.2
2.325,-0.215
2.327777777777778,-0.29
2.3305555555555557,-0.335
2.3333333333333335,-0.29
2.3361111111111112,-0.245
2.338888888888889,-0.23
2.341666666666667,-0.23
2.3444444444444446,-0.24
2.3472222222222223,-0.215
2.35,-0.17
2.352777777777778,-0.135
2.3555555555555556,-0.015
2.3583333333333334,0.09
2.361111111111111,0.185
2.363888888888889,0.185
2.3666666666666667,0.185
2.3694444444444445,0.24
2.3722222222222222,0.325
2.375,0.505
2.3777777777777778,0.82
2.3805555555555555,1.1
2.3833333333333333,1.19
2.386111111111111,1.15
2.388888888888889,1.085
2.3916666666666666,1.08
2.3944444444444444,1.145
2.397222222222222,1.22
2.4,1.28
2.4027777777777777,1.255
2.4055555555555554,1.1
2.408333333333333,0.835
2.411111111111111,0.555
2.4138888888888888,0.305
2.4166666666666665,0.15
2.4194444444444443,0.095
2.422222222222222,0.09
2.425,0.055
2.4277777777777776,-0.09
2.4305555555555554,-0.29
2.433333333333333,-0.435
2.436111111111111,-0.465
2.438888888888889,-0.435
2.441666666666667,-0.365
2.4444444444444446,-0.285
2.4472222222222224,-0.265
2.45,-0.345
2.452777777777778,-0.455
2.4555555555555557,-0.535
2.4583333333333335,-0.52
2.4611111111111112,-0.445
2.463888888888889,-0.38
2.466666666666667,-0.46
2.4694444444444446,-0.615
2.4722222222222223,-0.68
2.475,-0.665
2.477777777777778,-0.58
2.4805555555555556,-0.55
2.4833333333333334,-0.535
2.486111111111111,-0.55
2.488888888888889,-0.53
2.4916666666666667,-0.525
2.4944444444444445,-0.545
2.4972222222222222,-0.565
2.5,-0.585
2.5027777777777778,-0.58
2.5055555555555555,-0.565
2.5083333333333333,-0.53
2.511111111111111,-0.49
2.513888888888889,-0.46
2.5166666666666666,-0.48
2.5194444444444444,-0.57
2.522222222222222,-0.6
2.525,-0.565
2.5277777777777777,-0.47
2.5305555555555554,-0.445
2.533333333333333,-0.46
2.536111111111111,-0.495
2.5388888888888888,-0.465
2.5416666666666665,-0.375
2.5444444444444443,-0.305
2.547222222222222,-0.365
2.55,-0.48
2.5527777777777776,-0.59
2.5555555555555554,-0.605
2.558333333333333,-0.53
2.561111111111111,-0.505
2.563888888888889,-0.425
2.566666666666667,-0.345
2.5694444444444446,-0.3
2.5722222222222224,-0.32
2.575,-0.375
2.577777777777778,-0.4
2.5805555555555557,-0.43
2.5833333333333335,-0.45
2.5861111111111112,-0.39
2.588888888888889,-0.285
2.591666666666667,-0.255
2.5944444444444446,-0.315
2.5972222222222223,-0.315
2.6,-0.28
2.602777777777778,-0.26
2.6055555555555556,-0.275
2.6083333333333334,-0.26
2.611111111111111,-0.185
2.613888888888889,-0.12
2.6166666666666667,-0.145
2.6194444444444445,-0.2
2.6222222222222222,-0.205
2.625,-0.16
2.6277777777777778,-0.13
2.6305555555555555,-0.175
2.6333333333333333,-0.26
2.636111111111111,-0.315
2.638888888888889,-0.295
2.6416666666666666,-0.245
2.6444444444444444,-0.19
2.647222222222222,-0.125
2.65,-0.095
2.6527777777777777,-0.12
2.6555555555555554,-0.23
2.658333333333333,-0.345
2.661111111111111,-0.34
2.6638888888888888,-0.275
2.6666666666666665,-0.265
2.6694444444444443,-0.285
2.672222222222222,-0.29
2.675,-0.245
2.6777777777777776,-0.24
2.6805555555555554,-0.245
2.683333333333333,-0.2
2.686111111111111,-0.105
2.688888888888889,-0.03
2.691666666666667,-0.085
2.6944444444444446,-0.27
2.6972222222222224,-0.395
2.7,-0.3
2.702777777777778,-0.1
2.7055555555555557,-0.07
2.7083333333333335,-0.225
2.7111111111111112,-0.37
2.713888888888889,-0.34
2.716666666666667,-0.185
2.7194444444444446,-0.01
2.7222222222222223,0.055
2.725,-0.04
2.727777777777778,-0.21
2.7305555555555556,-0.31
2.7333333333333334,-0.375
2.736111111111111,-0.42
2.738888888888889,-0.46
2.7416666666666667,-0.455
2.7444444444444445,-0.38
2.7472222222222222,-0.33
2.75,-0.35
2.7527777777777778,-0.345
2.7555555555555555,-0.23
2.7583333333333333,-0.055
2.761111111111111,0.075
2.763888888888889,0.17
2.7666666666666666,0.255
2.7694444444444444,0.345
2.772222222222222,0.4
2.775,0.62
2.7777777777777777,0.795
2.7805555555555554,0.865
2.783333333333333,0.815
2.786111111111111,0.765
2.7888888888888888,0.735
2.7916666666666665,0.605
2.7944444444444443,0.4
2.797222222222222,0.215
2.8,0.095
2.8027777777777776,-0.015
2.8055555555555554,-0.18
2.808333333333333,-0.305
2.811111111111111,-0.365
2.813888888888889,-0.375
2.816666666666667,-0.405
2.8194444444444446,-0.435
2.8222222222222224,-0.505
2.825,-0.585
2.827777777777778,-0.64
2.8305555555555557,-0.625
2.8333333333333335,-0.51
2.8361111111111112,-0.405
2.838888888888889,-0.35
2.841666666666667,-0.39
2.8444444444444446,-0.505
2.8472222222222223,-0.585
2.85,-0.615
2.852777777777778,-0.605
2.8555555555555556,-0.635
2.8583333333333334,-0.69
2.861111111111111,-0.695
2.863888888888889,-0.65
2.8666666666666667,-0.6
2.8694444444444445,-0.57
2.8722222222222222,-0.58
2.875,-0.56
2.8777777777777778,-0.575
2.8805555555555555,-0.6
2.8833333333333333,-0.57
2.886111111111111,-0.535
2.888888888888889,-0.535
2.8916666666666666,-0.545
2.8944444444444444,-0.535
2.897222222222222,-0.46
2.9,-0.335
2.9027777777777777,-0.32
2.9055555555555554,-0.435
2.908333333333333,-0.56
2.911111111111111,-0.655
2.9138888888888888,-0.66
2.9166666666666665,-0.56
2.9194444444444443,-0.48
2.922222222222222,-0.455
2.925,-0.445
2.9277777777777776,-0.405
2.9305555555555554,-0.33
2.933333333333333,-0.27
2.936111111111111,-0.275
2.938888888888889,-0.33
2.941666666666667,-0.375
2.9444444444444446,-0.37
2.9472222222222224,-0.37
2.95,-0.395
2.952777777777778,-0.355
2.9555555555555557,-0.275
2.9583333333333335,-0.21
2.9611111111111112,-0.205
2.963888888888889,-0.195
2.966666666666667,-0.19
2.9694444444444446,-0.225
2.9722222222222223,-0.295
2.975,-0.39
2.977777777777778,-0.43
2.9805555555555556,-0.425
2.9833333333333334,-0.385
2.986111111111111,-0.33
2.988888888888889,-0.265
2.9916666666666667,-0.255
2.9944444444444445,-0.295
2.9972222222222222,-0.32
3.0,-0.31
3.0027777777777778,-0.29
3.0055555555555555,-0.28
3.0083333333333333,-0.315
3.011111111111111,-0.335
3.013888888888889,-0.37
3.0166666666666666,-0.37
3.0194444444444444,-0.35
3.022222222222222,-0.295
3.025,-0.24
3.0277777777777777,-0.25
3.0305555555555554,-0.27
3.033333333333333,-0.31
3.036111111111111,-0.41
3.0388888888888888,-0.555
3.0416666666666665,-0.61
3.0444444444444443,-0.525
3.047222222222222,-0.435
3.05,-0.425
3.0527777777777776,-0.41
3.0555555555555554,-0.39
3.058333333333333,-0.37
3.061111111111111,-0.37
3.063888888888889,-0.385
3.066666666666667,-0.42
3.0694444444444446,-0.44
3.0722222222222224,-0.43
3.075,-0.415
3.077777777777778,-0.435
3.0805555555555557,-0.415
3.0833333333333335,-0.35
3.0861111111111112,-0.32
3.088888888888889,-0.395
3.091666666666667,-0.51
3.0944444444444446,-0.54
3.0972222222222223,-0.43
3.1,-0.365
3.102777777777778,-0.41
3.1055555555555556,-0.475
3.1083333333333334,-0.54
3.111111111111111,-0.545
3.113888888888889,-0.5
3.1166666666666667,-0.415
3.1194444444444445,-0.405
3.1222222222222222,-0.43
3.125,-0.46
3.1277777777777778,-0.485
3.1305555555555555,-0.52
3.1333333333333333,-0.49
3.136111111111111,-0.45
3.138888888888889,-0.42
3.1416666666666666,-0.43
3.1444444444444444,-0.46
3.147222222222222,-0.48
3.15,-0.44
3.1527777777777777,-0.42
3.1555555555555554,-0.495
3.158333333333333,-0.57
3.161111111111111,-0.55
3.1638888888888888,-0.52
3.1666666666666665,-0.57
3.1694444444444443,-0.615
3.172222222222222,-0.575
3.175,-0.5
3.1777777777777776,-0.46
3.1805555555555554,-0.455
3.183333333333333,-0.515
3.186111111111111,-0.555
3.188888888888889,-0.575
3.191666666666667,-0.525
3.1944444444444446,-0.52
3.1972222222222224,-0.46
3.2,-0.425
3.202777777777778,-0.43
3.2055555555555557,-0.515
3.2083333333333335,-0.585
3.2111111111111112,-0.59
3.213888888888889,-0.585
3.216666666666667,-0.54
3.2194444444444446,-0.465
3.2222222222222223,-0.455
3.225,-0.48
3.227777777777778,-0.485
3.2305555555555556,-0.485
3.2333333333333334,-0.525
3.236111111111111,-0.595
3.238888888888889,-0.595
3.2416666666666667,-0.46
3.2444444444444445,-0.285
3.2472222222222222,-0.29
3.25,-0.495
3.2527777777777778,-0.675
3.2555555555555555,-0.735
3.2583333333333333,-0.7
3.261111111111111,-0.635
3.263888888888889,-0.605
3.2666666666666666,-0.64
3.2694444444444444,-0.63
3.272222222222222,-0.585
3.275,-0.565
3.2777777777777777,-0.505
3.2805555555555554,-0.47
3.283333333333333,-0.51
3.286111111111111,-0.545
3.2888888888888888,-0.47
3.2916666666666665,-0.4
3.2944444444444443,-0.53
3.297222222222222,-0.725
3.3,-0.765
3.3027777777777776,-0.65
3.3055555555555554,-0.61
3.308333333333333,-0.615
3.311111111111111,-0.585
3.313888888888889,-0.57
3.316666666666667,-0.54
3.3194444444444446,-0.5
3.3222222222222224,-0.535
3.325,-0.675
3.327777777777778,-0.795
3.3305555555555557,-0.855
3.3333333333333335,-0.86
3.3361111111111112,-0.8
3.338888888888889,-0.66
3.341666666666667,-0.585
3.3444444444444446,-0.575
3.3472222222222223,-0.58
3.35,-0.625
3.352777777777778,-0.62
3.3555555555555556,-0.61
3.3583333333333334,-0.605
3.361111111111111,-0.585
3.363888888888889,-0.575
3.3666666666666667,-0.53
3.3694444444444445,-0.51
3.3722222222222222,-0.48
3.375,-0.495
3.3777777777777778,-0.52
3.3805555555555555,-0.525
3.3833333333333333,-0.48
3.386111111111111,-0.46
3.388888888888889,-0.505
3.3916666666666666,-0.51
3.3944444444444444,-0.5
3.397222222222222,-0.555
3.4,-0.67
3.4027777777777777,-0.705
3.4055555555555554,-0.605
3.408333333333333,-0.465
3.411111111111111,-0.39
3.4138888888888888,-0.46
3.4166666666666665,-0.62
3.4194444444444443,-0.75
3.422222222222222,-0.765
3.425,-0.63
3.4277777777777776,-0.485
3.4305555555555554,-0.455
3.433333333333333,-0.495
3.436111111111111,-0.56
3.438888888888889,-0.595
3.441666666666667,-0.61
3.4444444444444446,-0.64
3.4472222222222224,-0.665
3.45,-0.61
3.452777777777778,-0.52
3.4555555555555557,-0.42
3.4583333333333335,-0.41
3.4611111111111112,-0.47
3.463888888888889,-0.585
3.466666666666667,-0.655
3.4694444444444446,-0.665
3.4722222222222223,-0.635
3.475,-0.585
3.477777777777778,-0.585
3.4805555555555556,-0.615
3.4833333333333334,-0.555
3.486111111111111,-0.465
3.488888888888889,-0.415
3.4916666666666667,-0.375
3.4944444444444445,-0.305
3.4972222222222222,-0.205
3.5,-0.11
3.5027777777777778,0.035
3.5055555555555555,0.27
3.5083333333333333,0.47
3.511111111111111,0.615
3.513888888888889,0.92
3.5166666666666666,1.29
3.5194444444444444,1.465
3.522222222222222,1.395
3.525,1.21
3.5277777777777777,1.125
3.5305555555555554,1.17
3.533333333333333,1.315
3.536111111111111,1.435
3.5388888888888888,1.32
3.5416666666666665,0.995
3.5444444444444443,0.675
3.547222222222222,0.44
3.55,0.2
3.5527777777777776,-0.07
3.5555555555555554,-0.32
3.558333333333333,-0.43
3.561111111111111,-0.54
3.563888888888889,-0.69
3.566666666666667,-0.745
3.5694444444444446,-0.65
3.5722222222222224,-0.62
3.575,-0.71
3.577777777777778,-0.825
3.5805555555555557,-0.84
3.5833333333333335,-0.795
3.5861111111111112,-0.81
3.588888888888889,-0.875
3.591666666666667,-0.935
3.5944444444444446,-0.94
3.5972222222222223,-0.89
3.6,-0.8
3.602777777777778,-0.77
3.6055555555555556,-0.85
3.6083333333333334,-1.035
3.611111111111111,-1.18
3.613888888888889,-1.18
3.6166666666666667,-1.09
3.6194444444444445,-1.03
3.6222222222222222,-1.05
3.625,-1.08
3.6277777777777778,-1.045
3.6305555555555555,-0.985
3.6333333333333333,-0.93
3.636111111111111,-0.935
3.638888888888889,-0.965
3.6416666666666666,-1.025
3.6444444444444444,-1.085
3.647222222222222,-1.105
3.65,-1.085
3.6527777777777777,-1.055
3.6555555555555554,-1.04
3.658333333333333,-0.985
3.661111111111111,-0.95
3.6638888888888888,-0.93
3.6666666666666665,-0.935
3.6694444444444443,-0.935
3.672222222222222,-0.89
3.675,-0.86
3.6777777777777776,-0.905
3.6805555555555554,-0.965
3.683333333333333,-0.975
3.686111111111111,-0.895
3.688888888888889,-0.82
3.691666666666667,-0.84
3.6944444444444446,-0.945
3.6972222222222224,-1.04
3.7,-1.005
3.702777777777778,-0.915
3.7055555555555557,-0.825
3.7083333333333335,-0.785
3.7111111111111112,-0.81
3.713888888888889,-0.875
3.716666666666667,-0.93
3.7194444444444446,-0.895
3.7222222222222223,-0.81
3.725,-0.705
3.727777777777778,-0.64
3.7305555555555556,-0.645
3.7333333333333334,-0.73
3.736111111111111,-0.795
3.738888888888889,-0.79
3.7416666666666667,-0.72
3.7444444444444445,-0.65
3.7472222222222222,-0.57
3.75,-0.48
3.7527777777777778,-0.395
3.7555555555555555,-0.355
3.7583333333333333,-0.425
3.761111111111111,-0.545
3.763888888888889,-0.62
3.7666666666666666,-0.65
3.7694444444444444,-0.69
3.772222222222222,-0.725
3.775,-0.72
3.7777777777777777,-0.68
3.7805555555555554,-0.635
3.783333333333333,-0.64
3.786111111111111,-0.645
3.7888888888888888,-0.59
3.7916666666666665,-0.495
3.7944444444444443,-0.445
3.797222222222222,-0.475
3.8,-0.525
3.8027777777777776,-0.54
3.8055555555555554,-0.535
3.808333333333333,-0.54
3.811111111111111,-0.545
3.813888888888889,-0.545
3.816666666666667,-0.51
3.8194444444444446,-0.475
3.8222222222222224,-0.415
3.825,-0.34
3.827777777777778,-0.325
3.8305555555555557,-0.335
3.8333333333333335,-0.38
3.8361111111111112,-0.445
3.838888888888889,-0.52
3.841666666666667,-0.53
3.8444444444444446,-0.445
3.8472222222222223,-0.405
3.85,-0.52
3.852777777777778,-0.635
3.8555555555555556,-0.64
3.8583333333333334,-0.54
3.861111111111111,-0.455
3.863888888888889,-0.395
3.8666666666666667,-0.38
3.8694444444444445,-0.41
3.8722222222222222,-0.465
3.875,-0.485
3.8777777777777778,-0.47
3.8805555555555555,-0.475
3.8833333333333333,-0.485
3.886111111111111,-0.455
3.888888888888889,-0.39
3.8916666666666666,-0.305
3.8944444444444444,-0.245
3.897222222222222,-0.175
3.9,-0.22
3.9027777777777777,-0.39
3.9055555555555554,-0.565
3.908333333333333,-0.66
3.911111111111111,-0.675
3.9138888888888888,-0.68
3.9166666666666665,-0.67
3.9194444444444443,-0.575
3.922222222222222,-0.49
3.925,-0.445
3.9277777777777776,-0.455
3.9305555555555554,-0.495
3.933333333333333,-0.5
3.936111111111111,-0.525
3.938888888888889,-0.545
3.941666666666667,-0.56
3.9444444444444446,-0.53
3.9472222222222224,-0.44
3.95,-0.4
3.952777777777778,-0.43
3.9555555555555557,-0.43
3.9583333333333335,-0.325
3.9611111111111112,-0.21
3.963888888888889,-0.22
3.966666666666667,-0.325
3.9694444444444446,-0.42
3.9722222222222223,-0.48
3.975,-0.465
3.977777777777778,-0.38
3.9805555555555556,-0.3
3.9833333333333334,-0.31
3.986111111111111,-0.38
3.988888888888889,-0.445
3.9916666666666667,-0.485
3.9944444444444445,-0.5
3.9972222222222222,-0.44
4.0,-0.355
4.002777777777778,-0.35
4.0055555555555555,-0.425
4.008333333333334,-0.53
4.011111111111111,-0.55
4.013888888888889,-0.47
4.016666666666667,-0.375
4.019444444444445,-0.375
4.022222222222222,-0.44
4.025,-0.485
4.027777777777778,-0.45
4.030555555555556,-0.435
4.033333333333333,-0.41
4.036111111111111,-0.37
4.038888888888889,-0.25
4.041666666666667,-0.13
4.044444444444444,-0.085
4.0472222222222225,-0.21
4.05,-0.39
4.052777777777778,-0.525
4.055555555555555,-0.52
4.058333333333334,-0.41
4.061111111111111,-0.275
4.063888888888889,-0.22
4.066666666666666,-0.155
4.069444444444445,-0.065
4.072222222222222,-0.04
4.075,-0.17
4.0777777777777775,-0.36
4.080555555555556,-0.325
4.083333333333333,-0.095
4.086111111111111,0.145
4.088888888888889,0.24
4.091666666666667,0.205
4.094444444444444,0.195
4.097222222222222,0.295
4.1,0.49
4.102777777777778,0.79
4.105555555555555,1.11
4.108333333333333,1.355
4.111111111111111,1.405
4.113888888888889,1.355
4.116666666666666,1.36
4.1194444444444445,1.465
4.122222222222222,1.56
4.125,1.55
4.127777777777778,1.365
4.1305555555555555,1.045
4.133333333333334,0.86
4.136111111111111,0.795
4.138888888888889,0.645
4.141666666666667,0.35
4.144444444444445,0.06
4.147222222222222,-0.13
4.15,-0.215
4.152777777777778,-0.295
4.155555555555556,-0.415
4.158333333333333,-0.515
4.161111111111111,-0.555
4.163888888888889,-0.51
4.166666666666667,-0.45
4.169444444444444,-0.445
4.1722222222222225,-0.53
4.175,-0.6
4.177777777777778,-0.55
4.180555555555555,-0.425
4.183333333333334,-0.365
4.186111111111111,-0.445
4.188888888888889,-0.54
4.191666666666666,-0.56
4.194444444444445,-0.55
4.197222222222222,-0.525
4.2,-0.51
4.2027777777777775,-0.54
4.205555555555556,-0.55
4.208333333333333,-0.565
4.211111111111111,-0.61
4.213888888888889,-0.61
4.216666666666667,-0.545
4.219444444444444,-0.44
4.222222222222222,-0.455
4.225,-0.58
4.227777777777778,-0.685
4.230555555555555,-0.66
4.233333333333333,-0.595
4.236111111111111,-0.585
4.238888888888889,-0.61
4.241666666666666,-0.575
4.2444444444444445,-0.545
4.247222222222222,-0.535
4.25,-0.495
4.252777777777778,-0.415
4.2555555555555555,-0.39
4.258333333333334,-0.4
4.261111111111111,-0.43
4.263888888888889,-0.42
4.266666666666667,-0.385
4.269444444444445,-0.3
4.272222222222222,-0.21
4.275,-0.255
4.277777777777778,-0.36
4.280555555555556,-0.365
4.283333333333333,-0.29
4.286111111111111,-0.285
4.288888888888889,-0.33
4.291666666666667,-0.31
4.294444444444444,-0.2
4.2972222222222225,-0.105
4.3,-0.14
4.302777777777778,-0.23
4.305555555555555,-0.25
4.308333333333334,-0.215
4.311111111111111,-0.17
4.313888888888889,-0.175
4.316666666666666,-0.145
4.319444444444445,-0.055
4.322222222222222,0.01
4.325,0.02
4.3277777777777775,-0.02
4.330555555555556,-0.02
4.333333333333333,-0.04
4.336111111111111,-0.095
4.338888888888889,-0.17
4.341666666666667,-0.165
4.344444444444444,-0.135
4.347222222222222,-0.145
4.35,-0.155
4.352777777777778,-0.125
4.355555555555555,-0.06
4.358333333333333,-0.005
4.361111111111111,-0.04
4.363888888888889,-0.09
4.366666666666666,-0.14
4.3694444444444445,-0.145
4.372222222222222,-0.175
4.375,-0.185
4.377777777777778,-0.155
4.3805555555555555,-0.135
4.383333333333334,-0.145
4.386111111111111,-0.12
4.388888888888889,-0.07
4.391666666666667,-0.025
4.394444444444445,-0.06
4.397222222222222,-0.15
4.4,-0.225
4.402777777777778,-0.26
4.405555555555556,-0.21
4.408333333333333,-0.185
4.411111111111111,-0.16
4.413888888888889,-0.2
4.416666666666667,-0.24
4.419444444444444,-0.235
4.4222222222222225,-0.165
4.425,-0.12
4.427777777777778,-0.105
4.430555555555555,-0.12
4.433333333333334,-0.215
4.436111111111111,-0.275
4.438888888888889,-0.24
4.441666666666666,-0.135
4.444444444444445,-0.115
4.447222222222222,-0.145
4.45,-0.165
4.4527777777777775,-0.14
4.455555555555556,-0.1
4.458333333333333,-0.07
4.461111111111111,-0.12
4.463888888888889,-0.22
4.466666666666667,-0.245
4.469444444444444,-0.15
4.472222222222222,-0.105
4.475,-0.13
4.477777777777778,-0.1
4.480555555555555,-0.03
4.483333333333333,0.045
4.486111111111111,0.095
4.488888888888889,0.12
4.491666666666666,0.1
4.4944444444444445,-0.05
4.497222222222222,-0.265
4.5,-0.33
4.502777777777778,-0.24
4.5055555555555555,-0.17
4.508333333333334,-0.165
4.511111111111111,-0.145
4.513888888888889,-0.08
4.516666666666667,-0.035
4.519444444444445,-0.035
4.522222222222222,-0.075
4.525,-0.15
4.527777777777778,-0.19
4.530555555555556,-0.14
4.533333333333333,-0.08
4.536111111111111,-0.07
4.538888888888889,-0.1
4.541666666666667,-0.1
4.544444444444444,-0.06
4.5472222222222225,-0.005
4.55,-0.02
4.552777777777778,-0.06
4.555555555555555,-0.08
4.558333333333334,-0.075
4.561111111111111,-0.065
4.563888888888889,-0.01
4.566666666666666,0.08
4.569444444444445,0.175
4.572222222222222,0.16
4.575,0.03
4.5777777777777775,-0.055
4.580555555555556,-0.03
4.583333333333333,0.05
4.586111111111111,0.12
4.588888888888889,0.04
4.591666666666667,-0.115
4.594444444444444,-0.145
4.597222222222222,-0.07
4.6,0.015
4.602777777777778,0.085
4.605555555555555,0.075
4.608333333333333,0.035
4.611111111111111,0.04
4.613888888888889,0.085
4.616666666666666,0.125
4.6194444444444445,0.13
4.622222222222222,0.115
4.625,0.035
4.627777777777778,0.005
4.6305555555555555,0.025
4.633333333333334,0.18
4.636111111111111,0.4
4.638888888888889,0.415
4.641666666666667,0.2
4.644444444444445,0.005
4.647222222222222,-0.05
4.65,0.06
4.652777777777778,0.21
4.655555555555556,0.275
4.658333333333333,0.215
4.661111111111111,0.06
4.663888888888889,-0.09
4.666666666666667,-0.085
4.669444444444444,0.02
4.6722222222222225,0.1
4.675,0.145
4.677777777777778,0.125
4.680555555555555,0.03
4.683333333333334,0.0
4.686111111111111,-0.025
4.688888888888889,-0.015
4.691666666666666,-0.02
4.694444444444445,0.0
4.697222222222222,0.04
4.7,0.025
4.7027777777777775,0.015
4.705555555555556,0.0
4.708333333333333,-0.005
4.711111111111111,0.005
4.713888888888889,0.065
4.716666666666667,0.2
4.719444444444444,0.255
4.722222222222222,0.14
4.725,-0.025
4.727777777777778,-0.025
4.730555555555555,0.215
4.733333333333333,0.505
4.736111111111111,0.59
4.738888888888889,0.455
4.741666666666666,0.285
4.7444444444444445,0.265
4.747222222222222,0.355
4.75,0.545
4.752777777777778,0.765
4.7555555555555555,1.06
4.758333333333334,1.395
4.761111111111111,1.645
4.763888888888889,1.84
4.766666666666667,1.925
4.769444444444445,1.965
4.772222222222222,1.965
4.775,1.9
4.777777777777778,1.805
4.780555555555556,1.75
4.783333333333333,1.665
4.786111111111111,1.54
4.788888888888889,1.385
4.791666666666667,1.185
4.794444444444444,0.96
4.7972222222222225,0.625
4.8,0.28
4.802777777777778,0.04
4.805555555555555,-0.055
4.808333333333334,-0.08
4.811111111111111,-0.08
4.813888888888889,-0.1
4.816666666666666,-0.115
4.819444444444445,-0.115
4.822222222222222,-0.15
4.825,-0.155
4.8277777777777775,-0.22
4.830555555555556,-0.235
4.833333333333333,-0.195
4.836111111111111,-0.125
4.838888888888889,-0.1
4.841666666666667,-0.11
4.844444444444444,-0.13
4.847222222222222,-0.175
4.85,-0.22
4.852777777777778,-0.25
4.855555555555555,-0.19
4.858333333333333,-0.06
4.861111111111111,0.05
4.863888888888889,0.025
4.866666666666666,-0.11
4.8694444444444445,-0.27
4.872222222222222,-0.315
4.875,-0.29
4.877777777777778,-0.23
4.8805555555555555,-0.19
4.883333333333334,-0.12
4.886111111111111,-0.07
4.888888888888889,-0.05
4.891666666666667,-0.105
4.894444444444445,-0.2
4.897222222222222,-0.33
4.9,-0.375
4.902777777777778,-0.28
4.905555555555556,-0.14
4.908333333333333,-0.065
4.911111111111111,-0.06
4.913888888888889,-0.015
4.916666666666667,0.055
4.919444444444444,0.01
4.9222222222222225,-0.165
4.925,-0.26
4.927777777777778,-0.225
4.930555555555555,-0.12
4.933333333333334,-0.05
4.936111111111111,0.04
4.938888888888889,0.085
4.941666666666666,0.125
4.944444444444445,0.15
4.947222222222222,0.195
4.95,0.24
4.9527777777777775,0.14
4.955555555555556,-0.01
4.958333333333333,-0.13
4.961111111111111,-0.09
4.963888888888889,0.04
4.966666666666667,0.14
4.969444444444444,0.14
4.972222222222222,0.085
4.975,0.125
4.977777777777778,0.24
4.980555555555555,0.315
4.983333333333333,0.25
4.986111111111111,0.115
4.988888888888889,-0.055
4.991666666666666,-0.09
4.9944444444444445,0.015
4.997222222222222,0.13
5.0,0.245
5.002777777777778,0.365
5.0055555555555555,0.365
5.008333333333334,0.23
5.011111111111111,0.115
5.013888888888889,0.08
5.016666666666667,0.21
5.019444444444445,0.37
5.022222222222222,0.425
5.025,0.4
5.027777777777778,0.43
5.030555555555556,0.505
5.033333333333333,0.455
5.036111111111111,0.265
5.038888888888889,0.12
5.041666666666667,0.085
5.044444444444444,0.09
5.0472222222222225,0.08
5.05,0.055
5.052777777777778,0.03
5.055555555555555,0.06
5.058333333333334,0.095
5.061111111111111,0.075
5.063888888888889,0.075
5.066666666666666,0.165
5.069444444444445,0.305
5.072222222222222,0.365
5.075,0.31
5.0777777777777775,0.185
5.080555555555556,0.14
5.083333333333333,0.165
5.086111111111111,0.175
5.088888888888889,0.06
5.091666666666667,-0.04
5.094444444444444,0.03
5.097222222222222,0.195
5.1,0.285
5.102777777777778,0.265
5.105555555555555,0.21
5.108333333333333,0.215
5.111111111111111,0.235
5.113888888888889,0.265
5.116666666666666,0.28
5.1194444444444445,0.275
5.122222222222222,0.265
5.125,0.255
5.127777777777778,0.24
5.1305555555555555,0.225
5.133333333333334,0.29
5.136111111111111,0.46
5.138888888888889,0.615
5.141666666666667,0.665
5.144444444444445,0.58
5.147222222222222,0.37
5.15,0.125
5.152777777777778,-0.02
5.155555555555556,-0.005
5.158333333333333,0.025
5.161111111111111,0.06
5.163888888888889,0.115
5.166666666666667,0.175
5.169444444444444,0.3
5.1722222222222225,0.385
5.175,0.405
5.177777777777778,0.46
5.180555555555555,0.58
5.183333333333334,0.725
5.186111111111111,0.88
5.188888888888889,0.91
5.191666666666666,0.855
5.194444444444445,0.855
5.197222222222222,1.065
5.2,1.36
5.2027777777777775,1.575
5.205555555555556,1.62
5.208333333333333,1.445
5.211111111111111,1.22
5.213888888888889,1.17
5.216666666666667,1.25
5.219444444444444,1.24
5.222222222222222,0.96
5.225,0.52
5.227777777777778,0.26
5.230555555555555,0.25
5.233333333333333,0.29
5.236111111111111,0.2
5.238888888888889,0.0
5.241666666666666,-0.115
5.2444444444444445,-0.075
5.247222222222222,-0.04
5.25,-0.015
5.252777777777778,-0.02
5.2555555555555555,-0.005
5.258333333333334,0.03
5.261111111111111,0.045
5.263888888888889,-0.005
5.266666666666667,-0.085
5.269444444444445,-0.09
5.272222222222222,-0.065
5.275,-0.025
5.277777777777778,-0.02
5.280555555555556,-0.015
5.283333333333333,0.025
5.286111111111111,0.09
5.288888888888889,0.135
5.291666666666667,0.125
5.294444444444444,0.055
5.2972222222222225,-0.015
5.3,-0.015
5.302777777777778,0.005
5.305555555555555,0.035
5.308333333333334,0.06
5.311111111111111,0.115
5.313888888888889,0.23
5.316666666666666,0.325
5.319444444444445,0.37
5.322222222222222,0.35
5.325,0.365
5.3277777777777775,0.445
5.330555555555556,0.61
5.333333333333333,0.72
5.336111111111111,0.625
5.338888888888889,0.44
5.341666666666667,0.58
5.344444444444444,0.985
5.347222222222222,0.955
5.35,0.315
5.352777777777778,-0.325
5.355555555555555,-0.33
5.358333333333333,0.04
5.361111111111111,0.36
5.363888888888889,0.485
5.366666666666666,0.495
5.3694444444444445,0.42
5.372222222222222,0.39
5.375,0.42
5.377777777777778,0.505
5.3805555555555555,0.56
5.383333333333334,0.515
5.386111111111111,0.46
5.388888888888889,0.45
5.391666666666667,0.435
5.394444444444445,0.41
5.397222222222222,0.415
5.4,0.405
5.402777777777778,0.385
5.405555555555556,0.39
5.408333333333333,0.37
5.411111111111111,0.35
5.413888888888889,0.32
5.416666666666667,0.31
5.419444444444444,0.305
5.4222222222222225,0.245
5.425,0.17
5.427777777777778,0.185
5.430555555555555,0.23
5.433333333333334,0.24
5.436111111111111,0.25
5.438888888888889,0.225
5.441666666666666,0.19
5.444444444444445,0.165
5.447222222222222,0.18
5.45,0.21
5.4527777777777775,0.215
5.455555555555556,0.21
5.458333333333333,0.205
5.461111111111111,0.22
5.463888888888889,0.27
5.466666666666667,0.33
5.469444444444444,0.435
5.472222222222222,0.485
5.475,0.455
5.477777777777778,0.36
5.480555555555555,0.32
5.483333333333333,0.36
5.486111111111111,0.385
5.488888888888889,0.295
5.491666666666666,0.265
5.4944444444444445,0.33
5.497222222222222,0.4
5.5,0.32
5.502777777777778,0.085
5.5055555555555555,-0.1
5.508333333333334,-0.13
5.511111111111111,-0.035
5.513888888888889,0.085
5.516666666666667,0.16
5.519444444444445,0.185
5.522222222222222,0.165
5.525,0.12
5.527777777777778,0.125
5.530555555555556,0.2
5.533333333333333,0.28
5.536111111111111,0.275
5.538888888888889,0.235
5.541666666666667,0.195
5.544444444444444,0.185
5.5472222222222225,0.205
5.55,0.285
5.552777777777778,0.345
5.555555555555555,0.36
5.558333333333334,0.36
5.561111111111111,0.43
5.563888888888889,0.545
5.566666666666666,0.63
5.569444444444445,0.55
5.572222222222222,0.3
5.575,0.08
5.5777777777777775,0.025
5.580555555555556,0.08
5.583333333333333,0.14
5.586111111111111,0.19
5.588888888888889,0.165
5.591666666666667,0.105
5.594444444444444,0.1
5.597222222222222,0.2
5.6,0.385
5.602777777777778,0.515
5.605555555555555,0.53
5.608333333333333,0.385
5.611111111111111,0.105
5.613888888888889,-0.15
5.616666666666666,-0.235
5.6194444444444445,-0.1
5.622222222222222,0.125
5.625,0.26
5.627777777777778,0.32
5.6305555555555555,0.315
5.633333333333334,0.325
5.636111111111111,0.335
5.638888888888889,0.3
5.641666666666667,0.23
5.644444444444445,0.11
5.647222222222222,0.04
5.65,0.015
5.652777777777778,0.125
5.655555555555556,0.295
5.658333333333333,0.5
5.661111111111111,0.63
5.663888888888889,0.615
5.666666666666667,0.46
5.669444444444444,0.135
5.6722222222222225,-0.125
5.675,-0.13
5.677777777777778,0.0
5.680555555555555,0.065
5.683333333333334,0.075
5.686111111111111,0.075
5.688888888888889,0.135
5.691666666666666,0.175
5.694444444444445,0.15
5.697222222222222,0.13
5.7,0.19
5.7027777777777775,0.325
5.705555555555556,0.445
5.708333333333333,0.42
5.711111111111111,0.205
5.713888888888889,-0.07
5.716666666666667,-0.2
5.719444444444444,-0.115
5.722222222222222,0.04
5.725,0.16
5.727777777777778,0.2
5.730555555555555,0.245
5.733333333333333,0.385
5.736111111111111,0.625
5.738888888888889,0.84
5.741666666666666,0.715
5.7444444444444445,0.245
5.747222222222222,-0.165
5.75,-0.27
5.752777777777778,-0.155
5.7555555555555555,-0.115
5.758333333333334,-0.165
5.761111111111111,-0.155
5.763888888888889,-0.02
5.766666666666667,0.19
5.769444444444445,0.41
5.772222222222222,0.525
5.775,0.485
5.777777777777778,0.235
5.780555555555556,-0.08
5.783333333333333,-0.24
5.786111111111111,-0.125
5.788888888888889,0.15
5.791666666666667,0.36
5.794444444444444,0.445
5.7972222222222225,0.535
5.8,0.665
5.802777777777778,0.8
5.805555555555555,0.81
5.808333333333334,0.795
5.811111111111111,0.79
5.813888888888889,0.79
5.816666666666666,0.79
5.819444444444445,0.85
5.822222222222222,1.035
5.825,1.245
5.8277777777777775,1.35
5.830555555555556,1.42
5.833333333333333,1.485
5.836111111111111,1.545
5.838888888888889,1.53
5.841666666666667,1.46
5.844444444444444,1.335
5.847222222222222,1.18
5.85,1.08
5.852777777777778,1.005
5.855555555555555,0.88
5.858333333333333,0.725
5.861111111111111,0.535
5.863888888888889,0.365
5.866666666666666,0.255
5.8694444444444445,0.185
5.872222222222222,0.075
5.875,0.0
5.877777777777778,0.01
5.8805555555555555,0.035
5.883333333333334,-0.025
5.886111111111111,-0.065
5.888888888888889,-0.055
5.891666666666667,0.005
5.894444444444445,0.01
5.897222222222222,-0.13
5.9,-0.25
5.902777777777778,-0.23
5.905555555555556,-0.165
5.908333333333333,-0.175
5.911111111111111,-0.31
5.913888888888889,-0.44
5.916666666666667,-0.445
5.919444444444444,-0.38
5.9222222222222225,-0.335
5.925,-0.33
5.927777777777778,-0.33
5.930555555555555,-0.28
5.933333333333334,-0.195
5.936111111111111,-0.115
5.938888888888889,-0.06
5.941666666666666,-0.075
5.944444444444445,-0.14
5.947222222222222,-0.2
5.95,-0.185
5.9527777777777775,-0.07
5.955555555555556,-0.04
5.958333333333333,-0.115
5.961111111111111,-0.23
5.963888888888889,-0.285
5.966666666666667,-0.22
5.969444444444444,-0.11
5.972222222222222,-0.01
5.975,0.055
5.977777777777778,0.035
5.980555555555555,-0.075
5.983333333333333,-0.19
5.986111111111111,-0.235
5.988888888888889,-0.19
5.991666666666666,-0.125
5.9944444444444445,-0.13
5.997222222222222,-0.16
6.0,-0.13
6.002777777777778,-0.02
6.0055555555555555,-0.045
6.008333333333334,-0.27
6.011111111111111,-0.545
6.013888888888889,-0.58
6.016666666666667,-0.44
6.019444444444445,-0.295
6.022222222222222,-0.185
6.025,-0.11
6.027777777777778,-0.105
6.030555555555556,-0.15
6.033333333333333,-0.205
6.036111111111111,-0.225
6.038888888888889,-0.195
6.041666666666667,-0.13
6.044444444444444,-0.085
6.0472222222222225,-0.035
6.05,-0.01
6.052777777777778,-0.015
6.055555555555555,-0.035
6.058333333333334,-0.035
6.061111111111111,0.03
6.063888888888889,0.075
6.066666666666666,0.055
6.069444444444445,0.035
6.072222222222222,0.055
6.075,0.065
6.0777777777777775,0.05
6.080555555555556,0.025
6.083333333333333,0.0
6.086111111111111,0.045
6.088888888888889,0.115
6.091666666666667,0.175
6.094444444444444,0.22
6.097222222222222,0.28
6.1,0.295
6.102777777777778,0.18
6.105555555555555,0.035
6.108333333333333,-0.07
6.111111111111111,-0.045
6.113888888888889,0.15
6.116666666666666,0.44
6.1194444444444445,0.565
6.122222222222222,0.395
6.125,0.09
6.127777777777778,-0.075
6.1305555555555555,-0.13
6.133333333333334,-0.115
6.136111111111111,-0.17
6.138888888888889,-0.16
6.141666666666667,-0.115
6.144444444444445,-0.02
6.147222222222222,0.075
6.15,0.14
6.152777777777778,0.165
6.155555555555556,0.11
6.158333333333333,-0.025
6.161111111111111,-0.14
6.163888888888889,-0.145
6.166666666666667,-0.08
6.169444444444444,0.0
6.1722222222222225,0.075
6.175,0.14
6.177777777777778,0.24
6.180555555555555,0.38
6.183333333333334,0.37
6.186111111111111,0.19
6.188888888888889,-0.08
6.191666666666666,-0.135
6.194444444444445,0.13
6.197222222222222,0.455
6.2,0.59
6.2027777777777775,0.405
6.205555555555556,0.105
6.208333333333333,-0.075
6.211111111111111,-0.045
6.213888888888889,0.08
6.216666666666667,0.185
6.219444444444444,0.18
6.222222222222222,0.06
6.225,-0.065
6.227777777777778,-0.1
6.230555555555555,-0.14
6.233333333333333,-0.315
6.236111111111111,-0.575
6.238888888888889,-0.79
6.241666666666666,-0.895
6.2444444444444445,-0.93
6.247222222222222,-0.99
6.25,-1.065
6.252777777777778,-1.115
6.2555555555555555,-1.15
6.258333333333334,-1.055
6.261111111111111,-0.855
6.263888888888889,-0.625
6.266666666666667,-0.43
6.269444444444445,-0.355
6.272222222222222,-0.46
6.275,-0.605
6.277777777777778,-0.705
6.280555555555556,-0.655
6.283333333333333,-0.46
6.286111111111111,-0.24
6.288888888888889,-0.085
6.291666666666667,0.105
6.294444444444444,0.32
6.2972222222222225,0.495
6.3,0.445
6.302777777777778,0.28
6.305555555555555,0.18
6.308333333333334,0.2
6.311111111111111,0.18
6.313888888888889,0.065
6.316666666666666,-0.09
6.319444444444445,-0.275
6.322222222222222,-0.405
6.325,-0.4
6.3277777777777775,-0.315
6.330555555555556,-0.2
6.333333333333333,-0.07
6.336111111111111,0.04
6.338888888888889,0.1
6.341666666666667,0.085
6.344444444444444,0.03
6.347222222222222,0.04
6.35,0.12
6.352777777777778,0.1
6.355555555555555,-0.005
6.358333333333333,-0.115
6.361111111111111,-0.16
6.363888888888889,-0.155
6.366666666666666,-0.115
6.3694444444444445,0.0
6.372222222222222,0.165
6.375,0.25
6.377777777777778,0.225
6.3805555555555555,0.135
6.383333333333334,0.065
6.386111111111111,0.035
6.388888888888889,0.05
6.391666666666667,0.16
6.394444444444445,0.315
6.397222222222222,0.455
6.4,0.545
6.402777777777778,0.615
6.405555555555556,0.575
6.408333333333333,0.485
6.411111111111111,0.39
6.413888888888889,0.38
6.416666666666667,0.435
6.419444444444444,0.53
6.4222222222222225,0.605
6.425,0.645
6.427777777777778,0.635
6.430555555555555,0.595
6.433333333333334,0.54
6.436111111111111,0.56
6.438888888888889,0.705
6.441666666666666,0.94
6.444444444444445,1.07
6.447222222222222,1.085
6.45,1.005
6.4527777777777775,0.895
6.455555555555556,0.78
6.458333333333333,0.615
6.461111111111111,0.54
6.463888888888889,0.54
6.466666666666667,0.64
6.469444444444444,0.71
6.472222222222222,0.67
6.475,0.585
6.477777777777778,0.535
6.480555555555555,0.52
6.483333333333333,0.535
6.486111111111111,0.555
6.488888888888889,0.565
6.491666666666666,0.55
6.4944444444444445,0.47
6.497222222222222,0.295
6.5,0.14
6.502777777777778,0.16
6.5055555555555555,0.23
6.508333333333334,0.28
6.511111111111111,0.28
6.513888888888889,0.325
6.516666666666667,0.34
6.519444444444445,0.3
6.522222222222222,0.175
6.525,0.08
6.527777777777778,0.05
6.530555555555556,0.04
6.533333333333333,0.15
6.536111111111111,0.34
6.538888888888889,0.44
6.541666666666667,0.315
6.544444444444444,0.085
6.5472222222222225,-0.13
6.55,-0.19
6.552777777777778,-0.2
6.555555555555555,-0.255
6.558333333333334,-0.345
6.561111111111111,-0.44
6.563888888888889,-0.565
6.566666666666666,-0.74
6.569444444444445,-0.965
6.572222222222222,-1.19
6.575,-1.37
6.5777777777777775,-1.43
6.580555555555556,-1.4
6.583333333333333,-1.325
6.586111111111111,-1.155
6.588888888888889,-0.875
6.591666666666667,-0.58
6.594444444444444,-0.4
6.597222222222222,-0.28
6.6,-0.14
6.602777777777778,-0.02
6.605555555555555,0.04
6.608333333333333,0.04
6.611111111111111,0.005
6.613888888888889,-0.065
6.616666666666666,-0.14
6.6194444444444445,-0.185
6.622222222222222,-0.235
6.625,-0.315
6.627777777777778,-0.365
6.6305555555555555,-0.31
6.633333333333334,-0.245
6.636111111111111,-0.2
6.638888888888889,-0.17
6.641666666666667,-0.11
6.644444444444445,-0.035
6.647222222222222,0.01
6.65,-0.025
6.652777777777778,-0.115
6.655555555555556,-0.17
6.658333333333333,-0.155
6.661111111111111,-0.16
6.663888888888889,-0.23
6.666666666666667,-0.335
6.669444444444444,-0.34
6.6722222222222225,-0.275
6.675,-0.22
6.677777777777778,-0.27
6.680555555555555,-0.365
6.683333333333334,-0.38
6.686111111111111,-0.315
6.688888888888889,-0.2
6.691666666666666,-0.135
6.694444444444445,-0.14
6.697222222222222,-0.165
6.7,-0.175
6.7027777777777775,-0.105
6.705555555555556,-0.05
6.708333333333333,-0.045
6.711111111111111,-0.115
6.713888888888889,-0.135
6.716666666666667,-0.025
6.719444444444444,0.205
6.722222222222222,0.395
6.725,0.405
6.727777777777778,0.235
6.730555555555555,0.025
6.733333333333333,-0.125
6.736111111111111,-0.18
6.738888888888889,-0.205
6.741666666666666,-0.16
6.7444444444444445,-0.105
6.747222222222222,-0.04
6.75,0.025
6.752777777777778,0.075
6.7555555555555555,0.18
6.758333333333334,0.295
6.761111111111111,0.33
6.763888888888889,0.27
6.766666666666667,0.22
6.769444444444445,0.2
6.772222222222222,0.255
6.775,0.28
6.777777777777778,0.3
6.780555555555556,0.345
6.783333333333333,0.39
6.786111111111111,0.41
6.788888888888889,0.395
6.791666666666667,0.45
6.794444444444444,0.535
6.7972222222222225,0.605
6.8,0.575
6.802777777777778,0.49
6.805555555555555,0.315
6.808333333333334,0.105
6.811111111111111,-0.015
6.813888888888889,0.025
6.816666666666666,0.195
6.819444444444445,0.315
6.822222222222222,0.305
6.825,0.19
6.8277777777777775,0.11
6.830555555555556,0.08
6.833333333333333,0.09
6.836111111111111,0.095
6.838888888888889,-0.03
6.841666666666667,-0.24
6.844444444444444,-0.315
6.847222222222222,-0.225
6.85,-0.105
6.852777777777778,-0.04
6.855555555555555,-0.025
6.858333333333333,-0.035
6.861111111111111,-0.035
6.863888888888889,-0.015
6.866666666666666,0.005
6.8694444444444445,0.015
6.872222222222222,0.015
6.875,0.03
6.877777777777778,0.07
6.8805555555555555,0.115
6.883333333333334,0.135
6.886111111111111,0.09
6.888888888888889,0.035
6.891666666666667,-0.02
6.894444444444445,-0.04
6.897222222222222,-0.05
6.9,-0.035
6.902777777777778,-0.02
6.905555555555556,-0.08
6.908333333333333,-0.215
6.911111111111111,-0.335
6.913888888888889,-0.31
6.916666666666667,-0.155
6.919444444444444,0.02
6.9222222222222225,0.095
6.925,0.12
6.927777777777778,0.115
6.930555555555555,0.075
6.933333333333334,0.02
6.936111111111111,-0.035
6.938888888888889,-0.125
6.941666666666666,-0.195
6.944444444444445,-0.195
6.947222222222222,-0.065
6.95,0.135
6.9527777777777775,0.295
6.955555555555556,0.29
6.958333333333333,0.205
6.961111111111111,0.175
6.963888888888889,0.22
6.966666666666667,0.28
6.969444444444444,0.39
6.972222222222222,0.53
6.975,0.645
6.977777777777778,0.66
6.980555555555555,0.66
6.983333333333333,0.705
6.986111111111111,0.81
6.988888888888889,0.89
6.991666666666666,1.0
6.9944444444444445,1.095
6.997222222222222,1.1
7.0,0.95
7.002777777777778,0.705
7.0055555555555555,0.545
7.008333333333334,0.53
7.011111111111111,0.51
7.013888888888889,0.42
7.016666666666667,0.33
7.019444444444445,0.3
7.022222222222222,0.275
7.025,0.125
7.027777777777778,-0.175
7.030555555555556,-0.455
7.033333333333333,-0.505
7.036111111111111,-0.27
7.038888888888889,0.065
7.041666666666667,0.205
7.044444444444444,0.02
7.0472222222222225,-0.36
7.05,-0.66
7.052777777777778,-0.75
7.055555555555555,-0.68
7.058333333333334,-0.55
7.061111111111111,-0.425
7.063888888888889,-0.36
7.066666666666666,-0.395
7.069444444444445,-0.505
7.072222222222222,-0.625
7.075,-0.65
7.0777777777777775,-0.59
7.080555555555556,-0.47
7.083333333333333,-0.385
7.086111111111111,-0.335
7.088888888888889,-0.345
7.091666666666667,-0.425
7.094444444444444,-0.505
7.097222222222222,-0.54
7.1,-0.5
7.102777777777778,-0.425
7.105555555555555,-0.4
7.108333333333333,-0.37
7.111111111111111,-0.355
7.113888888888889,-0.28
7.116666666666666,-0.155
7.1194444444444445,-0.065
7.122222222222222,-0.035
7.125,-0.005
7.127777777777778,0.0
7.1305555555555555,-0.065
7.133333333333334,-0.21
7.136111111111111,-0.43
7.138888888888889,-0.61
7.141666666666667,-0.675
7.144444444444445,-0.575
7.147222222222222,-0.395
7.15,-0.25
7.152777777777778,-0.295
7.155555555555556,-0.445
7.158333333333333,-0.55
7.161111111111111,-0.595
7.163888888888889,-0.565
7.166666666666667,-0.45
7.169444444444444,-0.2
7.1722222222222225,0.01
7.175,0.065
7.177777777777778,-0.035
7.180555555555555,-0.21
7.183333333333334,-0.31
7.186111111111111,-0.31
7.188888888888889,-0.245
7.191666666666666,-0.17
7.194444444444445,-0.095
7.197222222222222,0.005
7.2,0.04
7.2027777777777775,-0.02
7.205555555555556,-0.14
7.208333333333333,-0.255
7.211111111111111,-0.265
7.213888888888889,-0.185
7.216666666666667,-0.135
7.219444444444444,-0.13
7.222222222222222,-0.145
7.225,-0.11
7.227777777777778,-0.04
7.230555555555555,0.02
7.233333333333333,0.055
7.236111111111111,0.085
7.238888888888889,0.095
7.241666666666666,0.05
7.2444444444444445,0.0
7.247222222222222,-0.04
7.25,-0.005
7.252777777777778,0.11
7.2555555555555555,0.175
7.258333333333334,0.15
7.261111111111111,0.075
7.263888888888889,0.04
7.266666666666667,-0.015
7.269444444444445,-0.03
7.272222222222222,-0.06
7.275,-0.1
7.277777777777778,-0.2
7.280555555555556,-0.325
7.283333333333333,-0.405
7.286111111111111,-0.365
7.288888888888889,-0.255
7.291666666666667,-0.16
7.294444444444444,-0.115
7.2972222222222225,-0.065
7.3,0.015
7.302777777777778,0.085
7.305555555555555,0.075
7.308333333333334,-0.005
7.311111111111111,-0.075
7.313888888888889,-0.11
7.316666666666666,-0.09
7.319444444444445,-0.075
7.322222222222222,-0.095
7.325,-0.075
7.3277777777777775,0.015
7.330555555555556,0.155
7.333333333333333,0.235
7.336111111111111,0.14
7.338888888888889,-0.04
7.341666666666667,-0.18
7.344444444444444,-0.105
7.347222222222222,0.025
7.35,0.06
7.352777777777778,-0.065
7.355555555555555,-0.215
7.358333333333333,-0.205
7.361111111111111,-0.015
7.363888888888889,0.29
7.366666666666666,0.53
7.3694444444444445,0.64
7.372222222222222,0.725
7.375,0.835
7.377777777777778,0.955
7.3805555555555555,1.06
7.383333333333334,1.17
7.386111111111111,1.33
7.388888888888889,1.37
7.391666666666667,1.295
7.394444444444445,1.105
7.397222222222222,0.9
7.4,0.665
7.402777777777778,0.345
7.405555555555556,0.065
7.408333333333333,0.0
7.411111111111111,0.075
7.413888888888889,0.135
7.416666666666667,0.105
7.419444444444444,0.065
7.4222222222222225,0.065
7.425,0.075
7.427777777777778,-0.025
7.430555555555555,-0.23
7.433333333333334,-0.45
7.436111111111111,-0.535
7.438888888888889,-0.495
7.441666666666666,-0.48
7.444444444444445,-0.565
7.447222222222222,-0.65
7.45,-0.675
7.4527777777777775,-0.585
7.455555555555556,-0.52
7.458333333333333,-0.47
7.461111111111111,-0.505
7.463888888888889,-0.54
7.466666666666667,-0.53
7.469444444444444,-0.52
7.472222222222222,-0.51
7.475,-0.475
7.477777777777778,-0.46
7.480555555555555,-0.465
7.483333333333333,-0.48
7.486111111111111,-0.46
7.488888888888889,-0.41
7.491666666666666,-0.35
7.4944444444444445,-0.28
7.497222222222222,-0.195
7.5,-0.185
7.502777777777778,-0.295
7.5055555555555555,-0.395
7.508333333333334,-0.375
7.511111111111111,-0.295
7.513888888888889,-0.2
7.516666666666667,-0.225
7.519444444444445,-0.38
7.522222222222222,-0.555
7.525,-0.645
7.527777777777778,-0.6
7.530555555555556,-0.515
7.533333333333333,-0.45
7.536111111111111,-0.395
7.538888888888889,-0.35
7.541666666666667,-0.31
7.544444444444444,-0.325
7.5472222222222225,-0.315
7.55,-0.31
7.552777777777778,-0.29
7.555555555555555,-0.27
7.558333333333334,-0.235
7.561111111111111,-0.18
7.563888888888889,-0.14
7.566666666666666,-0.125
7.569444444444445,-0.13
7.572222222222222,-0.13
7.575,-0.135
7.5777777777777775,-0.14
7.580555555555556,-0.115
7.583333333333333,-0.035
7.586111111111111,0.055
7.588888888888889,0.115
7.591666666666667,0.085
7.594444444444444,0.0
7.597222222222222,-0.065
7.6,-0.125
7.602777777777778,-0.195
7.605555555555555,-0.23
7.608333333333333,-0.18
7.611111111111111,-0.085
7.613888888888889,0.015
7.616666666666666,0.065
7.6194444444444445,0.06
7.622222222222222,0.025
7.625,0.01
7.627777777777778,-0.005
7.6305555555555555,0.045
7.633333333333334,0.13
7.636111111111111,0.09
7.638888888888889,-0.08
7.641666666666667,-0.28
7.644444444444445,-0.35
7.647222222222222,-0.305
7.65,-0.235
7.652777777777778,-0.25
7.655555555555556,-0.31
7.658333333333333,-0.3
7.661111111111111,-0.225
7.663888888888889,-0.125
7.666666666666667,-0.085
7.669444444444444,-0.055
7.6722222222222225,-0.035
7.675,-0.04
7.677777777777778,-0.065
7.680555555555555,-0.05
7.683333333333334,-0.005
7.686111111111111,0.015
7.688888888888889,-0.025
7.691666666666666,-0.095
7.694444444444445,-0.105
7.697222222222222,0.01
7.7,0.145
7.7027777777777775,0.23
7.705555555555556,0.25
7.708333333333333,0.21
7.711111111111111,0.165
7.713888888888889,0.065
7.716666666666667,-0.05
7.719444444444444,-0.13
7.722222222222222,-0.18
7.725,-0.16
7.727777777777778,-0.135
7.730555555555555,-0.03
7.733333333333333,0.205
7.736111111111111,0.49
7.738888888888889,0.705
7.741666666666666,0.83
7.7444444444444445,0.885
7.747222222222222,0.98
7.75,1.1
7.752777777777778,1.205
7.7555555555555555,1.29
7.758333333333334,1.295
7.761111111111111,1.175
7.763888888888889,1.015
7.766666666666667,0.935
7.769444444444445,0.87
7.772222222222222,0.7
7.775,0.34
7.777777777777778,-0.095
7.780555555555556,-0.34
7.783333333333333,-0.37
7.786111111111111,-0.31
7.788888888888889,-0.31
7.791666666666667,-0.37
7.794444444444444,-0.46
7.7972222222222225,-0.445
7.8,-0.41
7.802777777777778,-0.37
7.805555555555555,-0.33
7.808333333333334,-0.305
7.811111111111111,-0.35
7.813888888888889,-0.48
7.816666666666666,-0.555
7.819444444444445,-0.51
7.822222222222222,-0.36
7.825,-0.275
7.8277777777777775,-0.335
7.830555555555556,-0.58
7.833333333333333,-0.89
7.836111111111111,-0.96
7.838888888888889,-0.725
7.841666666666667,-0.42
7.844444444444444,-0.33
7.847222222222222,-0.46
7.85,-0.48
7.852777777777778,-0.375
7.855555555555555,-0.425
7.858333333333333,-0.65
7.861111111111111,-0.82
7.863888888888889,-0.8
7.866666666666666,-0.645
7.8694444444444445,-0.5
7.872222222222222,-0.475
7.875,-0.54
7.877777777777778,-0.555
7.8805555555555555,-0.49
7.883333333333334,-0.41
7.886111111111111,-0.425
7.888888888888889,-0.505
7.891666666666667,-0.55
7.894444444444445,-0.635
7.897222222222222,-0.715
7.9,-0.66
7.902777777777778,-0.56
7.905555555555556,-0.52
7.908333333333333,-0.54
7.911111111111111,-0.585
7.913888888888889,-0.53
7.916666666666667,-0.39
7.919444444444444,-0.2
7.9222222222222225,-0.11
7.925,-0.19
7.927777777777778,-0.375
7.930555555555555,-0.515
7.933333333333334,-0.545
7.936111111111111,-0.46
7.938888888888889,-0.44
7.941666666666666,-0.455
7.944444444444445,-0.4
7.947222222222222,-0.315
7.95,-0.225
7.9527777777777775,-0.185
7.955555555555556,-0.265
7.958333333333333,-0.365
7.961111111111111,-0.415
7.963888888888889,-0.285
7.966666666666667,-0.055
7.969444444444444,0.085
7.972222222222222,-0.03
7.975,-0.18
7.977777777777778,-0.18
7.980555555555555,-0.075
7.983333333333333,0.0
7.986111111111111,0.075
7.988888888888889,0.065
7.991666666666666,-0.08
7.9944444444444445,-0.285
7.997222222222222,-0.435
8.0,-0.39
8.002777777777778,-0.165
8.005555555555556,-0.03
8.008333333333333,-0.165
8.011111111111111,-0.395
8.01388888888889,-0.46
8.016666666666667,-0.37
8.019444444444444,-0.275
8.022222222222222,-0.28
8.025,-0.32
8.027777777777779,-0.31
8.030555555555555,-0.2
8.033333333333333,-0.12
8.036111111111111,-0.13
8.03888888888889,-0.185
8.041666666666666,-0.22
8.044444444444444,-0.17
8.047222222222222,-0.1
8.05,-0.025
8.052777777777777,-0.045
8.055555555555555,-0.295
8.058333333333334,-0.595
8.061111111111112,-0.72
8.063888888888888,-0.535
8.066666666666666,-0.27
8.069444444444445,-0.115
8.072222222222223,-0.145
8.075,-0.3
8.077777777777778,-0.475
8.080555555555556,-0.51
8.083333333333334,-0.435
8.08611111111111,-0.34
8.088888888888889,-0.305
8.091666666666667,-0.305
8.094444444444445,-0.255
8.097222222222221,-0.12
8.1,-0.015
8.102777777777778,-0.01
8.105555555555556,-0.11
8.108333333333333,-0.2
8.11111111111111,-0.245
8.113888888888889,-0.15
8.116666666666667,0.085
8.119444444444444,0.285
8.122222222222222,0.35
8.125,0.38
8.127777777777778,0.5
8.130555555555556,0.7
8.133333333333333,0.87
8.136111111111111,1.01
8.13888888888889,1.155
8.141666666666667,1.28
8.144444444444444,1.315
8.147222222222222,1.34
8.15,1.33
8.152777777777779,1.23
8.155555555555555,1.065
8.158333333333333,0.95
8.161111111111111,0.9
8.16388888888889,0.8
8.166666666666666,0.495
8.169444444444444,0.005
8.172222222222222,-0.44
8.175,-0.665
8.177777777777777,-0.66
8.180555555555555,-0.575
8.183333333333334,-0.55
8.186111111111112,-0.58
8.188888888888888,-0.675
8.191666666666666,-0.78
8.194444444444445,-0.89
8.197222222222223,-0.99
8.2,-1.025
8.202777777777778,-0.97
8.205555555555556,-0.87
8.208333333333334,-0.81
8.21111111111111,-0.795
8.213888888888889,-0.775
8.216666666666667,-0.765
8.219444444444445,-0.76
8.222222222222221,-0.81
8.225,-0.85
8.227777777777778,-0.89
8.230555555555556,-0.905
8.233333333333333,-0.895
8.23611111111111,-0.85
8.238888888888889,-0.775
8.241666666666667,-0.72
8.244444444444444,-0.68
8.247222222222222,-0.675
8.25,-0.745
8.252777777777778,-0.875
8.255555555555556,-0.905
8.258333333333333,-0.765
8.261111111111111,-0.475
8.26388888888889,-0.32
8.266666666666667,-0.5
8.269444444444444,-0.885
8.272222222222222,-1.15
8.275,-1.09
8.277777777777779,-0.875
8.280555555555555,-0.675
8.283333333333333,-0.635
8.286111111111111,-0.67
8.28888888888889,-0.705
8.291666666666666,-0.725
8.294444444444444,-0.835
8.297222222222222,-0.945
8.3,-0.99
8.302777777777777,-0.975
8.305555555555555,-0.875
8.308333333333334,-0.775
8.311111111111112,-0.745
8.313888888888888,-0.735
8.316666666666666,-0.71
8.319444444444445,-0.665
8.322222222222223,-0.62
8.325,-0.61
8.327777777777778,-0.58
8.330555555555556,-0.475
8.333333333333334,-0.305
8.33611111111111,-0.215
8.338888888888889,-0.355
8.341666666666667,-0.57
8.344444444444445,-0.695
8.347222222222221,-0.69
8.35,-0.69
8.352777777777778,-0.715
8.355555555555556,-0.635
8.358333333333333,-0.395
8.36111111111111,-0.23
8.363888888888889,-0.315
8.366666666666667,-0.49
8.369444444444444,-0.575
8.372222222222222,-0.58
8.375,-0.545
8.377777777777778,-0.535
8.380555555555556,-0.495
8.383333333333333,-0.46
8.386111111111111,-0.465
8.38888888888889,-0.56
8.391666666666667,-0.655
8.394444444444444,-0.685
8.397222222222222,-0.64
8.4,-0.6
8.402777777777779,-0.6
8.405555555555555,-0.615
8.408333333333333,-0.625
8.411111111111111,-0.625
8.41388888888889,-0.595
8.416666666666666,-0.56
8.419444444444444,-0.53
8.422222222222222,-0.535
8.425,-0.555
8.427777777777777,-0.54
8.430555555555555,-0.46
8.433333333333334,-0.33
8.436111111111112,-0.285
8.438888888888888,-0.43
8.441666666666666,-0.69
8.444444444444445,-0.905
8.447222222222223,-0.975
8.45,-0.875
8.452777777777778,-0.735
8.455555555555556,-0.66
8.458333333333334,-0.63
8.46111111111111,-0.59
8.463888888888889,-0.5
8.466666666666667,-0.42
8.469444444444445,-0.41
8.472222222222221,-0.52
8.475,-0.62
8.477777777777778,-0.685
8.480555555555556,-0.625
8.483333333333333,-0.53
8.48611111111111,-0.555
8.488888888888889,-0.665
8.491666666666667,-0.815
8.494444444444444,-0.885
8.497222222222222,-0.895
8.5,-0.82
8.502777777777778,-0.72
8.505555555555556,-0.665
8.508333333333333,-0.635
8.511111111111111,-0.64
8.51388888888889,-0.63
8.516666666666667,-0.595
8.519444444444444,-0.57
8.522222222222222,-0.565
8.525,-0.575
8.527777777777779,-0.595
8.530555555555555,-0.6
8.533333333333333,-0.585
8.536111111111111,-0.575
8.53888888888889,-0.57
8.541666666666666,-0.585
8.544444444444444,-0.575
8.547222222222222,-0.555
8.55,-0.52
8.552777777777777,-0.5
8.555555555555555,-0.49
8.558333333333334,-0.45
8.561111111111112,-0.415
8.563888888888888,-0.435
8.566666666666666,-0.58
8.569444444444445,-0.715
8.572222222222223,-0.765
8.575,-0.735
8.577777777777778,-0.69
8.580555555555556,-0.69
8.583333333333334,-0.715
8.58611111111111,-0.63
8.588888888888889,-0.53
8.591666666666667,-0.485
8.594444444444445,-0.59
8.597222222222221,-0.78
8.6,-0.86
8.602777777777778,-0.835
8.605555555555556,-0.75
8.608333333333333,-0.67
8.61111111111111,-0.635
8.613888888888889,-0.63
8.616666666666667,-0.63
8.619444444444444,-0.66
8.622222222222222,-0.675
8.625,-0.63
8.627777777777778,-0.575
8.630555555555556,-0.575
8.633333333333333,-0.58
8.636111111111111,-0.52
8.63888888888889,-0.41
8.641666666666667,-0.305
8.644444444444444,-0.265
8.647222222222222,-0.26
8.65,-0.14
8.652777777777779,0.055
8.655555555555555,0.19
8.658333333333333,0.225
8.661111111111111,0.145
8.66388888888889,0.07
8.666666666666666,0.22
8.669444444444444,0.585
8.672222222222222,0.995
8.675,1.28
8.677777777777777,1.395
8.680555555555555,1.33
8.683333333333334,1.14
8.686111111111112,1.03
8.688888888888888,1.05
8.691666666666666,1.14
8.694444444444445,1.225
8.697222222222223,1.255
8.7,1.09
8.702777777777778,0.805
8.705555555555556,0.545
8.708333333333334,0.325
8.71111111111111,0.13
8.713888888888889,-0.125
8.716666666666667,-0.35
8.719444444444445,-0.49
8.722222222222221,-0.57
8.725,-0.625
8.727777777777778,-0.69
8.730555555555556,-0.695
8.733333333333333,-0.665
8.73611111111111,-0.67
8.738888888888889,-0.7
8.741666666666667,-0.79
8.744444444444444,-0.9
8.747222222222222,-0.89
8.75,-0.745
8.752777777777778,-0.535
8.755555555555556,-0.37
8.758333333333333,-0.28
8.761111111111111,-0.37
8.76388888888889,-0.71
8.766666666666667,-1.065
8.769444444444444,-1.16
8.772222222222222,-1.06
8.775,-0.885
8.777777777777779,-0.685
8.780555555555555,-0.59
8.783333333333333,-0.635
8.786111111111111,-0.79
8.78888888888889,-0.985
8.791666666666666,-1.125
8.794444444444444,-1.16
8.797222222222222,-1.09
8.8,-0.95
8.802777777777777,-0.84
8.805555555555555,-0.84
8.808333333333334,-0.89
8.811111111111112,-0.875
8.813888888888888,-0.84
8.816666666666666,-0.795
8.819444444444445,-0.745
8.822222222222223,-0.71
8.825,-0.68
8.827777777777778,-0.665
8.830555555555556,-0.655
8.833333333333334,-0.655
8.83611111111111,-0.67
8.838888888888889,-0.695
8.841666666666667,-0.685
8.844444444444445,-0.655
8.847222222222221,-0.63
8.85,-0.62
8.852777777777778,-0.595
8.855555555555556,-0.625
8.858333333333333,-0.675
8.86111111111111,-0.675
8.863888888888889,-0.54
8.866666666666667,-0.35
8.869444444444444,-0.225
8.872222222222222,-0.395
8.875,-0.85
8.877777777777778,-1.145
8.880555555555556,-1.005
8.883333333333333,-0.685
8.886111111111111,-0.495
8.88888888888889,-0.49
8.891666666666667,-0.52
8.894444444444444,-0.54
8.897222222222222,-0.505
8.9,-0.46
8.902777777777779,-0.4
8.905555555555555,-0.375
8.908333333333333,-0.385
8.911111111111111,-0.425
8.91388888888889,-0.405
8.916666666666666,-0.375
8.919444444444444,-0.365
8.922222222222222,-0.42
8.925,-0.45
8.927777777777777,-0.45
8.930555555555555,-0.44
8.933333333333334,-0.435
8.936111111111112,-0.41
8.938888888888888,-0.39
8.941666666666666,-0.39
8.944444444444445,-0.425
8.947222222222223,-0.415
8.95,-0.325
8.952777777777778,-0.235
8.955555555555556,-0.25
8.958333333333334,-0.335
8.96111111111111,-0.41
8.963888888888889,-0.345
8.966666666666667,-0.205
8.969444444444445,-0.14
8.972222222222221,-0.125
8.975,-0.12
8.977777777777778,-0.19
8.980555555555556,-0.37
8.983333333333333,-0.485
8.98611111111111,-0.435
8.988888888888889,-0.34
8.991666666666667,-0.305
8.994444444444444,-0.31
8.997222222222222,-0.31
9.0,-0.25
9.002777777777778,-0.165
9.005555555555556,-0.15
9.008333333333333,-0.17
9.011111111111111,-0.205
9.01388888888889,-0.24
9.016666666666667,-0.36
9.019444444444444,-0.49
9.022222222222222,-0.565
9.025,-0.515
9.027777777777779,-0.435
9.030555555555555,-0.395
9.033333333333333,-0.425
9.036111111111111,-0.41
9.03888888888889,-0.38
9.041666666666666,-0.345
9.044444444444444,-0.355
9.047222222222222,-0.355
9.05,-0.315
9.052777777777777,-0.23
9.055555555555555,-0.155
9.058333333333334,-0.17
9.061111111111112,-0.275
9.063888888888888,-0.35
9.066666666666666,-0.395
9.069444444444445,-0.37
9.072222222222223,-0.37
9.075,-0.46
9.077777777777778,-0.49
9.080555555555556,-0.425
9.083333333333334,-0.365
9.08611111111111,-0.32
9.088888888888889,-0.335
9.091666666666667,-0.35
9.094444444444445,-0.335
9.097222222222221,-0.27
9.1,-0.235
9.102777777777778,-0.23
9.105555555555556,-0.235
9.108333333333333,-0.265
9.11111111111111,-0.25
9.113888888888889,-0.145
9.116666666666667,-0.035
9.119444444444444,0.05
9.122222222222222,0.035
9.125,-0.005
9.127777777777778,-0.055
9.130555555555556,-0.115
9.133333333333333,-0.255
9.136111111111111,-0.41
9.13888888888889,-0.525
9.141666666666667,-0.5
9.144444444444444,-0.45
9.147222222222222,-0.385
9.15,-0.335
9.152777777777779,-0.25
9.155555555555555,-0.185
9.158333333333333,-0.175
9.161111111111111,-0.17
9.16388888888889,-0.165
9.166666666666666,-0.18
9.169444444444444,-0.185
9.172222222222222,-0.195
9.175,-0.185
9.177777777777777,-0.205
9.180555555555555,-0.205
9.183333333333334,-0.2
9.186111111111112,-0.18
9.188888888888888,-0.21
9.191666666666666,-0.24
9.194444444444445,-0.215
9.197222222222223,-0.17
9.2,-0.16
9.202777777777778,-0.17
9.205555555555556,-0.14
9.208333333333334,-0.105
9.21111111111111,-0.07
9.213888888888889,-0.015
9.216666666666667,0.075
9.219444444444445,0.2
9.222222222222221,0.345
9.225,0.385
9.227777777777778,0.415
9.230555555555556,0.49
9.233333333333333,0.665
9.23611111111111,0.91
9.238888888888889,1.175
9.241666666666667,1.45
9.244444444444444,1.575
9.247222222222222,1.575
9.25,1.545
9.252777777777778,1.595
9.255555555555556,1.715
9.258333333333333,1.765
9.261111111111111,1.69
9.26388888888889,1.64
9.266666666666667,1.595
9.269444444444444,1.52
9.272222222222222,1.375
9.275,1.15
9.277777777777779,0.865
9.280555555555555,0.61
9.283333333333333,0.43
9.286111111111111,0.33
9.28888888888889,0.22
9.291666666666666,0.02
9.294444444444444,-0.235
9.297222222222222,-0.44
9.3,-0.445
9.302777777777777,-0.29
9.305555555555555,-0.175
9.308333333333334,-0.215
9.311111111111112,-0.37
9.313888888888888,-0.445
9.316666666666666,-0.45
9.319444444444445,-0.49
9.322222222222223,-0.61
9.325,-0.705
9.327777777777778,-0.69
9.330555555555556,-0.645
9.333333333333334,-0.595
9.33611111111111,-0.575
9.338888888888889,-0.565
9.341666666666667,-0.56
9.344444444444445,-0.485
9.347222222222221,-0.415
9.35,-0.385
9.352777777777778,-0.435
9.355555555555556,-0.49
9.358333333333333,-0.45
9.36111111111111,-0.39
9.363888888888889,-0.42
9.366666666666667,-0.505
9.369444444444444,-0.545
9.372222222222222,-0.455
9.375,-0.395
9.377777777777778,-0.48
9.380555555555556,-0.6
9.383333333333333,-0.58
9.386111111111111,-0.455
9.38888888888889,-0.505
9.391666666666667,-0.665
9.394444444444444,-0.745
9.397222222222222,-0.695
9.4,-0.575
9.402777777777779,-0.465
9.405555555555555,-0.4
9.408333333333333,-0.39
9.411111111111111,-0.39
9.41388888888889,-0.385
9.416666666666666,-0.34
9.419444444444444,-0.265
9.422222222222222,-0.275
9.425,-0.365
9.427777777777777,-0.41
9.430555555555555,-0.34
9.433333333333334,-0.23
9.436111111111112,-0.13
9.438888888888888,-0.055
9.441666666666666,-0.035
9.444444444444445,-0.065
9.447222222222223,-0.095
9.45,-0.085
9.452777777777778,-0.105
9.455555555555556,-0.195
9.458333333333334,-0.23
9.46111111111111,-0.185
9.463888888888889,-0.105
9.466666666666667,-0.04
9.469444444444445,-0.025
9.472222222222221,-0.09
9.475,-0.17
9.477777777777778,-0.155
9.480555555555556,-0.11
9.483333333333333,-0.11
9.48611111111111,-0.13
9.488888888888889,-0.17
9.491666666666667,-0.175
9.494444444444444,-0.15
9.497222222222222,-0.125
9.5,-0.1
9.502777777777778,-0.06
9.505555555555556,0.045
9.508333333333333,0.095
9.511111111111111,0.015
9.51388888888889,-0.17
9.516666666666667,-0.275
9.519444444444444,-0.26
9.522222222222222,-0.13
9.525,0.01
9.527777777777779,-0.01
9.530555555555555,-0.175
9.533333333333333,-0.285
9.536111111111111,-0.295
9.53888888888889,-0.29
9.541666666666666,-0.315
9.544444444444444,-0.325
9.547222222222222,-0.285
9.55,-0.195
9.552777777777777,-0.13
9.555555555555555,-0.15
9.558333333333334,-0.19
9.561111111111112,-0.195
9.563888888888888,-0.16
9.566666666666666,-0.095
9.569444444444445,0.005
9.572222222222223,0.07
9.575,0.07
9.577777777777778,-0.03
9.580555555555556,-0.1
9.583333333333334,-0.095
9.58611111111111,0.005
9.588888888888889,0.07
9.591666666666667,0.11
9.594444444444445,0.15
9.597222222222221,0.28
9.6,0.5
9.602777777777778,0.78
9.605555555555556,1.085
9.608333333333333,1.305
9.61111111111111,1.495
9.613888888888889,1.625
9.616666666666667,1.615
9.619444444444444,1.53
9.622222222222222,1.39
9.625,1.27
9.627777777777778,1.21
9.630555555555556,1.18
9.633333333333333,1.065
9.636111111111111,0.93
9.63888888888889,0.815
9.641666666666667,0.725
9.644444444444444,0.6
9.647222222222222,0.415
9.65,0.235
9.652777777777779,0.085
9.655555555555555,-0.065
9.658333333333333,-0.28
9.661111111111111,-0.485
9.66388888888889,-0.515
9.666666666666666,-0.46
9.669444444444444,-0.4
9.672222222222222,-0.395
9.675,-0.43
9.677777777777777,-0.46
9.680555555555555,-0.475
9.683333333333334,-0.45
9.686111111111112,-0.445
9.688888888888888,-0.495
9.691666666666666,-0.53
9.694444444444445,-0.555
9.697222222222223,-0.555
9.7,-0.51
9.702777777777778,-0.495
9.705555555555556,-0.45
9.708333333333334,-0.415
9.71111111111111,-0.43
9.713888888888889,-0.495
9.716666666666667,-0.575
9.719444444444445,-0.59
9.722222222222221,-0.555
9.725,-0.5
9.727777777777778,-0.415
9.730555555555556,-0.32
9.733333333333333,-0.345
9.73611111111111,-0.54
9.738888888888889,-0.765
9.741666666666667,-0.855
9.744444444444444,-0.77
9.747222222222222,-0.635
9.75,-0.56
9.752777777777778,-0.525
9.755555555555556,-0.495
9.758333333333333,-0.46
9.761111111111111,-0.46
9.76388888888889,-0.44
9.766666666666667,-0.425
9.769444444444444,-0.385
9.772222222222222,-0.37
9.775,-0.355
9.777777777777779,-0.365
9.780555555555555,-0.335
9.783333333333333,-0.305
9.786111111111111,-0.265
9.78888888888889,-0.26
9.791666666666666,-0.235
9.794444444444444,-0.23
9.797222222222222,-0.205
9.8,-0.17
9.802777777777777,-0.15
9.805555555555555,-0.125
9.808333333333334,-0.14
9.811111111111112,-0.15
9.813888888888888,-0.105
9.816666666666666,-0.065
9.819444444444445,-0.035
9.822222222222223,-0.03
9.825,0.0
9.827777777777778,0.01
9.830555555555556,0.01
9.833333333333334,-0.01
9.83611111111111,-0.06
9.838888888888889,-0.115
9.841666666666667,-0.16
9.844444444444445,-0.18
9.847222222222221,-0.165
9.85,-0.14
9.852777777777778,-0.12
9.855555555555556,-0.165
9.858333333333333,-0.195
9.86111111111111,-0.215
9.863888888888889,-0.185
9.866666666666667,-0.175
9.869444444444444,-0.17
9.872222222222222,-0.15
9.875,-0.11
9.877777777777778,-0.115
9.880555555555556,-0.19
9.883333333333333,-0.26
9.886111111111111,-0.285
9.88888888888889,-0.285
9.891666666666667,-0.305
9.894444444444444,-0.305
9.897222222222222,-0.27
9.9,-0.25
9.902777777777779,-0.265
9.905555555555555,-0.26
9.908333333333333,-0.245
9.911111111111111,-0.235
9.91388888888889,-0.235
9.916666666666666,-0.215
9.919444444444444,-0.195
9.922222222222222,-0.205
9.925,-0.23
9.927777777777777,-0.24
9.930555555555555,-0.225
9.933333333333334,-0.185
9.936111111111112,-0.145
9.938888888888888,-0.135
9.941666666666666,-0.175
9.944444444444445,-0.225
9.947222222222223,-0.23
9.95,-0.22
9.952777777777778,-0.19
9.955555555555556,-0.175
9.958333333333334,-0.19
9.96111111111111,-0.195
9.963888888888889,-0.18
9.966666666666667,-0.165
9.969444444444445,-0.17
9.972222222222221,-0.17
9.975,-0.17
9.977777777777778,-0.175
9.980555555555556,-0.195
9.983333333333333,-0.16
9.98611111111111,-0.13
9.988888888888889,-0.105
9.991666666666667,-0.125
9.994444444444444,-0.165
9.997222222222222,-0.175
10.0,-0.18
10.002777777777778,-0.165
10.005555555555556,-0.14
10.008333333333333,-0.12
10.011111111111111,-0.13
10.01388888888889,-0.165
10.016666666666667,-0.195
10.019444444444444,-0.19
10.022222222222222,-0.195
10.025,-0.185
10.027777777777779,-0.19
10.030555555555555,-0.18
10.033333333333333,-0.17
10.036111111111111,-0.165
10.03888888888889,-0.175
10.041666666666666,-0.17
10.044444444444444,-0.175
10.047222222222222,-0.175
10.05,-0.18
10.052777777777777,-0.16
10.055555555555555,-0.155
10.058333333333334,-0.16
10.061111111111112,-0.17
10.063888888888888,-0.17
10.066666666666666,-0.145
10.069444444444445,-0.135
10.072222222222223,-0.145
10.075,-0.16
10.077777777777778,-0.17
10.080555555555556,-0.16
10.083333333333334,-0.17
10.08611111111111,-0.155
10.088888888888889,-0.155
10.091666666666667,-0.165
10.094444444444445,-0.175
10.097222222222221,-0.175
10.1,-0.145
10.102777777777778,-0.125
10.105555555555556,-0.135
10.108333333333333,-0.125
10.11111111111111,-0.105
10.113888888888889,-0.11
10.116666666666667,-0.11
10.119444444444444,-0.105
10.122222222222222,-0.085
10.125,-0.08
10.127777777777778,-0.1
10.130555555555556,-0.105
10.133333333333333,-0.085
10.136111111111111,-0.05
10.13888888888889,-0.045
10.141666666666667,-0.08
10.144444444444444,-0.095
10.147222222222222,-0.105
10.15,-0.08
10.152777777777779,-0.065
10.155555555555555,-0.08
10.158333333333333,-0.1
10.161111111111111,-0.105
10.16388888888889,-0.115
10.166666666666666,-0.105
10.169444444444444,-0.085
10.172222222222222,-0.085
10.175,-0.07
10.177777777777777,-0.075
10.180555555555555,-0.105
10.183333333333334,-0.11
10.186111111111112,-0.095
10.188888888888888,-0.09
10.191666666666666,-0.09
10.194444444444445,-0.105
10.197222222222223,-0.095
10.2,-0.085
10.202777777777778,-0.065
10.205555555555556,-0.08
10.208333333333334,-0.085
10.21111111111111,-0.1
10.213888888888889,-0.09
10.216666666666667,-0.06
10.219444444444445,-0.055
10.222222222222221,-0.075
10.225,-0.09
10.227777777777778,-0.095
10.230555555555556,-0.06
10.233333333333333,-0.05
10.23611111111111,-0.045
10.238888888888889,-0.04
10.241666666666667,-0.06
10.244444444444444,-0.065
10.247222222222222,-0.07
10.25,-0.055
10.252777777777778,-0.025
10.255555555555556,-0.04
10.258333333333333,-0.055
10.261111111111111,-0.07
10.26388888888889,-0.005
10.266666666666667,0.075
10.269444444444444,0.135
10.272222222222222,0.16
10.275,0.185
10.277777777777779,0.24
10.280555555555555,0.345
10.283333333333333,0.425
10.286111111111111,0.495
10.28888888888889,0.555
10.291666666666666,0.635
10.294444444444444,0.83
10.297222222222222,1.145
10.3,1.455
10.302777777777777,1.665
10.305555555555555,1.715
10.308333333333334,1.74
10.311111111111112,1.795
10.313888888888888,1.845
10.316666666666666,1.83
10.319444444444445,1.785
10.322222222222223,1.7
10.325,1.52
10.327777777777778,1.345
10.330555555555556,1.185
10.333333333333334,1.015
10.33611111111111,0.835
10.338888888888889,0.59
10.341666666666667,0.35
10.344444444444445,0.155
10.347222222222221,-0.005
10.35,-0.115
10.352777777777778,-0.18
10.355555555555556,-0.195
10.358333333333333,-0.215
10.36111111111111,-0.24
10.363888888888889,-0.27
10.366666666666667,-0.285
10.369444444444444,-0.27
10.372222222222222,-0.26
10.375,-0.295
10.377777777777778,-0.31
10.380555555555556,-0.325
10.383333333333333,-0.31
10.386111111111111,-0.31
10.38888888888889,-0.32
10.391666666666667,-0.35
10.394444444444444,-0.355
10.397222222222222,-0.33
10.4,-0.32
10.402777777777779,-0.34
10.405555555555555,-0.325
10.408333333333333,-0.35
10.411111111111111,-0.355
10.41388888888889,-0.345
10.416666666666666,-0.325
10.419444444444444,-0.3
10.422222222222222,-0.305
10.425,-0.32
10.427777777777777,-0.33
10.430555555555555,-0.32
10.433333333333334,-0.31
10.436111111111112,-0.29
10.438888888888888,-0.295
10.441666666666666,-0.305
10.444444444444445,-0.3
10.447222222222223,-0.285
10.45,-0.275
10.452777777777778,-0.265
10.455555555555556,-0.27
10.458333333333334,-0.295
10.46111111111111,-0.295
10.463888888888889,-0.285
10.466666666666667,-0.27
10.469444444444445,-0.26
10.472222222222221,-0.23
10.475,-0.225
10.477777777777778,-0.22
10.480555555555556,-0.22
10.483333333333333,-0.19
10.48611111111111,-0.175
10.488888888888889,-0.18
10.491666666666667,-0.175
10.494444444444444,-0.17
10.497222222222222,-0.13
10.5,-0.115
10.502777777777778,-0.09
10.505555555555556,-0.085
10.508333333333333,-0.06
10.511111111111111,-0.055
10.51388888888889,-0.03
10.516666666666667,0.0
10.519444444444444,0.045
10.522222222222222,0.06
10.525,0.07
10.527777777777779,0.1
10.530555555555555,0.13
10.533333333333333,0.16
10.536111111111111,0.19
10.53888888888889,0.19
10.541666666666666,0.2
10.544444444444444,0.2
10.547222222222222,0.205
10.55,0.23
10.552777777777777,0.245
10.555555555555555,0.245
10.558333333333334,0.23
10.561111111111112,0.215
10.563888888888888,0.21
10.566666666666666,0.22
10.569444444444445,0.22
10.572222222222223,0.225
10.575,0.21
10.577777777777778,0.205
10.580555555555556,0.21
10.583333333333334,0.195
10.58611111111111,0.195
10.588888888888889,0.2
10.591666666666667,0.19
10.594444444444445,0.17
10.597222222222221,0.185
10.6,0.205
10.602777777777778,0.22
10.605555555555556,0.22
10.608333333333333,0.195
10.61111111111111,0.185
10.613888888888889,0.205
10.616666666666667,0.2
10.619444444444444,0.22
10.622222222222222,0.21
10.625,0.19
10.627777777777778,0.195
10.630555555555556,0.19
10.633333333333333,0.205
10.636111111111111,0.24
10.63888888888889,0.27
10.641666666666667,0.29
10.644444444444444,0.345
10.647222222222222,0.415
10.65,0.495
10.652777777777779,0.53
10.655555555555555,0.49
10.658333333333333,0.385
10.661111111111111,0.33
10.66388888888889,0.285
10.666666666666666,0.22
10.669444444444444,0.09
10.672222222222222,-0.015
10.675,-0.04
10.677777777777777,-0.01
10.680555555555555,0.02
10.683333333333334,-0.015
10.686111111111112,-0.11
10.688888888888888,-0.165
10.691666666666666,-0.195
10.694444444444445,-0.225
10.697222222222223,-0.325
10.7,-0.405
10.702777777777778,-0.465
10.705555555555556,-0.46
10.708333333333334,-0.425
10.71111111111111,-0.42
10.713888888888889,-0.42
10.716666666666667,-0.325
10.719444444444445,-0.19
10.722222222222221,-0.07
10.725,-0.015
10.727777777777778,-0.01
10.730555555555556,-0.04
10.733333333333333,-0.05
10.73611111111111,-0.04
10.738888888888889,-0.015
10.741666666666667,0.025
10.744444444444444,0.085
10.747222222222222,0.15
10.75,0.195
10.752777777777778,0.205
10.755555555555556,0.245
10.758333333333333,0.27
10.761111111111111,0.255
10.76388888888889,0.22
10.766666666666667,0.225
10.769444444444444,0.2
10.772222222222222,0.155
10.775,0.105
10.777777777777779,0.075
10.780555555555555,0.075
10.783333333333333,0.095
10.786111111111111,0.105
10.78888888888889,0.095
10.791666666666666,0.08
10.794444444444444,0.095
10.797222222222222,0.105
10.8,0.145
10.802777777777777,0.135
10.805555555555555,0.145
10.808333333333334,0.15
10.811111111111112,0.15
10.813888888888888,0.17
10.816666666666666,0.2
10.819444444444445,0.24
10.822222222222223,0.26
10.825,0.27
10.827777777777778,0.29
10.830555555555556,0.345
10.833333333333334,0.395
10.83611111111111,0.43
10.838888888888889,0.435
10.841666666666667,0.46
10.844444444444445,0.5
10.847222222222221,0.545
10.85,0.58
10.852777777777778,0.615
10.855555555555556,0.645
10.858333333333333,0.67
10.86111111111111,0.69
10.863888888888889,0.73
10.866666666666667,0.775
10.869444444444444,0.83
10.872222222222222,0.865
10.875,0.875
10.877777777777778,0.905
10.880555555555556,0.965
10.883333333333333,1.01
10.886111111111111,1.035
10.88888888888889,1.09
10.891666666666667,1.12
10.894444444444444,1.145
10.897222222222222,1.165
10.9,1.19
10.902777777777779,1.22
10.905555555555555,1.25
10.908333333333333,1.245
10.911111111111111,1.245
10.91388888888889,1.26
10.916666666666666,1.26
10.919444444444444,1.235
10.922222222222222,1.225
10.925,1.18
10.927777777777777,1.125
10.930555555555555,1.095
10.933333333333334,1.06
10.936111111111112,1.04
10.938888888888888,0.985
10.941666666666666,0.93
10.944444444444445,0.865
10.947222222222223,0.85
10.95,0.81
10.952777777777778,0.765
10.955555555555556,0.725
10.958333333333334,0.675
10.96111111111111,0.635
10.963888888888889,0.59
10.966666666666667,0.575
10.969444444444445,0.55
10.972222222222221,0.52
10.975,0.48
10.977777777777778,0.435
10.980555555555556,0.425
10.983333333333333,0.43
10.98611111111111,0.415
10.988888888888889,0.395
10.991666666666667,0.365
10.994444444444444,0.35
10.997222222222222,0.335
11.0,0.315
11.002777777777778,0.325
11.005555555555556,0.32
11.008333333333333,0.295
11.011111111111111,0.27
11.01388888888889,0.285
11.016666666666667,0.31
11.019444444444444,0.295
11.022222222222222,0.295
11.025,0.27
11.027777777777779,0.265
11.030555555555555,0.28
11.033333333333333,0.28
11.036111111111111,0.29
11.03888888888889,0.29
11.041666666666666,0.275
11.044444444444444,0.3
11.047222222222222,0.385
11.05,0.505
11.052777777777777,0.59
11.055555555555555,0.625
11.058333333333334,0.67
11.061111111111112,0.725
11.063888888888888,0.75
11.066666666666666,0.77
11.069444444444445,0.895
11.072222222222223,1.07
11.075,1.3
11.077777777777778,1.535
11.080555555555556,1.735
11.083333333333334,1.82
11.08611111111111,1.82
11.088888888888889,1.825
11.091666666666667,1.785
11.094444444444445,1.7
11.097222222222221,1.62
11.1,1.52
11.102777777777778,1.39
11.105555555555556,1.235
11.108333333333333,1.1
11.11111111111111,0.95
11.113888888888889,0.785
11.116666666666667,0.585
11.119444444444444,0.415
11.122222222222222,0.23
11.125,0.075
11.127777777777778,-0.03
11.130555555555556,-0.04
11.133333333333333,-0.045
11.136111111111111,-0.06
11.13888888888889,-0.11
11.141666666666667,-0.15
11.144444444444444,-0.19
11.147222222222222,-0.205
11.15,-0.205
11.152777777777779,-0.195
11.155555555555555,-0.23
11.158333333333333,-0.265
11.161111111111111,-0.28
11.16388888888889,-0.295
11.166666666666666,-0.275
11.169444444444444,-0.265
11.172222222222222,-0.29
11.175,-0.3
11.177777777777777,-0.3
11.180555555555555,-0.3
11.183333333333334,-0.285
11.186111111111112,-0.27
11.188888888888888,-0.265
11.191666666666666,-0.28
11.194444444444445,-0.28
11.197222222222223,-0.28
11.2,-0.26
11.202777777777778,-0.25
11.205555555555556,-0.245
11.208333333333334,-0.24
11.21111111111111,-0.24
11.213888888888889,-0.225
11.216666666666667,-0.2
11.219444444444445,-0.205
11.222222222222221,-0.215
11.225,-0.225
11.227777777777778,-0.215
11.230555555555556,-0.18
11.233333333333333,-0.185
11.23611111111111,-0.185
11.238888888888889,-0.205
11.241666666666667,-0.205
11.244444444444444,-0.215
11.247222222222222,-0.21
11.25,-0.195
11.252777777777778,-0.18
11.255555555555556,-0.165
11.258333333333333,-0.18
11.261111111111111,-0.19
11.26388888888889,-0.175
11.266666666666667,-0.145
11.269444444444444,-0.13
11.272222222222222,-0.11
11.275,-0.1
11.277777777777779,-0.065
11.280555555555555,-0.005
11.283333333333333,0.03
11.286111111111111,0.045
11.28888888888889,0.08
11.291666666666666,0.1
11.294444444444444,0.13
11.297222222222222,0.155
11.3,0.185
11.302777777777777,0.2
11.305555555555555,0.21
11.308333333333334,0.2
11.311111111111112,0.175
11.313888888888888,0.205
11.316666666666666,0.23
11.319444444444445,0.23
11.322222222222223,0.195
11.325,0.185
11.327777777777778,0.185
11.330555555555556,0.18
11.333333333333334,0.18
11.33611111111111,0.17
11.338888888888889,0.155
11.341666666666667,0.135
11.344444444444445,0.125
11.347222222222221,0.125
11.35,0.145
11.352777777777778,0.145
11.355555555555556,0.135
11.358333333333333,0.105
11.36111111111111,0.125
11.363888888888889,0.13
11.366666666666667,0.13
11.369444444444444,0.125
11.372222222222222,0.12
11.375,0.11
11.377777777777778,0.115
11.380555555555556,0.135
11.383333333333333,0.145
11.386111111111111,0.17
11.38888888888889,0.185
11.391666666666667,0.165
11.394444444444444,0.14
11.397222222222222,0.15
11.4,0.18
11.402777777777779,0.195
11.405555555555555,0.16
11.408333333333333,0.12
11.411111111111111,0.11
11.41388888888889,0.125
11.416666666666666,0.125
11.419444444444444,0.145
11.422222222222222,0.135
11.425,0.13
11.427777777777777,0.115
11.430555555555555,0.14
11.433333333333334,0.17
11.436111111111112,0.16
11.438888888888888,0.14
11.441666666666666,0.13
11.444444444444445,0.145
11.447222222222223,0.145
11.45,0.14
11.452777777777778,0.145
11.455555555555556,0.15
11.458333333333334,0.13
11.46111111111111,0.13
11.463888888888889,0.15
11.466666666666667,0.165
11.469444444444445,0.15
11.472222222222221,0.145
11.475,0.125
11.477777777777778,0.155
11.480555555555556,0.125
11.483333333333333,0.115
11.48611111111111,0.13
11.488888888888889,0.155
11.491666666666667,0.135
11.494444444444444,0.11
11.497222222222222,0.12
11.5,0.15
11.502777777777778,0.15
11.505555555555556,0.125
11.508333333333333,0.095
11.511111111111111,0.095
11.51388888888889,0.09
11.516666666666667,0.09
11.519444444444444,0.105
11.522222222222222,0.105
11.525,0.075
11.527777777777779,0.05
11.530555555555555,0.055
11.533333333333333,0.1
11.536111111111111,0.09
11.53888888888889,0.075
11.541666666666666,0.045
11.544444444444444,0.055
11.547222222222222,0.09
11.55,0.105
11.552777777777777,0.12
11.555555555555555,0.115
11.558333333333334,0.115
11.561111111111112,0.12
11.563888888888888,0.13
11.566666666666666,0.13
11.569444444444445,0.125
11.572222222222223,0.11
11.575,0.085
11.577777777777778,0.085
11.580555555555556,0.095
11.583333333333334,0.095
11.58611111111111,0.095
11.588888888888889,0.075
11.591666666666667,0.08
11.594444444444445,0.085
11.597222222222221,0.1
11.6,0.095
11.602777777777778,0.12
11.605555555555556,0.125
11.608333333333333,0.1
11.61111111111111,0.075
11.613888888888889,0.075
11.616666666666667,0.09
11.619444444444444,0.09
11.622222222222222,0.08
11.625,0.06
11.627777777777778,0.05
11.630555555555556,0.045
11.633333333333333,0.06
11.636111111111111,0.065
11.63888888888889,0.085
11.641666666666667,0.085
11.644444444444444,0.075
11.647222222222222,0.08
11.65,0.085
11.652777777777779,0.07
11.655555555555555,0.05
11.658333333333333,0.06
11.661111111111111,0.06
11.66388888888889,0.065
11.666666666666666,0.05
11.669444444444444,0.07
11.672222222222222,0.065
11.675,0.07
11.677777777777777,0.045
11.680555555555555,0.04
11.683333333333334,0.065
11.686111111111112,0.095
11.688888888888888,0.105
11.691666666666666,0.075
11.694444444444445,0.05
11.697222222222223,0.05
11.7,0.06
11.702777777777778,0.075
11.705555555555556,0.1
11.708333333333334,0.15
11.71111111111111,0.215
11.713888888888889,0.27
11.716666666666667,0.32
11.719444444444445,0.35
11.722222222222221,0.36
11.725,0.37
11.727777777777778,0.395
11.730555555555556,0.46
11.733333333333333,0.515
11.73611111111111,0.535
11.738888888888889,0.565
11.741666666666667,0.61
11.744444444444444,0.705
11.747222222222222,0.795
11.75,0.88
11.752777777777778,0.93
11.755555555555556,0.97
11.758333333333333,1.02
11.761111111111111,1.06
11.76388888888889,1.095
11.766666666666667,1.14
11.769444444444444,1.175
11.772222222222222,1.085
11.775,0.965
11.777777777777779,0.855
11.780555555555555,0.795
11.783333333333333,0.76
11.786111111111111,0.66
11.78888888888889,0.485
11.791666666666666,0.305
11.794444444444444,0.17
11.797222222222222,0.1
11.8,0.0
11.802777777777777,-0.05
11.805555555555555,-0.09
11.808333333333334,-0.105
11.811111111111112,-0.115
11.813888888888888,-0.125
11.816666666666666,-0.145
11.819444444444445,-0.165
11.822222222222223,-0.19
11.825,-0.21
11.827777777777778,-0.225
11.830555555555556,-0.23
11.833333333333334,-0.225
11.83611111111111,-0.22
11.838888888888889,-0.225
11.841666666666667,-0.265
11.844444444444445,-0.295
11.847222222222221,-0.275
11.85,-0.265
11.852777777777778,-0.26
11.855555555555556,-0.285
11.858333333333333,-0.32
11.86111111111111,-0.32
11.863888888888889,-0.315
11.866666666666667,-0.315
11.869444444444444,-0.32
11.872222222222222,-0.34
11.875,-0.325
11.877777777777778,-0.31
11.880555555555556,-0.31
11.883333333333333,-0.31
11.886111111111111,-0.295
11.88888888888889,-0.28
11.891666666666667,-0.285
11.894444444444444,-0.305
11.897222222222222,-0.285
11.9,-0.27
11.902777777777779,-0.255
11.905555555555555,-0.25
11.908333333333333,-0.245
11.911111111111111,-0.23
11.91388888888889,-0.185
11.916666666666666,-0.15
11.919444444444444,-0.13
11.922222222222222,-0.11
11.925,-0.11
11.927777777777777,-0.105
11.930555555555555,-0.11
11.933333333333334,-0.075
11.936111111111112,-0.04
11.938888888888888,-0.04
11.941666666666666,-0.07
11.944444444444445,-0.085
11.947222222222223,-0.055
11.95,-0.035
11.952777777777778,0.0
11.955555555555556,-0.02
11.958333333333334,-0.02
11.96111111111111,-0.01
11.963888888888889,0.0
11.966666666666667,0.01
11.969444444444445,0.015
11.972222222222221,0.015
11.975,0.035
11.977777777777778,0.05
11.980555555555556,0.045
11.983333333333333,0.08
11.98611111111111,0.1
11.988888888888889,0.09
11.991666666666667,0.085
11.994444444444444,0.065
11.997222222222222,0.045
12.0,0.05
12.002777777777778,0.065
12.005555555555556,0.08
12.008333333333333,0.07
12.011111111111111,0.015
12.01388888888889,0.015
12.016666666666667,0.045
12.019444444444444,0.055
12.022222222222222,0.03
12.025,-0.025
12.027777777777779,-0.04
12.030555555555555,-0.03
12.033333333333333,0.0
12.036111111111111,0.015
12.03888888888889,-0.005
12.041666666666666,-0.01
12.044444444444444,-0.025
12.047222222222222,-0.05
12.05,-0.06
12.052777777777777,-0.035
12.055555555555555,-0.03
12.058333333333334,-0.035
12.061111111111112,-0.045
12.063888888888888,-0.02
12.066666666666666,-0.005
12.069444444444445,-0.015
12.072222222222223,-0.01
12.075,-0.015
12.077777777777778,-0.005
12.080555555555556,0.01
12.083333333333334,0.01
12.08611111111111,0.02
12.088888888888889,0.015
12.091666666666667,0.0
12.094444444444445,0.01
12.097222222222221,0.005
12.1,0.005
12.102777777777778,-0.015
12.105555555555556,-0.005
12.108333333333333,0.02
12.11111111111111,0.025
12.113888888888889,0.025
12.116666666666667,0.04
12.119444444444444,0.045
12.122222222222222,0.025
12.125,0.02
12.127777777777778,0.01
12.130555555555556,0.04
12.133333333333333,0.065
12.136111111111111,0.06
12.13888888888889,0.03
12.141666666666667,0.005
12.144444444444444,0.0
12.147222222222222,0.03
12.15,0.065
12.152777777777779,0.08
12.155555555555555,0.05
12.158333333333333,0.015
12.161111111111111,-0.01
12.16388888888889,0.01
12.166666666666666,0.04
12.169444444444444,0.035
12.172222222222222,0.025
12.175,-0.02
12.177777777777777,-0.04
12.180555555555555,-0.025
12.183333333333334,-0.01
12.186111111111112,-0.015
12.188888888888888,-0.035
12.191666666666666,-0.04
12.194444444444445,-0.045
12.197222222222223,-0.045
12.2,-0.06
12.202777777777778,-0.05
12.205555555555556,-0.045
12.208333333333334,-0.07
12.21111111111111,-0.105
12.213888888888889,-0.14
12.216666666666667,-0.13
12.219444444444445,-0.125
12.222222222222221,-0.115
12.225,-0.125
12.227777777777778,-0.145
12.230555555555556,-0.16
12.233333333333333,-0.17
12.23611111111111,-0.15
12.238888888888889,-0.145
12.241666666666667,-0.14
12.244444444444444,-0.12
12.247222222222222,-0.1
12.25,-0.09
12.252777777777778,-0.08
12.255555555555556,-0.065
12.258333333333333,-0.075
12.261111111111111,-0.095
12.26388888888889,-0.11
12.266666666666667,-0.1
12.269444444444444,-0.09
12.272222222222222,-0.105
12.275,-0.145
12.277777777777779,-0.145
12.280555555555555,-0.13
12.283333333333333,-0.12
12.286111111111111,-0.13
12.28888888888889,-0.16
12.291666666666666,-0.185
12.294444444444444,-0.17
12.297222222222222,-0.15
12.3,-0.125
12.302777777777777,-0.12
12.305555555555555,-0.155
12.308333333333334,-0.19
12.311111111111112,-0.16
12.313888888888888,-0.13
12.316666666666666,-0.115
12.319444444444445,-0.105
12.322222222222223,-0.095
12.325,-0.13
12.327777777777778,-0.165
12.330555555555556,-0.2
12.333333333333334,-0.19
12.33611111111111,-0.175
12.338888888888889,-0.195
12.341666666666667,-0.215
12.344444444444445,-0.22
12.347222222222221,-0.21
12.35,-0.205
12.352777777777778,-0.185
12.355555555555556,-0.225
12.358333333333333,-0.22
12.36111111111111,-0.185
12.363888888888889,-0.155
12.366666666666667,-0.135
12.369444444444444,-0.165
12.372222222222222,-0.22
12.375,-0.245
12.377777777777778,-0.25
12.380555555555556,-0.24
12.383333333333333,-0.215
12.386111111111111,-0.23
12.38888888888889,-0.255
12.391666666666667,-0.265
12.394444444444444,-0.265
12.397222222222222,-0.265
12.4,-0.25
12.402777777777779,-0.23
12.405555555555555,-0.23
12.408333333333333,-0.25
12.411111111111111,-0.265
12.41388888888889,-0.25
12.416666666666666,-0.225
12.419444444444444,-0.21
12.422222222222222,-0.245
12.425,-0.26
12.427777777777777,-0.245
12.430555555555555,-0.215
12.433333333333334,-0.18
12.436111111111112,-0.17
12.438888888888888,-0.17
12.441666666666666,-0.185
12.444444444444445,-0.18
12.447222222222223,-0.175
12.45,-0.18
12.452777777777778,-0.205
12.455555555555556,-0.215
12.458333333333334,-0.2
12.46111111111111,-0.185
12.463888888888889,-0.19
12.466666666666667,-0.2
12.469444444444445,-0.19
12.472222222222221,-0.175
12.475,-0.185
12.477777777777778,-0.2
12.480555555555556,-0.195
12.483333333333333,-0.165
12.48611111111111,-0.16
12.488888888888889,-0.17
12.491666666666667,-0.2
12.494444444444444,-0.23
12.497222222222222,-0.22
12.5,-0.21
12.502777777777778,-0.21
12.505555555555556,-0.22
12.508333333333333,-0.235
12.511111111111111,-0.245
12.51388888888889,-0.24
12.516666666666667,-0.21
12.519444444444444,-0.18
12.522222222222222,-0.195
12.525,-0.205
12.527777777777779,-0.175
12.530555555555555,-0.095
12.533333333333333,-0.01
12.536111111111111,0.05
12.53888888888889,0.09
12.541666666666666,0.115
12.544444444444444,0.13
12.547222222222222,0.17
12.55,0.215
12.552777777777777,0.245
12.555555555555555,0.265
12.558333333333334,0.295
12.561111111111112,0.315
12.563888888888888,0.38
12.566666666666666,0.435
12.569444444444445,0.435
12.572222222222223,0.44
12.575,0.48
12.577777777777778,0.49
12.580555555555556,0.43
12.583333333333334,0.335
12.58611111111111,0.2
12.588888888888889,-0.02
12.591666666666667,-0.24
12.594444444444445,-0.43
12.597222222222221,-0.55
12.6,-0.625
12.602777777777778,-0.76
12.605555555555556,-0.965
12.608333333333333,-1.1
12.61111111111111,-1.115
12.613888888888889,-1.035
12.616666666666667,-0.975
12.619444444444444,-0.94
12.622222222222222,-0.88
12.625,-0.81
12.627777777777778,-0.745
12.630555555555556,-0.695
12.633333333333333,-0.64
12.636111111111111,-0.585
12.63888888888889,-0.53
12.641666666666667,-0.475
12.644444444444444,-0.39
12.647222222222222,-0.305
12.65,-0.285
12.652777777777779,-0.295
12.655555555555555,-0.365
12.658333333333333,-0.405
12.661111111111111,-0.445
12.66388888888889,-0.445
12.666666666666666,-0.435
12.669444444444444,-0.45
12.672222222222222,-0.46
12.675,-0.485
12.677777777777777,-0.5
12.680555555555555,-0.485
12.683333333333334,-0.475
12.686111111111112,-0.47
12.688888888888888,-0.5
12.691666666666666,-0.53
12.694444444444445,-0.51
12.697222222222223,-0.5
12.7,-0.53
12.702777777777778,-0.56
12.705555555555556,-0.595
12.708333333333334,-0.6
12.71111111111111,-0.58
12.713888888888889,-0.555
12.716666666666667,-0.53
12.719444444444445,-0.495
12.722222222222221,-0.52
12.725,-0.61
12.727777777777778,-0.745
12.730555555555556,-0.79
12.733333333333333,-0.725
12.73611111111111,-0.695
12.738888888888889,-0.75
12.741666666666667,-0.815
12.744444444444444,-0.79
12.747222222222222,-0.675
12.75,-0.605
12.752777777777778,-0.625
12.755555555555556,-0.645
12.758333333333333,-0.66
12.761111111111111,-0.635
12.76388888888889,-0.645
12.766666666666667,-0.685
12.769444444444444,-0.665
12.772222222222222,-0.64
12.775,-0.645
12.777777777777779,-0.66
12.780555555555555,-0.61
12.783333333333333,-0.545
12.786111111111111,-0.51
12.78888888888889,-0.525
12.791666666666666,-0.56
12.794444444444444,-0.565
12.797222222222222,-0.54
12.8,-0.525
12.802777777777777,-0.475
12.805555555555555,-0.435
12.808333333333334,-0.4
12.811111111111112,-0.37
12.813888888888888,-0.335
12.816666666666666,-0.285
12.819444444444445,-0.24
12.822222222222223,-0.225
12.825,-0.23
12.827777777777778,-0.22
12.830555555555556,-0.19
12.833333333333334,-0.165
12.83611111111111,-0.12
12.838888888888889,-0.085
12.841666666666667,-0.09
12.844444444444445,-0.095
12.847222222222221,-0.085
12.85,-0.065
12.852777777777778,-0.06
12.855555555555556,-0.08
12.858333333333333,-0.055
12.86111111111111,-0.025
12.863888888888889,-0.02
12.866666666666667,-0.045
12.869444444444444,-0.085
12.872222222222222,-0.135
12.875,-0.19
12.877777777777778,-0.2
12.880555555555556,-0.18
12.883333333333333,-0.155
12.886111111111111,-0.165
12.88888888888889,-0.175
12.891666666666667,-0.165
12.894444444444444,-0.15
12.897222222222222,-0.155
12.9,-0.16
12.902777777777779,-0.185
12.905555555555555,-0.22
12.908333333333333,-0.25
12.911111111111111,-0.26
12.91388888888889,-0.235
12.916666666666666,-0.225
12.919444444444444,-0.255
12.922222222222222,-0.31
12.925,-0.35
12.927777777777777,-0.335
12.930555555555555,-0.28
12.933333333333334,-0.24
12.936111111111112,-0.26
12.938888888888888,-0.29
12.941666666666666,-0.335
12.944444444444445,-0.345
12.947222222222223,-0.33
12.95,-0.315
12.952777777777778,-0.295
12.955555555555556,-0.275
12.958333333333334,-0.285
12.96111111111111,-0.32
12.963888888888889,-0.295
12.966666666666667,-0.265
12.969444444444445,-0.29
12.972222222222221,-0.33
12.975,-0.36
12.977777777777778,-0.35
12.980555555555556,-0.325
12.983333333333333,-0.335
12.98611111111111,-0.36
12.988888888888889,-0.35
12.991666666666667,-0.3
12.994444444444444,-0.28
12.997222222222222,-0.285
13.0,-0.315
13.002777777777778,-0.355
13.005555555555556,-0.35
13.008333333333333,-0.325
13.011111111111111,-0.315
13.01388888888889,-0.315
13.016666666666667,-0.315
13.019444444444444,-0.29
13.022222222222222,-0.305
13.025,-0.3
13.027777777777779,-0.295
13.030555555555555,-0.265
13.033333333333333,-0.23
13.036111111111111,-0.175
13.03888888888889,-0.115
13.041666666666666,-0.04
13.044444444444444,-0.01
13.047222222222222,-0.045
13.05,-0.125
13.052777777777777,-0.225
13.055555555555555,-0.36
13.058333333333334,-0.48
13.061111111111112,-0.54
13.063888888888888,-0.555
13.066666666666666,-0.525
13.069444444444445,-0.505
13.072222222222223,-0.53
13.075,-0.54
13.077777777777778,-0.53
13.080555555555556,-0.58
13.083333333333334,-0.595
13.08611111111111,-0.525
13.088888888888889,-0.37
13.091666666666667,-0.22
13.094444444444445,-0.065
13.097222222222221,0.09
13.1,0.24
13.102777777777778,0.385
13.105555555555556,0.51
13.108333333333333,0.585
13.11111111111111,0.655
13.113888888888889,0.68
13.116666666666667,0.69
13.119444444444444,0.675
13.122222222222222,0.65
13.125,0.595
13.127777777777778,0.535
13.130555555555556,0.44
13.133333333333333,0.3
13.136111111111111,0.13
13.13888888888889,-0.05
13.141666666666667,-0.21
13.144444444444444,-0.34
13.147222222222222,-0.43
13.15,-0.41
13.152777777777779,-0.405
13.155555555555555,-0.435
13.158333333333333,-0.47
13.161111111111111,-0.48
13.16388888888889,-0.48
13.166666666666666,-0.485
13.169444444444444,-0.505
13.172222222222222,-0.525
13.175,-0.51
13.177777777777777,-0.51
13.180555555555555,-0.485
13.183333333333334,-0.49
13.186111111111112,-0.48
13.188888888888888,-0.495
13.191666666666666,-0.51
13.194444444444445,-0.52
13.197222222222223,-0.51
13.2,-0.465
13.202777777777778,-0.455
13.205555555555556,-0.44
13.208333333333334,-0.44
13.21111111111111,-0.435
13.213888888888889,-0.42
13.216666666666667,-0.4
13.219444444444445,-0.375
13.222222222222221,-0.34
13.225,-0.32
13.227777777777778,-0.285
13.230555555555556,-0.22
13.233333333333333,-0.17
13.23611111111111,-0.145
13.238888888888889,-0.15
13.241666666666667,-0.155
13.244444444444444,-0.13
13.247222222222222,-0.085
13.25,-0.065
13.252777777777778,-0.08
13.255555555555556,-0.055
13.258333333333333,-0.015
13.261111111111111,0.025
13.26388888888889,0.055
13.266666666666667,0.085
13.269444444444444,0.1
13.272222222222222,0.11
13.275,0.105
13.277777777777779,0.12
13.280555555555555,0.14
13.283333333333333,0.16
13.286111111111111,0.14
13.28888888888889,0.12
13.291666666666666,0.09
13.294444444444444,0.085
13.297222222222222,0.075
13.3,0.075
13.302777777777777,0.04
13.305555555555555,0.015
13.308333333333334,0.005
13.311111111111112,-0.02
13.313888888888888,-0.035
13.316666666666666,-0.05
13.319444444444445,-0.08
13.322222222222223,-0.1
13.325,-0.12
13.327777777777778,-0.165
13.330555555555556,-0.17
13.333333333333334,-0.175
13.33611111111111,-0.175
13.338888888888889,-0.21
13.341666666666667,-0.245
13.344444444444445,-0.26
13.347222222222221,-0.255
13.35,-0.26
13.352777777777778,-0.275
13.355555555555556,-0.3
13.358333333333333,-0.295
13.36111111111111,-0.295
13.363888888888889,-0.275
13.366666666666667,-0.275
13.369444444444444,-0.275
13.372222222222222,-0.27
13.375,-0.26
13.377777777777778,-0.26
13.380555555555556,-0.25
13.383333333333333,-0.24
13.386111111111111,-0.23
13.38888888888889,-0.235
13.391666666666667,-0.24
13.394444444444444,-0.255
13.397222222222222,-0.24
13.4,-0.205
13.402777777777779,-0.195
13.405555555555555,-0.225
13.408333333333333,-0.235
13.411111111111111,-0.24
13.41388888888889,-0.22
13.416666666666666,-0.205
13.419444444444444,-0.215
13.422222222222222,-0.23
13.425,-0.235
13.427777777777777,-0.23
13.430555555555555,-0.225
13.433333333333334,-0.23
13.436111111111112,-0.23
13.438888888888888,-0.215
13.441666666666666,-0.185
13.444444444444445,-0.155
13.447222222222223,-0.14
13.45,-0.135
13.452777777777778,-0.115
13.455555555555556,-0.105
13.458333333333334,-0.085
13.46111111111111,-0.075
13.463888888888889,-0.05
13.466666666666667,0.0
13.469444444444445,0.135
13.472222222222221,0.325
13.475,0.525
13.477777777777778,0.71
13.480555555555556,0.805
13.483333333333333,0.87
13.48611111111111,0.965
13.488888888888889,1.07
13.491666666666667,1.11
13.494444444444444,1.11
13.497222222222222,1.125
13.5,1.125
13.502777777777778,1.08
13.505555555555556,0.995
13.508333333333333,0.87
13.511111111111111,0.745
13.51388888888889,0.58
13.516666666666667,0.36
13.519444444444444,0.12
13.522222222222222,-0.075
13.525,-0.285
13.527777777777779,-0.41
13.530555555555555,-0.485
13.533333333333333,-0.465
13.536111111111111,-0.465
13.53888888888889,-0.53
13.541666666666666,-0.58
13.544444444444444,-0.59
13.547222222222222,-0.565
13.55,-0.57
13.552777777777777,-0.6
13.555555555555555,-0.61
13.558333333333334,-0.615
13.561111111111112,-0.63
13.563888888888888,-0.63
13.566666666666666,-0.63
13.569444444444445,-0.6
13.572222222222223,-0.6
13.575,-0.62
13.577777777777778,-0.645
13.580555555555556,-0.63
13.583333333333334,-0.605
13.58611111111111,-0.59
13.588888888888889,-0.6
13.591666666666667,-0.6
13.594444444444445,-0.59
13.597222222222221,-0.56
13.6,-0.55
13.602777777777778,-0.535
13.605555555555556,-0.555
13.608333333333333,-0.565
13.61111111111111,-0.565
13.613888888888889,-0.545
13.616666666666667,-0.515
13.619444444444444,-0.5
13.622222222222222,-0.52
13.625,-0.525
13.627777777777778,-0.51
13.630555555555556,-0.49
13.633333333333333,-0.455
13.636111111111111,-0.465
13.63888888888889,-0.46
13.641666666666667,-0.46
13.644444444444444,-0.47
13.647222222222222,-0.45
13.65,-0.445
13.652777777777779,-0.44
13.655555555555555,-0.42
13.658333333333333,-0.405
13.661111111111111,-0.4
13.66388888888889,-0.33
13.666666666666666,-0.27
13.669444444444444,-0.24
13.672222222222222,-0.25
13.675,-0.27
13.677777777777777,-0.255
13.680555555555555,-0.22
13.683333333333334,-0.21
13.686111111111112,-0.19
13.688888888888888,-0.14
13.691666666666666,-0.095
13.694444444444445,-0.075
13.697222222222223,-0.125
13.7,-0.22
13.702777777777778,-0.265
13.705555555555556,-0.29
13.708333333333334,-0.28
13.71111111111111,-0.28
13.713888888888889,-0.275
13.716666666666667,-0.265
13.719444444444445,-0.26
13.722222222222221,-0.305
13.725,-0.33
13.727777777777778,-0.325
13.730555555555556,-0.3
13.733333333333333,-0.27
13.73611111111111,-0.275
13.738888888888889,-0.28
13.741666666666667,-0.285
13.744444444444444,-0.33
13.747222222222222,-0.33
13.75,-0.34
13.752777777777778,-0.355
13.755555555555556,-0.385
13.758333333333333,-0.38
13.761111111111111,-0.365
13.76388888888889,-0.325
13.766666666666667,-0.3
13.769444444444444,-0.295
13.772222222222222,-0.29
13.775,-0.3
13.777777777777779,-0.32
13.780555555555555,-0.395
13.783333333333333,-0.445
13.786111111111111,-0.455
13.78888888888889,-0.47
13.791666666666666,-0.49
13.794444444444444,-0.51
13.797222222222222,-0.475
13.8,-0.45
13.802777777777777,-0.41
13.805555555555555,-0.39
13.808333333333334,-0.36
13.811111111111112,-0.28
13.813888888888888,-0.195
13.816666666666666,-0.16
13.819444444444445,-0.185
13.822222222222223,-0.265
13.825,-0.355
13.827777777777778,-0.36
13.830555555555556,-0.36
13.833333333333334,-0.37
13.83611111111111,-0.415
13.838888888888889,-0.51
13.841666666666667,-0.605
13.844444444444445,-0.675
13.847222222222221,-0.685
13.85,-0.675
13.852777777777778,-0.635
13.855555555555556,-0.64
13.858333333333333,-0.68
13.86111111111111,-0.71
13.863888888888889,-0.69
13.866666666666667,-0.625
13.869444444444444,-0.56
13.872222222222222,-0.555
13.875,-0.57
13.877777777777778,-0.565
13.880555555555556,-0.545
13.883333333333333,-0.53
13.886111111111111,-0.525
13.88888888888889,-0.54
13.891666666666667,-0.555
13.894444444444444,-0.515
13.897222222222222,-0.465
13.9,-0.435
13.902777777777779,-0.44
13.905555555555555,-0.48
13.908333333333333,-0.475
13.911111111111111,-0.48
13.91388888888889,-0.48
13.916666666666666,-0.485
13.919444444444444,-0.495
13.922222222222222,-0.485
13.925,-0.5
13.927777777777777,-0.505
13.930555555555555,-0.52
13.933333333333334,-0.51
13.936111111111112,-0.5
13.938888888888888,-0.52
13.941666666666666,-0.54
13.944444444444445,-0.565
13.947222222222223,-0.565
13.95,-0.55
13.952777777777778,-0.535
13.955555555555556,-0.545
13.958333333333334,-0.57
13.96111111111111,-0.58
13.963888888888889,-0.58
13.966666666666667,-0.575
13.969444444444445,-0.61
13.972222222222221,-0.61
13.975,-0.615
13.977777777777778,-0.625
13.980555555555556,-0.625
13.983333333333333,-0.625
13.98611111111111,-0.63
13.988888888888889,-0.645
13.991666666666667,-0.665
13.994444444444444,-0.675
13.997222222222222,-0.65
14.0,-0.645
14.002777777777778,-0.615
14.005555555555556,-0.625
14.008333333333333,-0.635
14.011111111111111,-0.635
14.01388888888889,-0.63
14.016666666666667,-0.63
14.019444444444444,-0.63
14.022222222222222,-0.655
14.025,-0.66
14.027777777777779,-0.665
14.030555555555555,-0.66
14.033333333333333,-0.62
14.036111111111111,-0.58
14.03888888888889,-0.565
14.041666666666666,-0.59
14.044444444444444,-0.625
14.047222222222222,-0.645
14.05,-0.665
14.052777777777777,-0.685
14.055555555555555,-0.71
14.058333333333334,-0.715
14.061111111111112,-0.675
14.063888888888888,-0.62
14.066666666666666,-0.56
14.069444444444445,-0.535
14.072222222222223,-0.545
14.075,-0.585
14.077777777777778,-0.535
14.080555555555556,-0.43
14.083333333333334,-0.3
14.08611111111111,-0.245
14.088888888888889,-0.2
14.091666666666667,-0.135
14.094444444444445,0.01
14.097222222222221,0.235
14.1,0.49
14.102777777777778,0.69
14.105555555555556,0.795
14.108333333333333,0.83
14.11111111111111,0.85
14.113888888888889,0.91
14.116666666666667,0.955
14.119444444444444,0.96
14.122222222222222,0.93
14.125,0.835
14.127777777777778,0.73
14.130555555555556,0.61
14.133333333333333,0.485
14.136111111111111,0.255
14.13888888888889,-0.035
14.141666666666667,-0.305
14.144444444444444,-0.535
14.147222222222222,-0.715
14.15,-0.825
14.152777777777779,-0.855
14.155555555555555,-0.88
14.158333333333333,-0.92
14.161111111111111,-0.98
14.16388888888889,-1.0
14.166666666666666,-1.0
14.169444444444444,-0.995
14.172222222222222,-1.015
14.175,-1.04
14.177777777777777,-1.055
14.180555555555555,-1.075
14.183333333333334,-1.07
14.186111111111112,-1.09
14.188888888888888,-1.105
14.191666666666666,-1.15
14.194444444444445,-1.18
14.197222222222223,-1.17
14.2,-1.155
14.202777777777778,-1.13
14.205555555555556,-1.155
14.208333333333334,-1.155
14.21111111111111,-1.17
14.213888888888889,-1.16
14.216666666666667,-1.155
14.219444444444445,-1.14
14.222222222222221,-1.155
14.225,-1.16
14.227777777777778,-1.16
14.230555555555556,-1.16
14.233333333333333,-1.135
14.23611111111111,-1.135
14.238888888888889,-1.175
14.241666666666667,-1.175
14.244444444444444,-1.145
14.247222222222222,-1.12
14.25,-1.12
14.252777777777778,-1.125
14.255555555555556,-1.155
14.258333333333333,-1.15
14.261111111111111,-1.145
14.26388888888889,-1.125
14.266666666666667,-1.105
14.269444444444444,-1.1
14.272222222222222,-1.09
14.275,-1.105
14.277777777777779,-1.115
14.280555555555555,-1.085
14.283333333333333,-1.07
14.286111111111111,-1.07
14.28888888888889,-1.05
14.291666666666666,-1.04
14.294444444444444,-1.03
14.297222222222222,-1.025
14.3,-1.005
14.302777777777777,-0.975
14.305555555555555,-0.985
14.308333333333334,-0.97
14.311111111111112,-0.94
14.313888888888888,-0.915
14.316666666666666,-0.92
14.319444444444445,-0.89
14.322222222222223,-0.865
14.325,-0.86
14.327777777777778,-0.855
14.330555555555556,-0.87
14.333333333333334,-0.895
14.33611111111111,-0.875
14.338888888888889,-0.87
14.341666666666667,-0.91
14.344444444444445,-0.91
14.347222222222221,-0.9
14.35,-0.885
14.352777777777778,-0.87
14.355555555555556,-0.87
14.358333333333333,-0.885
14.36111111111111,-0.905
14.363888888888889,-0.905
14.366666666666667,-0.895
14.369444444444444,-0.9
14.372222222222222,-0.93
14.375,-0.94
14.377777777777778,-0.935
14.380555555555556,-0.92
14.383333333333333,-0.875
14.386111111111111,-0.865
14.38888888888889,-0.885
14.391666666666667,-0.895
14.394444444444444,-0.9
14.397222222222222,-0.885
14.4,-0.87
14.402777777777779,-0.875
14.405555555555555,-0.885
14.408333333333333,-0.895
14.411111111111111,-0.91
14.41388888888889,-0.92
14.416666666666666,-0.925
14.419444444444444,-0.935
14.422222222222222,-0.94
14.425,-0.955
14.427777777777777,-0.92
14.430555555555555,-0.915
14.433333333333334,-0.865
14.436111111111112,-0.88
14.438888888888888,-0.91
14.441666666666666,-0.95
14.444444444444445,-0.97
14.447222222222223,-0.975
14.45,-0.98
14.452777777777778,-1.005
14.455555555555556,-1.005
14.458333333333334,-0.99
14.46111111111111,-0.97
14.463888888888889,-0.97
14.466666666666667,-0.975
14.469444444444445,-1.02
14.472222222222221,-1.03
14.475,-1.03
14.477777777777778,-1.02
14.480555555555556,-0.98
14.483333333333333,-0.96
14.48611111111111,-0.98
14.488888888888889,-1.02
14.491666666666667,-1.045
14.494444444444444,-1.025
14.497222222222222,-1.015
14.5,-1.005
14.502777777777778,-1.0
14.505555555555556,-0.995
14.508333333333333,-0.99
14.511111111111111,-0.995
14.51388888888889,-1.005
14.516666666666667,-0.99
14.519444444444444,-0.995
14.522222222222222,-1.005
14.525,-1.03
14.527777777777779,-1.0
14.530555555555555,-0.94
14.533333333333333,-0.885
14.536111111111111,-0.89
14.53888888888889,-0.87
14.541666666666666,-0.805
14.544444444444444,-0.775
14.547222222222222,-0.7
14.55,-0.555
14.552777777777777,-0.335
14.555555555555555,-0.08
14.558333333333334,0.215
14.561111111111112,0.505
14.563888888888888,0.695
14.566666666666666,0.77
14.569444444444445,0.815
14.572222222222223,0.895
14.575,0.92
14.577777777777778,0.885
14.580555555555556,0.855
14.583333333333334,0.76
14.58611111111111,0.63
14.588888888888889,0.41
14.591666666666667,0.135
14.594444444444445,-0.13
14.597222222222221,-0.39
14.6,-0.645
14.602777777777778,-0.915
14.605555555555556,-1.14
14.608333333333333,-1.255
14.61111111111111,-1.275
14.613888888888889,-1.28
14.616666666666667,-1.29
14.619444444444444,-1.295
14.622222222222222,-1.335
14.625,-1.37
14.627777777777778,-1.365
14.630555555555556,-1.355
14.633333333333333,-1.33
14.636111111111111,-1.345
14.63888888888889,-1.355
14.641666666666667,-1.375
14.644444444444444,-1.405
14.647222222222222,-1.405
14.65,-1.38
14.652777777777779,-1.37
14.655555555555555,-1.395
14.658333333333333,-1.435
14.661111111111111,-1.42
14.66388888888889,-1.39
14.666666666666666,-1.355
14.669444444444444,-1.355
14.672222222222222,-1.37
14.675,-1.38
14.677777777777777,-1.38
14.680555555555555,-1.355
14.683333333333334,-1.355
14.686111111111112,-1.345
14.688888888888888,-1.37
14.691666666666666,-1.375
14.694444444444445,-1.37
14.697222222222223,-1.345
14.7,-1.305
14.702777777777778,-1.295
14.705555555555556,-1.3
14.708333333333334,-1.285
14.71111111111111,-1.28
14.713888888888889,-1.245
14.716666666666667,-1.24
14.719444444444445,-1.215
14.722222222222221,-1.205
14.725,-1.23
14.727777777777778,-1.23
14.730555555555556,-1.195
14.733333333333333,-1.17
14.73611111111111,-1.145
14.738888888888889,-1.135
14.741666666666667,-1.14
14.744444444444444,-1.12
14.747222222222222,-1.11
14.75,-1.11
14.752777777777778,-1.1
14.755555555555556,-1.065
14.758333333333333,-1.01
14.761111111111111,-0.975
14.76388888888889,-0.95
14.766666666666667,-0.95
14.769444444444444,-0.955
14.772222222222222,-0.98
14.775,-1.0
14.777777777777779,-1.0
14.780555555555555,-0.985
14.783333333333333,-0.975
14.786111111111111,-0.975
14.78888888888889,-0.985
14.791666666666666,-1.0
14.794444444444444,-1.015
14.797222222222222,-1.055
14.8,-1.03
14.802777777777777,-1.02
14.805555555555555,-1.025
14.808333333333334,-1.045
14.811111111111112,-1.05
14.813888888888888,-1.075
14.816666666666666,-1.075
14.819444444444445,-1.085
14.822222222222223,-1.08
14.825,-1.08
14.827777777777778,-1.085
14.830555555555556,-1.08
14.833333333333334,-1.07
14.83611111111111,-1.045
14.838888888888889,-1.065
14.841666666666667,-1.07
14.844444444444445,-1.07
14.847222222222221,-1.055
14.85,-1.055
14.852777777777778,-1.045
14.855555555555556,-1.06
14.858333333333333,-1.06
14.86111111111111,-1.055
14.863888888888889,-1.035
14.866666666666667,-1.025
14.869444444444444,-1.06
14.872222222222222,-1.065
14.875,-1.075
14.877777777777778,-1.06
14.880555555555556,-1.03
14.883333333333333,-1.01
14.886111111111111,-1.01
14.88888888888889,-0.995
14.891666666666667,-1.01
14.894444444444444,-1.02
14.897222222222222,-1.03
14.9,-1.025
14.902777777777779,-1.035
14.905555555555555,-1.075
14.908333333333333,-1.105
14.911111111111111,-1.09
14.91388888888889,-1.055
14.916666666666666,-1.045
14.919444444444444,-1.07
14.922222222222222,-1.1
14.925,-1.11
14.927777777777777,-1.085
14.930555555555555,-1.065
14.933333333333334,-1.05
14.936111111111112,-1.065
14.938888888888888,-1.07
14.941666666666666,-1.085
14.944444444444445,-1.085
14.947222222222223,-1.07
14.95,-1.055
14.952777777777778,-1.05
14.955555555555556,-1.045
14.958333333333334,-1.055
14.96111111111111,-1.04
14.963888888888889,-1.01
14.966666666666667,-0.99
14.969444444444445,-0.995
14.972222222222221,-0.995
14.975,-1.005
14.977777777777778,-1.015
14.980555555555556,-0.995
14.983333333333333,-0.98
14.98611111111111,-0.95
14.988888888888889,-0.935
14.991666666666667,-0.945
14.994444444444444,-0.945
14.997222222222222,-0.935
15.0,-0.905
15.002777777777778,-0.895
15.005555555555556,-0.895
15.008333333333333,-0.915
15.011111111111111,-0.915
15.01388888888889,-0.89
15.016666666666667,-0.89
15.019444444444444,-0.865
15.022222222222222,-0.87
15.025,-0.88
15.027777777777779,-0.88
15.030555555555555,-0.855
15.033333333333333,-0.83
15.036111111111111,-0.81
15.03888888888889,-0.845
15.041666666666666,-0.845
15.044444444444444,-0.8
15.047222222222222,-0.735
15.05,-0.68
15.052777777777777,-0.665
15.055555555555555,-0.63
15.058333333333334,-0.56
15.061111111111112,-0.46
15.063888888888888,-0.355
15.066666666666666,-0.24
15.069444444444445,-0.105
15.072222222222223,0.09
15.075,0.325
15.077777777777778,0.575
15.080555555555556,0.835
15.083333333333334,1.005
15.08611111111111,1.08
15.088888888888889,1.075
15.091666666666667,1.085
15.094444444444445,1.105
15.097222222222221,1.095
15.1,1.07
15.102777777777778,0.99
15.105555555555556,0.835
15.108333333333333,0.67
15.11111111111111,0.465
15.113888888888889,0.21
15.116666666666667,-0.055
15.119444444444444,-0.345
15.122222222222222,-0.59
15.125,-0.805
15.127777777777778,-0.935
15.130555555555556,-0.95
15.133333333333333,-0.92
15.136111111111111,-0.93
15.13888888888889,-0.965
15.141666666666667,-1.005
15.144444444444444,-1.015
15.147222222222222,-1.035
15.15,-1.035
15.152777777777779,-1.035
15.155555555555555,-1.055
15.158333333333333,-1.055
15.161111111111111,-1.04
15.16388888888889,-1.03
15.166666666666666,-1.03
15.169444444444444,-1.045
15.172222222222222,-1.045
15.175,-1.05
15.177777777777777,-1.04
15.180555555555555,-1.055
15.183333333333334,-1.045
15.186111111111112,-1.03
15.188888888888888,-1.03
15.191666666666666,-1.04
15.194444444444445,-1.04
15.197222222222223,-1.025
15.2,-0.995
15.202777777777778,-0.99
15.205555555555556,-1.015
15.208333333333334,-1.025
15.21111111111111,-1.015
15.213888888888889,-0.995
15.216666666666667,-0.985
15.219444444444445,-0.975
15.222222222222221,-0.995
15.225,-1.01
15.227777777777778,-1.015
15.230555555555556,-1.015
15.233333333333333,-0.99
15.23611111111111,-0.985
15.238888888888889,-0.995
15.241666666666667,-0.99
15.244444444444444,-1.01
15.247222222222222,-0.98
15.25,-0.965
15.252777777777778,-0.955
15.255555555555556,-0.95
15.258333333333333,-0.94
15.261111111111111,-0.915
15.26388888888889,-0.88
15.266666666666667,-0.83
15.269444444444444,-0.805
15.272222222222222,-0.8
15.275,-0.795
15.277777777777779,-0.77
15.280555555555555,-0.74
15.283333333333333,-0.715
15.286111111111111,-0.695
15.28888888888889,-0.68
15.291666666666666,-0.65
15.294444444444444,-0.635
15.297222222222222,-0.62
15.3,-0.585
15.302777777777777,-0.595
15.305555555555555,-0.595
15.308333333333334,-0.615
15.311111111111112,-0.6
15.313888888888888,-0.58
15.316666666666666,-0.545
15.319444444444445,-0.545
15.322222222222223,-0.57
15.325,-0.575
15.327777777777778,-0.575
15.330555555555556,-0.56
15.333333333333334,-0.56
15.33611111111111,-0.55
15.338888888888889,-0.545
15.341666666666667,-0.55
15.344444444444445,-0.55
15.347222222222221,-0.555
15.35,-0.52
15.352777777777778,-0.53
15.355555555555556,-0.555
15.358333333333333,-0.555
15.36111111111111,-0.55
15.363888888888889,-0.53
15.366666666666667,-0.51
15.369444444444444,-0.515
15.372222222222222,-0.515
15.375,-0.535
15.377777777777778,-0.54
15.380555555555556,-0.535
15.383333333333333,-0.505
15.386111111111111,-0.485
15.38888888888889,-0.49
15.391666666666667,-0.525
15.394444444444444,-0.56
15.397222222222222,-0.56
15.4,-0.545
15.402777777777779,-0.555
15.405555555555555,-0.59
15.408333333333333,-0.565
15.411111111111111,-0.55
15.41388888888889,-0.51
15.416666666666666,-0.5
15.419444444444444,-0.52
15.422222222222222,-0.525
15.425,-0.53
15.427777777777777,-0.525
15.430555555555555,-0.52
15.433333333333334,-0.515
15.436111111111112,-0.51
15.438888888888888,-0.495
15.441666666666666,-0.51
15.444444444444445,-0.505
15.447222222222223,-0.495
15.45,-0.455
15.452777777777778,-0.45
15.455555555555556,-0.465
15.458333333333334,-0.46
15.46111111111111,-0.445
15.463888888888889,-0.445
15.466666666666667,-0.45
15.469444444444445,-0.46
15.472222222222221,-0.455
15.475,-0.43
15.477777777777778,-0.42
15.480555555555556,-0.42
15.483333333333333,-0.4
15.48611111111111,-0.385
15.488888888888889,-0.365
15.491666666666667,-0.365
15.494444444444444,-0.35
15.497222222222222,-0.35
15.5,-0.355
15.502777777777778,-0.34
15.505555555555556,-0.345
15.508333333333333,-0.345
15.511111111111111,-0.35
15.51388888888889,-0.335
15.516666666666667,-0.325
15.519444444444444,-0.32
15.522222222222222,-0.345
15.525,-0.385
15.527777777777779,-0.41
15.530555555555555,-0.405
15.533333333333333,-0.38
15.536111111111111,-0.35
15.53888888888889,-0.355
15.541666666666666,-0.36
15.544444444444444,-0.38
15.547222222222222,-0.395
15.55,-0.38
15.552777777777777,-0.37
15.555555555555555,-0.39
15.558333333333334,-0.41
15.561111111111112,-0.415
15.563888888888888,-0.385
15.566666666666666,-0.36
15.569444444444445,-0.395
15.572222222222223,-0.41
15.575,-0.385
15.577777777777778,-0.355
15.580555555555556,-0.335
15.583333333333334,-0.335
15.58611111111111,-0.345
15.588888888888889,-0.37
15.591666666666667,-0.365
15.594444444444445,-0.35
15.597222222222221,-0.315
15.6,-0.295
15.602777777777778,-0.31
15.605555555555556,-0.33
15.608333333333333,-0.32
15.61111111111111,-0.295
15.613888888888889,-0.29
15.616666666666667,-0.285
15.619444444444444,-0.29
15.622222222222222,-0.285
15.625,-0.295
15.627777777777778,-0.26
15.630555555555556,-0.215
15.633333333333333,-0.19
15.636111111111111,-0.21
15.63888888888889,-0.245
15.641666666666667,-0.25
15.644444444444444,-0.215
15.647222222222222,-0.17
15.65,-0.1
15.652777777777779,-0.065
15.655555555555555,-0.015
15.658333333333333,0.08
15.661111111111111,0.21
15.66388888888889,0.345
15.666666666666666,0.46
15.669444444444444,0.59
15.672222222222222,0.765
15.675,1.0
15.677777777777777,1.26
15.680555555555555,1.48
15.683333333333334,1.625
15.686111111111112,1.665
15.688888888888888,1.665
15.691666666666666,1.69
15.694444444444445,1.7
15.697222222222223,1.675
15.7,1.61
15.702777777777778,1.445
15.705555555555556,1.27
15.708333333333334,1.09
15.71111111111111,0.865
15.713888888888889,0.63
15.716666666666667,0.38
15.719444444444445,0.125
15.722222222222221,-0.13
15.725,-0.325
15.727777777777778,-0.37
15.730555555555556,-0.365
15.733333333333333,-0.355
15.73611111111111,-0.375
15.738888888888889,-0.405
15.741666666666667,-0.43
15.744444444444444,-0.465
15.747222222222222,-0.49
15.75,-0.46
15.752777777777778,-0.44
15.755555555555556,-0.465
15.758333333333333,-0.48
15.761111111111111,-0.505
15.76388888888889,-0.485
15.766666666666667,-0.485
15.769444444444444,-0.505
15.772222222222222,-0.52
15.775,-0.52
15.777777777777779,-0.495
15.780555555555555,-0.48
15.783333333333333,-0.475
15.786111111111111,-0.46
15.78888888888889,-0.465
15.791666666666666,-0.47
15.794444444444444,-0.48
15.797222222222222,-0.465
15.8,-0.44
15.802777777777777,-0.45
15.805555555555555,-0.415
15.808333333333334,-0.425
15.811111111111112,-0.395
15.813888888888888,-0.385
15.816666666666666,-0.395
15.819444444444445,-0.36
15.822222222222223,-0.36
15.825,-0.35
15.827777777777778,-0.36
15.830555555555556,-0.32
15.833333333333334,-0.285
15.83611111111111,-0.285
15.838888888888889,-0.29
15.841666666666667,-0.31
15.844444444444445,-0.3
15.847222222222221,-0.27
15.85,-0.25
15.852777777777778,-0.255
15.855555555555556,-0.245
15.858333333333333,-0.25
15.86111111111111,-0.225
15.863888888888889,-0.2
15.866666666666667,-0.17
15.869444444444444,-0.15
15.872222222222222,-0.12
15.875,-0.115
15.877777777777778,-0.105
15.880555555555556,-0.065
15.883333333333333,-0.02
15.886111111111111,-0.02
15.88888888888889,-0.015
15.891666666666667,-0.005
15.894444444444444,0.035
15.897222222222222,0.055
15.9,0.055
15.902777777777779,0.05
15.905555555555555,0.075
15.908333333333333,0.09
15.911111111111111,0.095
15.91388888888889,0.115
15.916666666666666,0.115
15.919444444444444,0.085
15.922222222222222,0.065
15.925,0.03
15.927777777777777,0.03
15.930555555555555,0.055
15.933333333333334,0.055
15.936111111111112,0.07
15.938888888888888,0.045
15.941666666666666,0.03
15.944444444444445,0.015
15.947222222222223,0.035
15.95,0.04
15.952777777777778,0.04
15.955555555555556,0.03
15.958333333333334,0.005
15.96111111111111,0.005
15.963888888888889,0.005
15.966666666666667,0.035
15.969444444444445,0.06
15.972222222222221,0.075
15.975,0.03
15.977777777777778,0.03
15.980555555555556,0.03
15.983333333333333,0.06
15.98611111111111,0.05
15.988888888888889,0.035
15.991666666666667,0.055
15.994444444444444,0.095
15.997222222222222,0.105
16.0,0.12
16.002777777777776,0.105
16.005555555555556,0.12
16.008333333333333,0.135
16.011111111111113,0.11
16.01388888888889,0.11
16.016666666666666,0.11
16.019444444444446,0.11
16.022222222222222,0.1
16.025,0.08
16.02777777777778,0.095
16.030555555555555,0.13
16.033333333333335,0.16
16.03611111111111,0.155
16.038888888888888,0.15
16.041666666666668,0.2
16.044444444444444,0.28
16.04722222222222,0.33
16.05,0.33
16.052777777777777,0.305
16.055555555555557,0.335
16.058333333333334,0.34
16.06111111111111,0.37
16.06388888888889,0.425
16.066666666666666,0.515
16.069444444444443,0.67
16.072222222222223,0.855
16.075,1.08
16.07777777777778,1.29
16.080555555555556,1.485
16.083333333333332,1.545
16.086111111111112,1.6
16.08888888888889,1.675
16.091666666666665,1.725
16.094444444444445,1.715
16.09722222222222,1.68
16.1,1.64
16.102777777777778,1.54
16.105555555555554,1.39
16.108333333333334,1.225
16.11111111111111,1.08
16.113888888888887,0.875
16.116666666666667,0.655
16.119444444444444,0.425
16.122222222222224,0.22
16.125,0.095
16.127777777777776,0.01
16.130555555555556,-0.01
16.133333333333333,-0.02
16.136111111111113,-0.075
16.13888888888889,-0.105
16.141666666666666,-0.145
16.144444444444446,-0.16
16.147222222222222,-0.145
16.15,-0.155
16.15277777777778,-0.185
16.155555555555555,-0.22
16.158333333333335,-0.235
16.16111111111111,-0.215
16.163888888888888,-0.205
16.166666666666668,-0.185
16.169444444444444,-0.195
16.17222222222222,-0.23
16.175,-0.23
16.177777777777777,-0.255
16.180555555555557,-0.235
16.183333333333334,-0.225
16.18611111111111,-0.23
16.18888888888889,-0.245
16.191666666666666,-0.23
16.194444444444443,-0.2
16.197222222222223,-0.195
16.2,-0.185
16.20277777777778,-0.185
16.205555555555556,-0.17
16.208333333333332,-0.185
16.211111111111112,-0.19
16.21388888888889,-0.17
16.216666666666665,-0.14
16.219444444444445,-0.12
16.22222222222222,-0.125
16.225,-0.125
16.227777777777778,-0.12
16.230555555555554,-0.11
16.233333333333334,-0.085
16.23611111111111,-0.07
16.238888888888887,-0.045
16.241666666666667,-0.02
16.244444444444444,-0.015
16.247222222222224,0.015
16.25,0.05
16.252777777777776,0.08
16.255555555555556,0.065
16.258333333333333,0.075
16.261111111111113,0.12
16.26388888888889,0.17
16.266666666666666,0.2
16.269444444444446,0.2
16.272222222222222,0.2
16.275,0.205
16.27777777777778,0.235
16.280555555555555,0.25
16.283333333333335,0.28
16.28611111111111,0.29
16.288888888888888,0.28
16.291666666666668,0.295
16.294444444444444,0.3
16.29722222222222,0.31
16.3,0.27
16.302777777777777,0.245
16.305555555555557,0.235
16.308333333333334,0.225
16.31111111111111,0.205
16.31388888888889,0.185
16.316666666666666,0.2
16.319444444444443,0.18
16.322222222222223,0.175
16.325,0.16
16.32777777777778,0.165
16.330555555555556,0.18
16.333333333333332,0.195
16.336111111111112,0.195
16.33888888888889,0.18
16.341666666666665,0.18
16.344444444444445,0.17
16.34722222222222,0.175
16.35,0.18
16.352777777777778,0.18
16.355555555555554,0.185
16.358333333333334,0.185
16.36111111111111,0.2
16.363888888888887,0.235
16.366666666666667,0.26
16.369444444444444,0.25
16.372222222222224,0.24
16.375,0.215
16.377777777777776,0.21
16.380555555555556,0.215
16.383333333333333,0.23
16.386111111111113,0.205
16.38888888888889,0.19
16.391666666666666,0.17
16.394444444444446,0.18
16.397222222222222,0.185
16.4,0.18
16.40277777777778,0.165
16.405555555555555,0.165
16.408333333333335,0.15
16.41111111111111,0.13
16.413888888888888,0.14
16.416666666666668,0.165
16.419444444444444,0.175
16.42222222222222,0.165
16.425,0.135
16.427777777777777,0.115
16.430555555555557,0.135
16.433333333333334,0.165
16.43611111111111,0.17
16.43888888888889,0.12
16.441666666666666,0.08
16.444444444444443,0.11
16.447222222222223,0.175
16.45,0.215
16.45277777777778,0.2
16.455555555555556,0.16
16.458333333333332,0.125
16.461111111111112,0.095
16.46388888888889,0.1
16.466666666666665,0.11
16.469444444444445,0.125
16.47222222222222,0.125
16.475,0.11
16.477777777777778,0.08
16.480555555555554,0.1
16.483333333333334,0.13
16.48611111111111,0.16
16.488888888888887,0.175
16.491666666666667,0.155
16.494444444444444,0.155
16.497222222222224,0.15
16.5,0.165
16.502777777777776,0.165
16.505555555555556,0.155
16.508333333333333,0.14
16.511111111111113,0.135
16.51388888888889,0.14
16.516666666666666,0.16
16.519444444444446,0.155
16.522222222222222,0.145
16.525,0.13
16.52777777777778,0.125
16.530555555555555,0.155
16.533333333333335,0.19
16.53611111111111,0.195
16.538888888888888,0.175
16.541666666666668,0.145
16.544444444444444,0.125
16.54722222222222,0.12
16.55,0.115
16.552777777777777,0.13
16.555555555555557,0.135
16.558333333333334,0.125
16.56111111111111,0.11
16.56388888888889,0.13
16.566666666666666,0.15
16.569444444444443,0.15
16.572222222222223,0.105
16.575,0.095
16.57777777777778,0.095
16.580555555555556,0.095
16.583333333333332,0.08
16.586111111111112,0.085
16.58888888888889,0.075
16.591666666666665,0.075
16.594444444444445,0.07
16.59722222222222,0.08
16.6,0.1
16.602777777777778,0.08
16.605555555555554,0.065
16.608333333333334,0.055
16.61111111111111,0.075
16.613888888888887,0.095
16.616666666666667,0.12
16.619444444444444,0.105
16.622222222222224,0.1
16.625,0.095
16.627777777777776,0.075
16.630555555555556,0.1
16.633333333333333,0.125
16.636111111111113,0.115
16.63888888888889,0.09
16.641666666666666,0.08
16.644444444444446,0.075
16.647222222222222,0.085
16.65,0.1
16.65277777777778,0.085
16.655555555555555,0.085
16.658333333333335,0.1
16.66111111111111,0.09
16.663888888888888,0.115
16.666666666666668,0.15
16.669444444444444,0.16
16.67222222222222,0.15
16.675,0.12
16.677777777777777,0.125
16.680555555555557,0.13
16.683333333333334,0.17
16.68611111111111,0.19
16.68888888888889,0.195
16.691666666666666,0.19
16.694444444444443,0.16
16.697222222222223,0.165
16.7,0.195
16.70277777777778,0.185
16.705555555555556,0.21
16.708333333333332,0.27
16.711111111111112,0.33
16.71388888888889,0.385
16.716666666666665,0.47
16.719444444444445,0.565
16.72222222222222,0.62
16.725,0.675
16.727777777777778,0.745
16.730555555555554,0.91
16.733333333333334,1.145
16.73611111111111,1.42
16.738888888888887,1.64
16.741666666666667,1.745
16.744444444444444,1.77
16.747222222222224,1.795
16.75,1.83
16.752777777777776,1.83
16.755555555555556,1.785
16.758333333333333,1.67
16.761111111111113,1.51
16.76388888888889,1.355
16.766666666666666,1.225
16.769444444444446,1.055
16.772222222222222,0.805
16.775,0.53
16.77777777777778,0.305
16.780555555555555,0.115
16.783333333333335,-0.035
16.78611111111111,-0.11
16.788888888888888,-0.105
16.791666666666668,-0.125
16.794444444444444,-0.165
16.79722222222222,-0.165
16.8,-0.175
16.802777777777777,-0.2
16.805555555555557,-0.235
16.808333333333334,-0.27
16.81111111111111,-0.285
16.81388888888889,-0.305
16.816666666666666,-0.3
16.819444444444443,-0.31
16.822222222222223,-0.34
16.825,-0.365
16.82777777777778,-0.385
16.830555555555556,-0.385
16.833333333333332,-0.365
16.836111111111112,-0.38
16.83888888888889,-0.38
16.841666666666665,-0.37
16.844444444444445,-0.355
16.84722222222222,-0.35
16.85,-0.34
16.852777777777778,-0.35
16.855555555555554,-0.345
16.858333333333334,-0.38
16.86111111111111,-0.355
16.863888888888887,-0.33
16.866666666666667,-0.3
16.869444444444444,-0.3
16.872222222222224,-0.32
16.875,-0.35
16.877777777777776,-0.36
16.880555555555556,-0.34
16.883333333333333,-0.315
16.886111111111113,-0.325
16.88888888888889,-0.355
16.891666666666666,-0.35
16.894444444444446,-0.335
16.897222222222222,-0.315
16.9,-0.305
16.90277777777778,-0.325
16.905555555555555,-0.32
16.908333333333335,-0.33
16.91111111111111,-0.32
16.913888888888888,-0.325
16.916666666666668,-0.28
16.919444444444444,-0.285
16.92222222222222,-0.3
16.925,-0.315
16.927777777777777,-0.305
16.930555555555557,-0.29
16.933333333333334,-0.245
16.93611111111111,-0.245
16.93888888888889,-0.245
16.941666666666666,-0.245
16.944444444444443,-0.225
16.947222222222223,-0.205
16.95,-0.155
16.95277777777778,-0.13
16.955555555555556,-0.125
16.958333333333332,-0.12
16.961111111111112,-0.1
16.96388888888889,-0.05
16.966666666666665,-0.01
16.969444444444445,0.015
16.97222222222222,0.015
16.975,-0.005
16.977777777777778,-0.01
16.980555555555554,0.025
16.983333333333334,0.04
16.98611111111111,0.045
16.988888888888887,0.025
16.991666666666667,0.025
16.994444444444444,0.025
16.997222222222224,0.045
17.0,0.075
17.002777777777776,0.05
17.005555555555556,0.045
17.008333333333333,0.045
17.011111111111113,0.03
17.01388888888889,0.04
17.016666666666666,0.06
17.019444444444446,0.065
17.022222222222222,0.05
17.025,0.045
17.02777777777778,0.045
17.030555555555555,0.07
17.033333333333335,0.075
17.03611111111111,0.07
17.038888888888888,0.06
17.041666666666668,0.055
17.044444444444444,0.07
17.04722222222222,0.075
17.05,0.075
17.052777777777777,0.075
17.055555555555557,0.07
17.058333333333334,0.065
17.06111111111111,0.07
17.06388888888889,0.085
17.066666666666666,0.12
17.069444444444443,0.12
17.072222222222223,0.1
17.075,0.075
17.07777777777778,0.11
17.080555555555556,0.135
17.083333333333332,0.125
17.086111111111112,0.125
17.08888888888889,0.11
17.091666666666665,0.1
17.094444444444445,0.09
17.09722222222222,0.08
17.1,0.11
17.102777777777778,0.09
17.105555555555554,0.085
17.108333333333334,0.075
17.11111111111111,0.08
17.113888888888887,0.095
17.116666666666667,0.125
17.119444444444444,0.095
17.122222222222224,0.09
17.125,0.095
17.127777777777776,0.105
17.130555555555556,0.11
17.133333333333333,0.115
17.136111111111113,0.115
17.13888888888889,0.1
17.141666666666666,0.085
17.144444444444446,0.07
17.147222222222222,0.075
17.15,0.09
17.15277777777778,0.06
17.155555555555555,0.05
17.158333333333335,0.045
17.16111111111111,0.04
17.163888888888888,0.05
17.166666666666668,0.045
17.169444444444444,0.015
17.17222222222222,0.03
17.175,0.065
17.177777777777777,0.13
17.180555555555557,0.205
17.183333333333334,0.29
17.18611111111111,0.345
17.18888888888889,0.365
17.191666666666666,0.41
17.194444444444443,0.51
17.197222222222223,0.66
17.2,0.9
17.20277777777778,1.18
17.205555555555556,1.51
17.208333333333332,1.755
17.211111111111112,1.855
17.21388888888889,1.89
17.216666666666665,1.925
17.219444444444445,1.945
17.22222222222222,1.935
17.225,1.875
17.227777777777778,1.795
17.230555555555554,1.68
17.233333333333334,1.54
17.23611111111111,1.34
17.238888888888887,1.16
17.241666666666667,0.95
17.244444444444444,0.7
17.247222222222224,0.48
17.25,0.26
17.252777777777776,0.035
17.255555555555556,-0.135
17.258333333333333,-0.205
17.261111111111113,-0.215
17.26388888888889,-0.205
17.266666666666666,-0.23
17.269444444444446,-0.29
17.272222222222222,-0.36
17.275,-0.37
17.27777777777778,-0.38
17.280555555555555,-0.365
17.283333333333335,-0.37
17.28611111111111,-0.365
17.288888888888888,-0.385
17.291666666666668,-0.41
17.294444444444444,-0.45
17.29722222222222,-0.465
17.3,-0.46
17.302777777777777,-0.44
17.305555555555557,-0.46
17.308333333333334,-0.48
17.31111111111111,-0.495
17.31388888888889,-0.485
17.316666666666666,-0.475
17.319444444444443,-0.46
17.322222222222223,-0.44
17.325,-0.44
17.32777777777778,-0.455
17.330555555555556,-0.45
17.333333333333332,-0.445
17.336111111111112,-0.43
17.33888888888889,-0.435
17.341666666666665,-0.43
17.344444444444445,-0.415
17.34722222222222,-0.375
17.35,-0.335
17.352777777777778,-0.315
17.355555555555554,-0.295
17.358333333333334,-0.28
17.36111111111111,-0.285
17.363888888888887,-0.285
17.366666666666667,-0.3
17.369444444444444,-0.29
17.372222222222224,-0.275
17.375,-0.28
17.377777777777776,-0.26
17.380555555555556,-0.235
17.383333333333333,-0.23
17.386111111111113,-0.24
17.38888888888889,-0.285
17.391666666666666,-0.315
17.394444444444446,-0.325
17.397222222222222,-0.31
17.4,-0.25
17.40277777777778,-0.21
17.405555555555555,-0.18
17.408333333333335,-0.165
17.41111111111111,-0.145
17.413888888888888,-0.1
17.416666666666668,-0.07
17.419444444444444,-0.055
17.42222222222222,-0.065
17.425,-0.065
17.427777777777777,-0.05
17.430555555555557,-0.015
17.433333333333334,0.005
17.43611111111111,-0.015
17.43888888888889,0.005
17.441666666666666,-0.02
17.444444444444443,-0.03
17.447222222222223,-0.04
17.45,-0.045
17.45277777777778,-0.055
17.455555555555556,-0.08
17.458333333333332,-0.095
17.461111111111112,-0.09
17.46388888888889,-0.085
17.466666666666665,-0.075
17.469444444444445,-0.105
17.47222222222222,-0.13
17.475,-0.135
17.477777777777778,-0.07
17.480555555555554,-0.02
17.483333333333334,0.02
17.48611111111111,-0.03
17.488888888888887,-0.105
17.491666666666667,-0.17
17.494444444444444,-0.2
17.497222222222224,-0.205
17.5,-0.185
17.502777777777776,-0.19
17.505555555555556,-0.24
17.508333333333333,-0.28
17.511111111111113,-0.305
17.51388888888889,-0.285
17.516666666666666,-0.23
17.519444444444446,-0.21
17.522222222222222,-0.225
17.525,-0.23
17.52777777777778,-0.24
17.530555555555555,-0.22
17.533333333333335,-0.195
17.53611111111111,-0.2
17.538888888888888,-0.225
17.541666666666668,-0.22
17.544444444444444,-0.195
17.54722222222222,-0.19
17.55,-0.195
17.552777777777777,-0.195
17.555555555555557,-0.205
17.558333333333334,-0.22
17.56111111111111,-0.215
17.56388888888889,-0.225
17.566666666666666,-0.205
17.569444444444443,-0.22
17.572222222222223,-0.225
17.575,-0.235
17.57777777777778,-0.265
17.580555555555556,-0.25
17.583333333333332,-0.235
17.586111111111112,-0.235
17.58888888888889,-0.255
17.591666666666665,-0.26
17.594444444444445,-0.255
17.59722222222222,-0.255
17.6,-0.245
17.602777777777778,-0.24
17.605555555555554,-0.225
17.608333333333334,-0.235
17.61111111111111,-0.24
17.613888888888887,-0.24
17.616666666666667,-0.215
17.619444444444444,-0.225
17.622222222222224,-0.25
17.625,-0.255
17.627777777777776,-0.24
17.630555555555556,-0.23
17.633333333333333,-0.225
17.636111111111113,-0.23
17.63888888888889,-0.22
17.641666666666666,-0.22
17.644444444444446,-0.215
17.647222222222222,-0.205
17.65,-0.2
17.65277777777778,-0.215
17.655555555555555,-0.225
17.658333333333335,-0.245
17.66111111111111,-0.24
17.663888888888888,-0.23
17.666666666666668,-0.25
17.669444444444444,-0.29
17.67222222222222,-0.31
17.675,-0.315
17.677777777777777,-0.305
17.680555555555557,-0.3
17.683333333333334,-0.28
17.68611111111111,-0.265
17.68888888888889,-0.275
17.691666666666666,-0.285
17.694444444444443,-0.28
17.697222222222223,-0.285
17.7,-0.285
17.70277777777778,-0.29
17.705555555555556,-0.305
17.708333333333332,-0.305
17.711111111111112,-0.3
17.71388888888889,-0.305
17.716666666666665,-0.31
17.719444444444445,-0.31
17.72222222222222,-0.32
17.725,-0.325
17.727777777777778,-0.305
17.730555555555554,-0.28
17.733333333333334,-0.275
17.73611111111111,-0.28
17.738888888888887,-0.26
17.741666666666667,-0.25
17.744444444444444,-0.26
17.747222222222224,-0.275
17.75,-0.305
17.752777777777776,-0.305
17.755555555555556,-0.29
17.758333333333333,-0.3
17.761111111111113,-0.315
17.76388888888889,-0.305
17.766666666666666,-0.28
17.769444444444446,-0.305
17.772222222222222,-0.315
17.775,-0.34
17.77777777777778,-0.33
17.780555555555555,-0.31
17.783333333333335,-0.285
17.78611111111111,-0.275
17.788888888888888,-0.255
17.791666666666668,-0.26
17.794444444444444,-0.29
17.79722222222222,-0.29
17.8,-0.28
17.802777777777777,-0.245
17.805555555555557,-0.255
17.808333333333334,-0.27
17.81111111111111,-0.26
17.81388888888889,-0.25
17.816666666666666,-0.255
17.819444444444443,-0.245
17.822222222222223,-0.22
17.825,-0.14
17.82777777777778,-0.045
17.830555555555556,0.055
17.833333333333332,0.14
17.836111111111112,0.205
17.83888888888889,0.25
17.841666666666665,0.285
17.844444444444445,0.355
17.84722222222222,0.45
17.85,0.565
17.852777777777778,0.715
17.855555555555554,0.925
17.858333333333334,1.09
17.86111111111111,1.23
17.863888888888887,1.265
17.866666666666667,1.275
17.869444444444444,1.295
17.872222222222224,1.295
17.875,1.26
17.877777777777776,1.215
17.880555555555556,1.11
17.883333333333333,0.96
17.886111111111113,0.75
17.88888888888889,0.575
17.891666666666666,0.4
17.894444444444446,0.215
17.897222222222222,0.055
17.9,-0.085
17.90277777777778,-0.205
17.905555555555555,-0.345
17.908333333333335,-0.435
17.91111111111111,-0.45
17.913888888888888,-0.455
17.916666666666668,-0.465
17.919444444444444,-0.505
17.92222222222222,-0.52
17.925,-0.565
17.927777777777777,-0.585
17.930555555555557,-0.59
17.933333333333334,-0.565
17.93611111111111,-0.555
17.93888888888889,-0.565
17.941666666666666,-0.605
17.944444444444443,-0.64
17.947222222222223,-0.66
17.95,-0.645
17.95277777777778,-0.65
17.955555555555556,-0.66
17.958333333333332,-0.695
17.961111111111112,-0.715
17.96388888888889,-0.705
17.966666666666665,-0.69
17.969444444444445,-0.71
17.97222222222222,-0.715
17.975,-0.715
17.977777777777778,-0.71
17.980555555555554,-0.725
17.983333333333334,-0.705
17.98611111111111,-0.695
17.988888888888887,-0.69
17.991666666666667,-0.69
17.994444444444444,-0.695
17.997222222222224,-0.695
18.0,-0.67
18.002777777777776,-0.655
18.005555555555556,-0.645
18.008333333333333,-0.66
18.011111111111113,-0.675
18.01388888888889,-0.655
18.016666666666666,-0.61
18.019444444444446,-0.555
18.022222222222222,-0.55
18.025,-0.555
18.02777777777778,-0.56
18.030555555555555,-0.54
18.033333333333335,-0.52
18.03611111111111,-0.53
18.038888888888888,-0.535
18.041666666666668,-0.535
18.044444444444444,-0.505
18.04722222222222,-0.46
18.05,-0.46
18.052777777777777,-0.465
18.055555555555557,-0.495
18.058333333333334,-0.54
18.06111111111111,-0.525
18.06388888888889,-0.495
18.066666666666666,-0.435
18.069444444444443,-0.415
18.072222222222223,-0.435
18.075,-0.45
18.07777777777778,-0.43
18.080555555555556,-0.38
18.083333333333332,-0.37
18.086111111111112,-0.385
18.08888888888889,-0.415
18.091666666666665,-0.395
18.094444444444445,-0.36
18.09722222222222,-0.325
18.1,-0.295
18.102777777777778,-0.285
18.105555555555554,-0.32
18.108333333333334,-0.33
18.11111111111111,-0.315
18.113888888888887,-0.325
18.116666666666667,-0.315
18.119444444444444,-0.305
18.122222222222224,-0.305
18.125,-0.295
18.127777777777776,-0.295
18.130555555555556,-0.305
18.133333333333333,-0.325
18.136111111111113,-0.335
18.13888888888889,-0.335
18.141666666666666,-0.32
18.144444444444446,-0.315
18.147222222222222,-0.31
18.15,-0.3
18.15277777777778,-0.295
18.155555555555555,-0.3
18.158333333333335,-0.305
18.16111111111111,-0.3
18.163888888888888,-0.265
18.166666666666668,-0.265
18.169444444444444,-0.27
18.17222222222222,-0.295
18.175,-0.275
18.177777777777777,-0.27
18.180555555555557,-0.265
18.183333333333334,-0.27
18.18611111111111,-0.265
18.18888888888889,-0.29
18.191666666666666,-0.3
18.194444444444443,-0.3
18.197222222222223,-0.285
18.2,-0.255
18.20277777777778,-0.25
18.205555555555556,-0.275
18.208333333333332,-0.3
18.211111111111112,-0.285
18.21388888888889,-0.265
18.216666666666665,-0.255
18.219444444444445,-0.265
18.22222222222222,-0.26
18.225,-0.27
18.227777777777778,-0.275
18.230555555555554,-0.28
18.233333333333334,-0.255
18.23611111111111,-0.24
18.238888888888887,-0.25
18.241666666666667,-0.255
18.244444444444444,-0.265
18.247222222222224,-0.25
18.25,-0.225
18.252777777777776,-0.23
18.255555555555556,-0.235
18.258333333333333,-0.235
18.261111111111113,-0.25
18.26388888888889,-0.265
18.266666666666666,-0.255
18.269444444444446,-0.255
18.272222222222222,-0.26
18.275,-0.275
18.27777777777778,-0.27
18.280555555555555,-0.265
18.283333333333335,-0.245
18.28611111111111,-0.255
18.288888888888888,-0.26
18.291666666666668,-0.255
18.294444444444444,-0.245
18.29722222222222,-0.24
18.3,-0.245
18.302777777777777,-0.25
18.305555555555557,-0.285
18.308333333333334,-0.3
18.31111111111111,-0.29
18.31388888888889,-0.265
18.316666666666666,-0.255
18.319444444444443,-0.27
18.322222222222223,-0.29
18.325,-0.305
18.32777777777778,-0.3
18.330555555555556,-0.29
18.333333333333332,-0.275
18.336111111111112,-0.28
18.33888888888889,-0.28
18.341666666666665,-0.29
18.344444444444445,-0.305
18.34722222222222,-0.32
18.35,-0.31
18.352777777777778,-0.295
18.355555555555554,-0.295
18.358333333333334,-0.325
18.36111111111111,-0.31
18.363888888888887,-0.285
18.366666666666667,-0.265
18.369444444444444,-0.285
18.372222222222224,-0.3
18.375,-0.295
18.377777777777776,-0.285
18.380555555555556,-0.265
18.383333333333333,-0.25
18.386111111111113,-0.24
18.38888888888889,-0.25
18.391666666666666,-0.255
18.394444444444446,-0.265
18.397222222222222,-0.25
18.4,-0.23
18.40277777777778,-0.25
18.405555555555555,-0.255
18.408333333333335,-0.28
18.41111111111111,-0.28
18.413888888888888,-0.26
18.416666666666668,-0.27
18.419444444444444,-0.3
18.42222222222222,-0.325
18.425,-0.355
18.427777777777777,-0.355
18.430555555555557,-0.36
18.433333333333334,-0.355
18.43611111111111,-0.35
18.43888888888889,-0.33
18.441666666666666,-0.355
18.444444444444443,-0.35
18.447222222222223,-0.35
18.45,-0.325
18.45277777777778,-0.325
18.455555555555556,-0.35
18.458333333333332,-0.35
18.461111111111112,-0.335
18.46388888888889,-0.315
18.466666666666665,-0.305
18.469444444444445,-0.31
18.47222222222222,-0.335
18.475,-0.345
18.477777777777778,-0.32
18.480555555555554,-0.3
18.483333333333334,-0.3
18.48611111111111,-0.31
18.488888888888887,-0.32
18.491666666666667,-0.335
18.494444444444444,-0.33
18.497222222222224,-0.325
18.5,-0.31
18.502777777777776,-0.325
18.505555555555556,-0.325
18.508333333333333,-0.33
18.511111111111113,-0.335
18.51388888888889,-0.34
18.516666666666666,-0.31
18.519444444444446,-0.305
18.522222222222222,-0.335
18.525,-0.345
18.52777777777778,-0.34
18.530555555555555,-0.325
18.533333333333335,-0.3
18.53611111111111,-0.295
18.538888888888888,-0.315
18.541666666666668,-0.34
18.544444444444444,-0.34
18.54722222222222,-0.315
18.55,-0.285
18.552777777777777,-0.31
18.555555555555557,-0.33
18.558333333333334,-0.33
18.56111111111111,-0.32
18.56388888888889,-0.295
18.566666666666666,-0.29
18.569444444444443,-0.29
18.572222222222223,-0.3
18.575,-0.31
18.57777777777778,-0.325
18.580555555555556,-0.335
18.583333333333332,-0.33
18.586111111111112,-0.305
18.58888888888889,-0.27
18.591666666666665,-0.28
18.594444444444445,-0.255
18.59722222222222,-0.18
18.6,-0.09
18.602777777777778,-0.02
18.605555555555554,0.03
18.608333333333334,0.095
18.61111111111111,0.225
18.613888888888887,0.38
18.616666666666667,0.525
18.619444444444444,0.67
18.622222222222224,0.85
18.625,1.0
18.627777777777776,1.16
18.630555555555556,1.235
18.633333333333333,1.28
18.636111111111113,1.31
18.63888888888889,1.355
18.641666666666666,1.36
18.644444444444446,1.345
18.647222222222222,1.31
18.65,1.24
18.65277777777778,1.1
18.655555555555555,0.97
18.658333333333335,0.81
18.66111111111111,0.655
18.663888888888888,0.47
18.666666666666668,0.235
18.669444444444444,0.005
18.67222222222222,-0.21
18.675,-0.37
18.677777777777777,-0.47
18.680555555555557,-0.49
18.683333333333334,-0.495
18.68611111111111,-0.515
18.68888888888889,-0.545
18.691666666666666,-0.595
18.694444444444443,-0.635
18.697222222222223,-0.63
18.7,-0.615
18.70277777777778,-0.635
18.705555555555556,-0.665
18.708333333333332,-0.705
18.711111111111112,-0.7
18.71388888888889,-0.695
18.716666666666665,-0.705
18.719444444444445,-0.74
18.72222222222222,-0.755
18.725,-0.76
18.727777777777778,-0.75
18.730555555555554,-0.74
18.733333333333334,-0.715
18.73611111111111,-0.725
18.738888888888887,-0.725
18.741666666666667,-0.735
18.744444444444444,-0.72
18.747222222222224,-0.695
18.75,-0.67
18.752777777777776,-0.685
18.755555555555556,-0.7
18.758333333333333,-0.695
18.761111111111113,-0.67
18.76388888888889,-0.645
18.766666666666666,-0.625
18.769444444444446,-0.63
18.772222222222222,-0.625
18.775,-0.635
18.77777777777778,-0.635
18.780555555555555,-0.62
18.783333333333335,-0.575
18.78611111111111,-0.575
18.788888888888888,-0.595
18.791666666666668,-0.57
18.794444444444444,-0.565
18.79722222222222,-0.53
18.8,-0.515
18.802777777777777,-0.51
18.805555555555557,-0.51
18.808333333333334,-0.505
18.81111111111111,-0.495
18.81388888888889,-0.49
18.816666666666666,-0.465
18.819444444444443,-0.45
18.822222222222223,-0.475
18.825,-0.475
18.82777777777778,-0.455
18.830555555555556,-0.41
18.833333333333332,-0.39
18.836111111111112,-0.385
18.83888888888889,-0.4
18.841666666666665,-0.395
18.844444444444445,-0.37
18.84722222222222,-0.355
18.85,-0.345
18.852777777777778,-0.33
18.855555555555554,-0.335
18.858333333333334,-0.325
18.86111111111111,-0.33
18.863888888888887,-0.3
18.866666666666667,-0.285
18.869444444444444,-0.305
18.872222222222224,-0.335
18.875,-0.365
18.877777777777776,-0.36
18.880555555555556,-0.345
18.883333333333333,-0.34
18.886111111111113,-0.365
18.88888888888889,-0.37
18.891666666666666,-0.365
18.894444444444446,-0.37
18.897222222222222,-0.37
18.9,-0.335
18.90277777777778,-0.345
18.905555555555555,-0.34
18.908333333333335,-0.35
18.91111111111111,-0.35
18.913888888888888,-0.325
18.916666666666668,-0.315
18.919444444444444,-0.33
18.92222222222222,-0.34
18.925,-0.34
18.927777777777777,-0.325
18.930555555555557,-0.3
18.933333333333334,-0.295
18.93611111111111,-0.285
18.93888888888889,-0.29
18.941666666666666,-0.3
18.944444444444443,-0.315
18.947222222222223,-0.315
18.95,-0.29
18.95277777777778,-0.295
18.955555555555556,-0.33
18.958333333333332,-0.36
18.961111111111112,-0.35
18.96388888888889,-0.325
18.966666666666665,-0.32
18.969444444444445,-0.335
18.97222222222222,-0.365
18.975,-0.375
18.977777777777778,-0.37
18.980555555555554,-0.355
18.983333333333334,-0.36
18.98611111111111,-0.375
18.988888888888887,-0.38
18.991666666666667,-0.39
18.994444444444444,-0.38
18.997222222222224,-0.39
19.0,-0.39
19.002777777777776,-0.395
19.005555555555556,-0.415
19.008333333333333,-0.405
19.011111111111113,-0.41
19.01388888888889,-0.42
19.016666666666666,-0.41
19.019444444444446,-0.395
19.022222222222222,-0.4
19.025,-0.4
19.02777777777778,-0.41
19.030555555555555,-0.415
19.033333333333335,-0.39
19.03611111111111,-0.39
19.038888888888888,-0.41
19.041666666666668,-0.41
19.044444444444444,-0.405
19.04722222222222,-0.38
19.05,-0.365
19.052777777777777,-0.375
19.055555555555557,-0.405
19.058333333333334,-0.415
19.06111111111111,-0.405
19.06388888888889,-0.39
19.066666666666666,-0.375
19.069444444444443,-0.395
19.072222222222223,-0.4
19.075,-0.41
19.07777777777778,-0.405
19.080555555555556,-0.385
19.083333333333332,-0.375
19.086111111111112,-0.39
19.08888888888889,-0.375
19.091666666666665,-0.385
19.094444444444445,-0.37
19.09722222222222,-0.36
19.1,-0.36
19.102777777777778,-0.365
19.105555555555554,-0.37
19.108333333333334,-0.38
19.11111111111111,-0.395
19.113888888888887,-0.38
19.116666666666667,-0.355
19.119444444444444,-0.345
19.122222222222224,-0.345
19.125,-0.365
19.127777777777776,-0.36
19.130555555555556,-0.35
19.133333333333333,-0.34
19.136111111111113,-0.325
19.13888888888889,-0.34
19.141666666666666,-0.355
19.144444444444446,-0.335
19.147222222222222,-0.32
19.15,-0.315
19.15277777777778,-0.325
19.155555555555555,-0.33
19.158333333333335,-0.33
19.16111111111111,-0.335
19.163888888888888,-0.33
19.166666666666668,-0.315
19.169444444444444,-0.315
19.17222222222222,-0.33
19.175,-0.345
19.177777777777777,-0.335
19.180555555555557,-0.34
19.183333333333334,-0.33
19.18611111111111,-0.34
19.18888888888889,-0.36
19.191666666666666,-0.375
19.194444444444443,-0.375
19.197222222222223,-0.36
19.2,-0.35
19.20277777777778,-0.365
19.205555555555556,-0.365
19.208333333333332,-0.38
19.211111111111112,-0.36
19.21388888888889,-0.35
19.216666666666665,-0.36
19.219444444444445,-0.345
19.22222222222222,-0.355
19.225,-0.37
19.227777777777778,-0.375
19.230555555555554,-0.37
19.233333333333334,-0.32
19.23611111111111,-0.28
19.238888888888887,-0.255
19.241666666666667,-0.26
19.244444444444444,-0.215
19.247222222222224,-0.11
19.25,-0.02
19.252777777777776,0.075
19.255555555555556,0.145
19.258333333333333,0.23
19.261111111111113,0.345
19.26388888888889,0.495
19.266666666666666,0.7
19.269444444444446,0.955
19.272222222222222,1.21
19.275,1.36
19.27777777777778,1.465
19.280555555555555,1.515
19.283333333333335,1.58
19.28611111111111,1.61
19.288888888888888,1.585
19.291666666666668,1.545
19.294444444444444,1.485
19.29722222222222,1.365
19.3,1.205
19.302777777777777,1.04
19.305555555555557,0.86
19.308333333333334,0.665
19.31111111111111,0.4
19.31388888888889,0.145
19.316666666666666,-0.035
19.319444444444443,-0.225
19.322222222222223,-0.405
19.325,-0.505
19.32777777777778,-0.54
19.330555555555556,-0.51
19.333333333333332,-0.515
19.336111111111112,-0.565
19.33888888888889,-0.615
19.341666666666665,-0.64
19.344444444444445,-0.655
19.34722222222222,-0.655
19.35,-0.655
19.352777777777778,-0.665
19.355555555555554,-0.675
19.358333333333334,-0.695
19.36111111111111,-0.705
19.363888888888887,-0.705
19.366666666666667,-0.69
19.369444444444444,-0.68
19.372222222222224,-0.695
19.375,-0.72
19.377777777777776,-0.72
19.380555555555556,-0.705
19.383333333333333,-0.695
19.386111111111113,-0.705
19.38888888888889,-0.735
19.391666666666666,-0.735
19.394444444444446,-0.71
19.397222222222222,-0.7
19.4,-0.705
19.40277777777778,-0.705
19.405555555555555,-0.725
19.408333333333335,-0.73
19.41111111111111,-0.72
19.413888888888888,-0.695
19.416666666666668,-0.675
19.419444444444444,-0.675
19.42222222222222,-0.685
19.425,-0.685
19.427777777777777,-0.675
19.430555555555557,-0.655
19.433333333333334,-0.63
19.43611111111111,-0.635
19.43888888888889,-0.62
19.441666666666666,-0.61
19.444444444444443,-0.595
19.447222222222223,-0.58
19.45,-0.565
19.45277777777778,-0.55
19.455555555555556,-0.54
19.458333333333332,-0.54
19.461111111111112,-0.535
19.46388888888889,-0.505
19.466666666666665,-0.465
19.469444444444445,-0.46
19.47222222222222,-0.47
19.475,-0.45
19.477777777777778,-0.425
19.480555555555554,-0.4
19.483333333333334,-0.37
19.48611111111111,-0.36
19.488888888888887,-0.34
19.491666666666667,-0.33
19.494444444444444,-0.325
19.497222222222224,-0.315
19.5,-0.29
19.502777777777776,-0.295
19.505555555555556,-0.31
19.508333333333333,-0.32
19.511111111111113,-0.34
19.51388888888889,-0.32
19.516666666666666,-0.3
19.519444444444446,-0.3
19.522222222222222,-0.315
19.525,-0.34
19.52777777777778,-0.335
19.530555555555555,-0.34
19.533333333333335,-0.34
19.53611111111111,-0.35
19.538888888888888,-0.35
19.541666666666668,-0.37
19.544444444444444,-0.37
19.54722222222222,-0.375
19.55,-0.36
19.552777777777777,-0.35
19.555555555555557,-0.38
19.558333333333334,-0.385
19.56111111111111,-0.385
19.56388888888889,-0.36
19.566666666666666,-0.35
19.569444444444443,-0.365
19.572222222222223,-0.385
19.575,-0.4
19.57777777777778,-0.395
19.580555555555556,-0.39
19.583333333333332,-0.395
19.586111111111112,-0.42
19.58888888888889,-0.435
19.591666666666665,-0.46
19.594444444444445,-0.445
19.59722222222222,-0.43
19.6,-0.425
19.602777777777778,-0.44
19.605555555555554,-0.455
19.608333333333334,-0.475
19.61111111111111,-0.48
19.613888888888887,-0.475
19.616666666666667,-0.46
19.619444444444444,-0.465
19.622222222222224,-0.475
19.625,-0.495
19.627777777777776,-0.52
19.630555555555556,-0.49
19.633333333333333,-0.475
19.636111111111113,-0.475
19.63888888888889,-0.505
19.641666666666666,-0.53
19.644444444444446,-0.525
19.647222222222222,-0.515
19.65,-0.515
19.65277777777778,-0.53
19.655555555555555,-0.525
19.658333333333335,-0.535
19.66111111111111,-0.51
19.663888888888888,-0.49
19.666666666666668,-0.49
19.669444444444444,-0.485
19.67222222222222,-0.49
19.675,-0.5
19.677777777777777,-0.505
19.680555555555557,-0.53
19.683333333333334,-0.51
19.68611111111111,-0.52
19.68888888888889,-0.525
19.691666666666666,-0.54
19.694444444444443,-0.555
19.697222222222223,-0.515
19.7,-0.495
19.70277777777778,-0.48
19.705555555555556,-0.475
19.708333333333332,-0.49
19.711111111111112,-0.475
19.71388888888889,-0.455
19.716666666666665,-0.445
19.719444444444445,-0.45
19.72222222222222,-0.475
19.725,-0.465
19.727777777777778,-0.45
19.730555555555554,-0.43
19.733333333333334,-0.41
19.73611111111111,-0.41
19.738888888888887,-0.395
19.741666666666667,-0.385
19.744444444444444,-0.385
19.747222222222224,-0.39
19.75,-0.39
19.752777777777776,-0.355
19.755555555555556,-0.36
19.758333333333333,-0.375
19.761111111111113,-0.375
19.76388888888889,-0.37
19.766666666666666,-0.35
19.769444444444446,-0.36
19.772222222222222,-0.385
19.775,-0.39
19.77777777777778,-0.39
19.780555555555555,-0.385
19.783333333333335,-0.375
19.78611111111111,-0.38
19.788888888888888,-0.38
19.791666666666668,-0.395
19.794444444444444,-0.415
19.79722222222222,-0.41
19.8,-0.385
19.802777777777777,-0.39
19.805555555555557,-0.39
19.808333333333334,-0.415
19.81111111111111,-0.4
19.81388888888889,-0.4
19.816666666666666,-0.395
19.819444444444443,-0.415
19.822222222222223,-0.44
19.825,-0.435
19.82777777777778,-0.44
19.830555555555556,-0.43
19.833333333333332,-0.43
19.836111111111112,-0.44
19.83888888888889,-0.455
19.841666666666665,-0.475
19.844444444444445,-0.47
19.84722222222222,-0.45
19.85,-0.425
19.852777777777778,-0.445
19.855555555555554,-0.47
19.858333333333334,-0.48
19.86111111111111,-0.47
19.863888888888887,-0.465
19.866666666666667,-0.45
19.869444444444444,-0.455
19.872222222222224,-0.46
19.875,-0.465
19.877777777777776,-0.465
19.880555555555556,-0.44
19.883333333333333,-0.42
19.886111111111113,-0.415
19.88888888888889,-0.425
19.891666666666666,-0.45
19.894444444444446,-0.43
19.897222222222222,-0.415
19.9,-0.4
19.90277777777778,-0.415
19.905555555555555,-0.445
19.908333333333335,-0.425
19.91111111111111,-0.42
19.913888888888888,-0.42
19.916666666666668,-0.435
19.919444444444444,-0.425
19.92222222222222,-0.425
19.925,-0.43
19.927777777777777,-0.42
19.930555555555557,-0.415
19.933333333333334,-0.4
19.93611111111111,-0.395
19.93888888888889,-0.405
19.941666666666666,-0.405
19.944444444444443,-0.405
19.947222222222223,-0.405
19.95,-0.4
19.95277777777778,-0.4
19.955555555555556,-0.4
19.958333333333332,-0.41
19.961111111111112,-0.4
19.96388888888889,-0.405
19.966666666666665,-0.39
19.969444444444445,-0.4
19.97222222222222,-0.415
19.975,-0.43
19.977777777777778,-0.425
19.980555555555554,-0.415
19.983333333333334,-0.41
19.98611111111111,-0.415
19.988888888888887,-0.43
19.991666666666667,-0.435
19.994444444444444,-0.42
19.997222222222224,-0.42
20.0,-0.4
20.002777777777776,-0.415
20.005555555555556,-0.415
20.008333333333333,-0.42
20.011111111111113,-0.425
20.01388888888889,-0.395
20.016666666666666,-0.36
20.019444444444446,-0.355
20.022222222222222,-0.38
20.025,-0.415
20.02777777777778,-0.415
20.030555555555555,-0.395
20.033333333333335,-0.38
20.03611111111111,-0.375
20.038888888888888,-0.38
20.041666666666668,-0.395
20.044444444444444,-0.39
20.04722222222222,-0.375
20.05,-0.335
20.052777777777777,-0.33
20.055555555555557,-0.365
20.058333333333334,-0.365
20.06111111111111,-0.37
20.06388888888889,-0.345
20.066666666666666,-0.34
20.069444444444443,-0.345
20.072222222222223,-0.34
20.075,-0.36
20.07777777777778,-0.335
20.080555555555556,-0.325
20.083333333333332,-0.33
20.086111111111112,-0.34
20.08888888888889,-0.335
20.091666666666665,-0.34
20.094444444444445,-0.35
20.09722222222222,-0.345
20.1,-0.35
20.102777777777778,-0.35
20.105555555555554,-0.36
20.108333333333334,-0.365
20.11111111111111,-0.37
20.113888888888887,-0.35
20.116666666666667,-0.32
20.119444444444444,-0.32
20.122222222222224,-0.335
20.125,-0.35
20.127777777777776,-0.35
20.130555555555556,-0.35
20.133333333333333,-0.36
20.136111111111113,-0.37
20.13888888888889,-0.365
20.141666666666666,-0.345
20.144444444444446,-0.31
20.147222222222222,-0.315
20.15,-0.31
20.15277777777778,-0.325
20.155555555555555,-0.335
20.158333333333335,-0.345
20.16111111111111,-0.315
20.163888888888888,-0.265
20.166666666666668,-0.185
20.169444444444444,-0.13
20.17222222222222,-0.115
20.175,-0.085
20.177777777777777,0.0
20.180555555555557,0.09
20.183333333333334,0.15
20.18611111111111,0.16
20.18888888888889,0.22
20.191666666666666,0.31
20.194444444444443,0.415
20.197222222222223,0.535
20.2,0.67
20.20277777777778,0.79
20.205555555555556,0.87
20.208333333333332,0.9
20.211111111111112,0.935
20.21388888888889,1.01
20.216666666666665,1.1
20.219444444444445,1.12
20.22222222222222,1.115
20.225,1.035
20.227777777777778,0.9
20.230555555555554,0.77
20.233333333333334,0.635
20.23611111111111,0.455
20.238888888888887,0.255
20.241666666666667,0.035
20.244444444444444,-0.155
20.247222222222224,-0.315
20.25,-0.41
20.252777777777776,-0.475
20.255555555555556,-0.52
20.258333333333333,-0.525
20.261111111111113,-0.545
20.26388888888889,-0.545
20.266666666666666,-0.54
20.269444444444446,-0.56
20.272222222222222,-0.585
20.275,-0.615
20.27777777777778,-0.615
20.280555555555555,-0.6
20.283333333333335,-0.59
20.28611111111111,-0.615
20.288888888888888,-0.625
20.291666666666668,-0.64
20.294444444444444,-0.65
20.29722222222222,-0.645
20.3,-0.625
20.302777777777777,-0.625
20.305555555555557,-0.64
20.308333333333334,-0.65
20.31111111111111,-0.67
20.31388888888889,-0.645
20.316666666666666,-0.615
20.319444444444443,-0.63
20.322222222222223,-0.645
20.325,-0.66
20.32777777777778,-0.655
20.330555555555556,-0.655
20.333333333333332,-0.655
20.336111111111112,-0.655
20.33888888888889,-0.645
20.341666666666665,-0.635
20.344444444444445,-0.625
20.34722222222222,-0.585
20.35,-0.56
20.352777777777778,-0.545
20.355555555555554,-0.565
20.358333333333334,-0.53
20.36111111111111,-0.495
20.363888888888887,-0.47
20.366666666666667,-0.47
20.369444444444444,-0.465
20.372222222222224,-0.435
20.375,-0.445
20.377777777777776,-0.445
20.380555555555556,-0.425
20.383333333333333,-0.4
20.386111111111113,-0.4
20.38888888888889,-0.405
20.391666666666666,-0.405
20.394444444444446,-0.39
20.397222222222222,-0.37
20.4,-0.34
20.40277777777778,-0.335
20.405555555555555,-0.335
20.408333333333335,-0.335
20.41111111111111,-0.31
20.413888888888888,-0.295
20.416666666666668,-0.245
20.419444444444444,-0.23
20.42222222222222,-0.23
20.425,-0.23
20.427777777777777,-0.215
20.430555555555557,-0.19
20.433333333333334,-0.165
20.43611111111111,-0.175
20.43888888888889,-0.19
20.441666666666666,-0.18
20.444444444444443,-0.205
20.447222222222223,-0.195
20.45,-0.175
20.45277777777778,-0.185
20.455555555555556,-0.195
20.458333333333332,-0.22
20.461111111111112,-0.23
20.46388888888889,-0.225
20.466666666666665,-0.22
20.469444444444445,-0.225
20.47222222222222,-0.265
20.475,-0.275
20.477777777777778,-0.275
20.480555555555554,-0.255
20.483333333333334,-0.25
20.48611111111111,-0.25
20.488888888888887,-0.255
20.491666666666667,-0.27
20.494444444444444,-0.255
20.497222222222224,-0.225
20.5,-0.18
20.502777777777776,-0.185
20.505555555555556,-0.2
20.508333333333333,-0.23
20.511111111111113,-0.225
20.51388888888889,-0.205
20.516666666666666,-0.215
20.519444444444446,-0.205
20.522222222222222,-0.215
20.525,-0.23
20.52777777777778,-0.22
20.530555555555555,-0.215
20.533333333333335,-0.205
20.53611111111111,-0.21
20.538888888888888,-0.22
20.541666666666668,-0.235
20.544444444444444,-0.21
20.54722222222222,-0.2
20.55,-0.19
20.552777777777777,-0.21
20.555555555555557,-0.22
20.558333333333334,-0.205
20.56111111111111,-0.21
20.56388888888889,-0.2
20.566666666666666,-0.19
20.569444444444443,-0.2
20.572222222222223,-0.2
20.575,-0.215
20.57777777777778,-0.205
20.580555555555556,-0.185
20.583333333333332,-0.17
20.586111111111112,-0.18
20.58888888888889,-0.225
20.591666666666665,-0.22
20.594444444444445,-0.195
20.59722222222222,-0.195
20.6,-0.195
20.602777777777778,-0.19
20.605555555555554,-0.19
20.608333333333334,-0.205
20.61111111111111,-0.225
20.613888888888887,-0.19
20.616666666666667,-0.165
20.619444444444444,-0.19
20.622222222222224,-0.2
20.625,-0.225
20.627777777777776,-0.195
20.630555555555556,-0.18
20.633333333333333,-0.17
20.636111111111113,-0.18
20.63888888888889,-0.2
20.641666666666666,-0.205
20.644444444444446,-0.2
20.647222222222222,-0.195
20.65,-0.185
20.65277777777778,-0.175
20.655555555555555,-0.19
20.658333333333335,-0.2
20.66111111111111,-0.205
20.663888888888888,-0.21
20.666666666666668,-0.17
20.669444444444444,-0.19
20.67222222222222,-0.215
20.675,-0.235
20.677777777777777,-0.21
20.680555555555557,-0.195
20.683333333333334,-0.19
20.68611111111111,-0.195
20.68888888888889,-0.225
20.691666666666666,-0.225
20.694444444444443,-0.21
20.697222222222223,-0.21
20.7,-0.185
20.70277777777778,-0.2
20.705555555555556,-0.205
20.708333333333332,-0.215
20.711111111111112,-0.225
20.71388888888889,-0.225
20.716666666666665,-0.21
20.719444444444445,-0.195
20.72222222222222,-0.215
20.725,-0.24
20.727777777777778,-0.225
20.730555555555554,-0.2
20.733333333333334,-0.2
20.73611111111111,-0.22
20.738888888888887,-0.235
20.741666666666667,-0.245
20.744444444444444,-0.23
20.747222222222224,-0.23
20.75,-0.225
20.752777777777776,-0.25
20.755555555555556,-0.245
20.758333333333333,-0.235
20.761111111111113,-0.26
20.76388888888889,-0.245
20.766666666666666,-0.215
20.769444444444446,-0.23
20.772222222222222,-0.26
20.775,-0.265
20.77777777777778,-0.26
20.780555555555555,-0.25
20.783333333333335,-0.24
20.78611111111111,-0.26
20.788888888888888,-0.27
20.791666666666668,-0.265
20.794444444444444,-0.26
20.79722222222222,-0.26
20.8,-0.255
20.802777777777777,-0.255
20.805555555555557,-0.285
20.808333333333334,-0.29
20.81111111111111,-0.27
20.81388888888889,-0.245
20.816666666666666,-0.23
20.819444444444443,-0.235
20.822222222222223,-0.265
20.825,-0.265
20.82777777777778,-0.265
20.830555555555556,-0.255
20.833333333333332,-0.235
20.836111111111112,-0.235
20.83888888888889,-0.25
20.841666666666665,-0.28
20.844444444444445,-0.275
20.84722222222222,-0.265
20.85,-0.25
20.852777777777778,-0.26
20.855555555555554,-0.295
20.858333333333334,-0.315
20.86111111111111,-0.3
20.863888888888887,-0.295
20.866666666666667,-0.28
20.869444444444444,-0.29
20.872222222222224,-0.29
20.875,-0.305
20.877777777777776,-0.315
20.880555555555556,-0.305
20.883333333333333,-0.275
20.886111111111113,-0.275
20.88888888888889,-0.3
20.891666666666666,-0.305
20.894444444444446,-0.3
20.897222222222222,-0.27
20.9,-0.26
20.90277777777778,-0.28
20.905555555555555,-0.285
20.908333333333335,-0.285
20.91111111111111,-0.29
20.913888888888888,-0.275
20.916666666666668,-0.24
20.919444444444444,-0.245
20.92222222222222,-0.255
20.925,-0.255
20.927777777777777,-0.25
20.930555555555557,-0.235
20.933333333333334,-0.235
20.93611111111111,-0.26
20.93888888888889,-0.265
20.941666666666666,-0.28
20.944444444444443,-0.28
20.947222222222223,-0.285
20.95,-0.265
20.95277777777778,-0.27
20.955555555555556,-0.285
20.958333333333332,-0.31
20.961111111111112,-0.29
20.96388888888889,-0.27
20.966666666666665,-0.25
20.969444444444445,-0.275
20.97222222222222,-0.29
20.975,-0.29
20.977777777777778,-0.29
20.980555555555554,-0.28
20.983333333333334,-0.275
20.98611111111111,-0.28
20.988888888888887,-0.3
20.991666666666667,-0.32
20.994444444444444,-0.305
20.997222222222224,-0.29
21.0,-0.275
21.002777777777776,-0.295
21.005555555555556,-0.305
21.008333333333333,-0.295
21.011111111111113,-0.305
21.01388888888889,-0.315
21.016666666666666,-0.32
21.019444444444446,-0.32
21.022222222222222,-0.295
21.025,-0.265
21.02777777777778,-0.235
21.030555555555555,-0.18
21.033333333333335,-0.11
21.03611111111111,-0.055
21.038888888888888,-0.015
21.041666666666668,0.035
21.044444444444444,0.11
21.04722222222222,0.2
21.05,0.305
21.052777777777777,0.415
21.055555555555557,0.585
21.058333333333334,0.715
21.06111111111111,0.83
21.06388888888889,0.92
21.066666666666666,0.995
21.069444444444443,1.055
21.072222222222223,1.11
21.075,1.135
21.07777777777778,1.17
21.080555555555556,1.16
21.083333333333332,1.04
21.086111111111112,0.875
21.08888888888889,0.735
21.091666666666665,0.61
21.094444444444445,0.46
21.09722222222222,0.25
21.1,0.035
21.102777777777778,-0.125
21.105555555555554,-0.27
21.108333333333334,-0.43
21.11111111111111,-0.525
21.113888888888887,-0.535
21.116666666666667,-0.505
21.119444444444444,-0.525
21.122222222222224,-0.565
21.125,-0.63
21.127777777777776,-0.63
21.130555555555556,-0.64
21.133333333333333,-0.635
21.136111111111113,-0.665
21.13888888888889,-0.685
21.141666666666666,-0.7
21.144444444444446,-0.7
21.147222222222222,-0.7
21.15,-0.695
21.15277777777778,-0.715
21.155555555555555,-0.72
21.158333333333335,-0.74
21.16111111111111,-0.755
21.163888888888888,-0.74
21.166666666666668,-0.72
21.169444444444444,-0.715
21.17222222222222,-0.75
21.175,-0.77
21.177777777777777,-0.76
21.180555555555557,-0.735
21.183333333333334,-0.715
21.18611111111111,-0.735
21.18888888888889,-0.74
21.191666666666666,-0.73
21.194444444444443,-0.725
21.197222222222223,-0.725
21.2,-0.715
21.20277777777778,-0.705
21.205555555555556,-0.71
21.208333333333332,-0.73
21.211111111111112,-0.71
21.21388888888889,-0.675
21.216666666666665,-0.655
21.219444444444445,-0.65
21.22222222222222,-0.665
21.225,-0.665
21.227777777777778,-0.645
21.230555555555554,-0.615
21.233333333333334,-0.61
21.23611111111111,-0.61
21.238888888888887,-0.61
21.241666666666667,-0.605
21.244444444444444,-0.58
21.247222222222224,-0.56
21.25,-0.53
21.252777777777776,-0.51
21.255555555555556,-0.525
21.258333333333333,-0.54
21.261111111111113,-0.515
21.26388888888889,-0.475
21.266666666666666,-0.445
21.269444444444446,-0.455
21.272222222222222,-0.455
21.275,-0.445
21.27777777777778,-0.415
21.280555555555555,-0.4
21.283333333333335,-0.365
21.28611111111111,-0.345
21.288888888888888,-0.345
21.291666666666668,-0.35
21.294444444444444,-0.355
21.29722222222222,-0.32
21.3,-0.3
21.302777777777777,-0.315
21.305555555555557,-0.35
21.308333333333334,-0.36
21.31111111111111,-0.35
21.31388888888889,-0.35
21.316666666666666,-0.35
21.319444444444443,-0.38
21.322222222222223,-0.375
21.325,-0.4
21.32777777777778,-0.41
21.330555555555556,-0.39
21.333333333333332,-0.39
21.336111111111112,-0.39
21.33888888888889,-0.43
21.341666666666665,-0.435
21.344444444444445,-0.43
21.34722222222222,-0.415
21.35,-0.415
21.352777777777778,-0.435
21.355555555555554,-0.45
21.358333333333334,-0.465
21.36111111111111,-0.48
21.363888888888887,-0.48
21.366666666666667,-0.48
21.369444444444444,-0.505
21.372222222222224,-0.53
21.375,-0.555
21.377777777777776,-0.535
21.380555555555556,-0.53
21.383333333333333,-0.535
21.386111111111113,-0.56
21.38888888888889,-0.59
21.391666666666666,-0.59
21.394444444444446,-0.6
21.397222222222222,-0.575
21.4,-0.56
21.40277777777778,-0.56
21.405555555555555,-0.595
21.408333333333335,-0.595
21.41111111111111,-0.57
21.413888888888888,-0.57
21.416666666666668,-0.57
21.419444444444444,-0.565
21.42222222222222,-0.585
21.425,-0.595
21.427777777777777,-0.585
21.430555555555557,-0.565
21.433333333333334,-0.54
21.43611111111111,-0.54
21.43888888888889,-0.58
21.441666666666666,-0.58
21.444444444444443,-0.56
21.447222222222223,-0.545
21.45,-0.52
21.45277777777778,-0.525
21.455555555555556,-0.545
21.458333333333332,-0.545
21.461111111111112,-0.545
21.46388888888889,-0.525
21.466666666666665,-0.495
21.469444444444445,-0.515
21.47222222222222,-0.53
21.475,-0.525
21.477777777777778,-0.485
21.480555555555554,-0.45
21.483333333333334,-0.425
21.48611111111111,-0.42
21.488888888888887,-0.44
21.491666666666667,-0.42
21.494444444444444,-0.38
21.497222222222224,-0.355
21.5,-0.31
21.502777777777776,-0.22
21.505555555555556,-0.035
21.508333333333333,0.22
21.511111111111113,0.525
21.51388888888889,0.735
21.516666666666666,0.83
21.519444444444446,0.885
21.522222222222222,0.995
21.525,1.07
21.52777777777778,1.125
21.530555555555555,1.13
21.533333333333335,1.075
21.53611111111111,0.95
21.538888888888888,0.78
21.541666666666668,0.62
21.544444444444444,0.43
21.54722222222222,0.215
21.55,-0.02
21.552777777777777,-0.26
21.555555555555557,-0.475
21.558333333333334,-0.655
21.56111111111111,-0.72
21.56388888888889,-0.72
21.566666666666666,-0.7
21.569444444444443,-0.72
21.572222222222223,-0.765
21.575,-0.785
21.57777777777778,-0.785
21.580555555555556,-0.775
21.583333333333332,-0.79
21.586111111111112,-0.8
21.58888888888889,-0.82
21.591666666666665,-0.825
21.594444444444445,-0.83
21.59722222222222,-0.825
21.6,-0.815
21.602777777777778,-0.805
21.605555555555554,-0.835
21.608333333333334,-0.85
21.61111111111111,-0.83
21.613888888888887,-0.815
21.616666666666667,-0.795
21.619444444444444,-0.8
21.622222222222224,-0.795
21.625,-0.785
21.627777777777776,-0.785
21.630555555555556,-0.79
21.633333333333333,-0.775
21.636111111111113,-0.79
21.63888888888889,-0.795
21.641666666666666,-0.815
21.644444444444446,-0.8
21.647222222222222,-0.765
21.65,-0.75
21.65277777777778,-0.73
21.655555555555555,-0.755
21.658333333333335,-0.755
21.66111111111111,-0.745
21.663888888888888,-0.72
21.666666666666668,-0.705
21.669444444444444,-0.705
21.67222222222222,-0.71
21.675,-0.695
21.677777777777777,-0.68
21.680555555555557,-0.67
21.683333333333334,-0.65
21.68611111111111,-0.635
21.68888888888889,-0.645
21.691666666666666,-0.645
21.694444444444443,-0.635
21.697222222222223,-0.595
21.7,-0.55
21.70277777777778,-0.555
21.705555555555556,-0.565
21.708333333333332,-0.545
21.711111111111112,-0.525
21.71388888888889,-0.48
21.716666666666665,-0.45
21.719444444444445,-0.445
21.72222222222222,-0.445
21.725,-0.415
21.727777777777778,-0.41
21.730555555555554,-0.405
21.733333333333334,-0.39
21.73611111111111,-0.41
21.738888888888887,-0.435
21.741666666666667,-0.445
21.744444444444444,-0.435
21.747222222222224,-0.42
21.75,-0.42
21.752777777777776,-0.435
21.755555555555556,-0.455
21.758333333333333,-0.47
21.761111111111113,-0.46
21.76388888888889,-0.475
21.766666666666666,-0.47
21.769444444444446,-0.48
21.772222222222222,-0.49
21.775,-0.51
21.77777777777778,-0.505
21.780555555555555,-0.485
21.783333333333335,-0.495
21.78611111111111,-0.52
21.788888888888888,-0.535
21.791666666666668,-0.535
21.794444444444444,-0.52
21.79722222222222,-0.515
21.8,-0.505
21.802777777777777,-0.505
21.805555555555557,-0.51
21.808333333333334,-0.52
21.81111111111111,-0.515
21.81388888888889,-0.495
21.816666666666666,-0.495
21.819444444444443,-0.51
21.822222222222223,-0.525
21.825,-0.54
21.82777777777778,-0.52
21.830555555555556,-0.52
21.833333333333332,-0.51
21.836111111111112,-0.525
21.83888888888889,-0.53
21.841666666666665,-0.505
21.844444444444445,-0.465
21.84722222222222,-0.4
21.85,-0.35
21.852777777777778,-0.335
21.855555555555554,-0.31
21.858333333333334,-0.29
21.86111111111111,-0.245
21.863888888888887,-0.225
21.866666666666667,-0.195
21.869444444444444,-0.105
21.872222222222224,0.085
21.875,0.34
21.877777777777776,0.53
21.880555555555556,0.655
21.883333333333333,0.755
21.886111111111113,0.87
21.88888888888889,0.975
21.891666666666666,1.005
21.894444444444446,1.015
21.897222222222222,1.0
21.9,0.955
21.90277777777778,0.82
21.905555555555555,0.675
21.908333333333335,0.55
21.91111111111111,0.34
21.913888888888888,0.065
21.916666666666668,-0.155
21.919444444444444,-0.335
21.92222222222222,-0.505
21.925,-0.65
21.927777777777777,-0.675
21.930555555555557,-0.655
21.933333333333334,-0.655
21.93611111111111,-0.675
21.93888888888889,-0.715
21.941666666666666,-0.73
21.944444444444443,-0.73
21.947222222222223,-0.74
21.95,-0.745
21.95277777777778,-0.755
21.955555555555556,-0.77
21.958333333333332,-0.79
21.961111111111112,-0.795
21.96388888888889,-0.785
21.966666666666665,-0.775
21.969444444444445,-0.795
21.97222222222222,-0.82
21.975,-0.82
21.977777777777778,-0.815
21.980555555555554,-0.805
21.983333333333334,-0.8
21.98611111111111,-0.81
21.988888888888887,-0.81
21.991666666666667,-0.82
21.994444444444444,-0.81
21.997222222222224,-0.79
22.0,-0.78
22.002777777777776,-0.77
22.005555555555556,-0.78
22.008333333333333,-0.775
22.011111111111113,-0.765
22.01388888888889,-0.74
22.016666666666666,-0.725
22.019444444444446,-0.72
22.022222222222222,-0.705
22.025,-0.695
22.02777777777778,-0.685
22.030555555555555,-0.66
22.033333333333335,-0.625
22.03611111111111,-0.615
22.038888888888888,-0.62
22.041666666666668,-0.625
22.044444444444444,-0.605
22.04722222222222,-0.56
22.05,-0.545
22.052777777777777,-0.535
22.055555555555557,-0.555
22.058333333333334,-0.55
22.06111111111111,-0.515
22.06388888888889,-0.495
22.066666666666666,-0.455
22.069444444444443,-0.435
22.072222222222223,-0.43
22.075,-0.415
22.07777777777778,-0.4
22.080555555555556,-0.345
22.083333333333332,-0.32
22.086111111111112,-0.32
22.08888888888889,-0.33
22.091666666666665,-0.35
22.094444444444445,-0.315
22.09722222222222,-0.3
22.1,-0.305
22.102777777777778,-0.34
22.105555555555554,-0.335
22.108333333333334,-0.335
22.11111111111111,-0.36
22.113888888888887,-0.37
22.116666666666667,-0.37
22.119444444444444,-0.37
22.122222222222224,-0.4
22.125,-0.425
22.127777777777776,-0.425
22.130555555555556,-0.415
22.133333333333333,-0.405
22.136111111111113,-0.43
22.13888888888889,-0.46
22.141666666666666,-0.475
22.144444444444446,-0.46
22.147222222222222,-0.45
22.15,-0.46
22.15277777777778,-0.465
22.155555555555555,-0.475
22.158333333333335,-0.475
22.16111111111111,-0.49
22.163888888888888,-0.48
22.166666666666668,-0.45
22.169444444444444,-0.445
22.17222222222222,-0.455
22.175,-0.47
22.177777777777777,-0.46
22.180555555555557,-0.455
22.183333333333334,-0.435
22.18611111111111,-0.445
22.18888888888889,-0.465
22.191666666666666,-0.46
22.194444444444443,-0.45
22.197222222222223,-0.445
22.2,-0.43
22.20277777777778,-0.43
22.205555555555556,-0.44
22.208333333333332,-0.46
22.211111111111112,-0.46
22.21388888888889,-0.44
22.216666666666665,-0.43
22.219444444444445,-0.445
22.22222222222222,-0.465
22.225,-0.475
22.227777777777778,-0.44
22.230555555555554,-0.425
22.233333333333334,-0.425
22.23611111111111,-0.445
22.238888888888887,-0.45
22.241666666666667,-0.445
22.244444444444444,-0.45
22.247222222222224,-0.445
22.25,-0.44
22.252777777777776,-0.43
22.255555555555556,-0.45
22.258333333333333,-0.465
22.261111111111113,-0.455
22.26388888888889,-0.455
22.266666666666666,-0.435
22.269444444444446,-0.45
22.272222222222222,-0.465
22.275,-0.465
22.27777777777778,-0.465
22.280555555555555,-0.445
22.283333333333335,-0.45
22.28611111111111,-0.445
22.288888888888888,-0.46
22.291666666666668,-0.485
22.294444444444444,-0.475
22.29722222222222,-0.47
22.3,-0.455
22.302777777777777,-0.465
22.305555555555557,-0.475
22.308333333333334,-0.47
22.31111111111111,-0.46
22.31388888888889,-0.465
22.316666666666666,-0.45
22.319444444444443,-0.45
22.322222222222223,-0.445
22.325,-0.465
22.32777777777778,-0.48
22.330555555555556,-0.465
22.333333333333332,-0.445
22.336111111111112,-0.465
22.33888888888889,-0.47
22.341666666666665,-0.46
22.344444444444445,-0.465
22.34722222222222,-0.455
22.35,-0.46
22.352777777777778,-0.45
22.355555555555554,-0.47
22.358333333333334,-0.485
22.36111111111111,-0.49
22.363888888888887,-0.475
22.366666666666667,-0.45
22.369444444444444,-0.475
22.372222222222224,-0.515
22.375,-0.51
22.377777777777776,-0.5
22.380555555555556,-0.49
22.383333333333333,-0.485
22.386111111111113,-0.49
22.38888888888889,-0.5
22.391666666666666,-0.525
22.394444444444446,-0.515
22.397222222222222,-0.51
22.4,-0.485
22.40277777777778,-0.515
22.405555555555555,-0.53
22.408333333333335,-0.525
22.41111111111111,-0.515
22.413888888888888,-0.525
22.416666666666668,-0.515
22.419444444444444,-0.515
22.42222222222222,-0.515
22.425,-0.525
22.427777777777777,-0.525
22.430555555555557,-0.505
22.433333333333334,-0.49
22.43611111111111,-0.5
22.43888888888889,-0.51
22.441666666666666,-0.52
22.444444444444443,-0.5
22.447222222222223,-0.5
22.45,-0.495
22.45277777777778,-0.495
22.455555555555556,-0.515
22.458333333333332,-0.515
22.461111111111112,-0.51
22.46388888888889,-0.485
22.466666666666665,-0.47
22.469444444444445,-0.49
22.47222222222222,-0.5
22.475,-0.495
22.477777777777778,-0.495
22.480555555555554,-0.49
22.483333333333334,-0.485
22.48611111111111,-0.485
22.488888888888887,-0.5
22.491666666666667,-0.515
22.494444444444444,-0.525
22.497222222222224,-0.52
22.5,-0.505
22.502777777777776,-0.535
22.505555555555556,-0.52
22.508333333333333,-0.52
22.511111111111113,-0.515
22.51388888888889,-0.5
22.516666666666666,-0.495
22.519444444444446,-0.51
22.522222222222222,-0.51
22.525,-0.53
22.52777777777778,-0.525
22.530555555555555,-0.515
22.533333333333335,-0.515
22.53611111111111,-0.52
22.538888888888888,-0.545
22.541666666666668,-0.55
22.544444444444444,-0.545
22.54722222222222,-0.54
22.55,-0.545
22.552777777777777,-0.56
22.555555555555557,-0.55
22.558333333333334,-0.555
22.56111111111111,-0.56
22.56388888888889,-0.535
22.566666666666666,-0.52
22.569444444444443,-0.545
22.572222222222223,-0.57
22.575,-0.57
22.57777777777778,-0.565
22.580555555555556,-0.56
22.583333333333332,-0.555
22.586111111111112,-0.57
22.58888888888889,-0.545
22.591666666666665,-0.495
22.594444444444445,-0.455
22.59722222222222,-0.445
22.6,-0.4
22.602777777777778,-0.365
22.605555555555554,-0.315
22.608333333333334,-0.245
22.61111111111111,-0.185
22.613888888888887,-0.1
22.616666666666667,-0.04
22.619444444444444,0.06
22.622222222222224,0.165
22.625,0.37
22.627777777777776,0.67
22.630555555555556,0.955
22.633333333333333,1.15
22.636111111111113,1.24
22.63888888888889,1.25
22.641666666666666,1.28
22.644444444444446,1.345
22.647222222222222,1.405
22.65,1.42
22.65277777777778,1.385
22.655555555555555,1.33
22.658333333333335,1.195
22.66111111111111,1.015
22.663888888888888,0.875
22.666666666666668,0.725
22.669444444444444,0.515
22.67222222222222,0.225
22.675,-0.055
22.677777777777777,-0.275
22.680555555555557,-0.42
22.683333333333334,-0.565
22.68611111111111,-0.71
22.68888888888889,-0.76
22.691666666666666,-0.77
22.694444444444443,-0.755
22.697222222222223,-0.78
22.7,-0.805
22.70277777777778,-0.835
22.705555555555556,-0.87
22.708333333333332,-0.895
22.711111111111112,-0.905
22.71388888888889,-0.9
22.716666666666665,-0.895
22.719444444444445,-0.915
22.72222222222222,-0.945
22.725,-0.965
22.727777777777778,-0.935
22.730555555555554,-0.925
22.733333333333334,-0.93
22.73611111111111,-0.935
22.738888888888887,-0.96
22.741666666666667,-0.965
22.744444444444444,-0.96
22.747222222222224,-0.96
22.75,-0.945
22.752777777777776,-0.94
22.755555555555556,-0.95
22.758333333333333,-0.955
22.761111111111113,-0.97
22.76388888888889,-0.935
22.766666666666666,-0.92
22.769444444444446,-0.93
22.772222222222222,-0.94
22.775,-0.945
22.77777777777778,-0.925
22.780555555555555,-0.92
22.783333333333335,-0.925
22.78611111111111,-0.94
22.788888888888888,-0.96
22.791666666666668,-0.955
22.794444444444444,-0.96
22.79722222222222,-0.955
22.8,-0.93
22.802777777777777,-0.935
22.805555555555557,-0.955
22.808333333333334,-0.96
22.81111111111111,-0.945
22.81388888888889,-0.925
22.816666666666666,-0.925
22.819444444444443,-0.93
22.822222222222223,-0.94
22.825,-0.915
22.82777777777778,-0.905
22.830555555555556,-0.88
22.833333333333332,-0.86
22.836111111111112,-0.865
22.83888888888889,-0.855
22.841666666666665,-0.855
22.844444444444445,-0.83
22.84722222222222,-0.79
22.85,-0.75
22.852777777777778,-0.735
22.855555555555554,-0.74
22.858333333333334,-0.725
22.86111111111111,-0.685
22.863888888888887,-0.655
22.866666666666667,-0.625
22.869444444444444,-0.6
22.872222222222224,-0.59
22.875,-0.595
22.877777777777776,-0.57
22.880555555555556,-0.545
22.883333333333333,-0.525
22.886111111111113,-0.54
22.88888888888889,-0.565
22.891666666666666,-0.575
22.894444444444446,-0.57
22.897222222222222,-0.54
22.9,-0.56
22.90277777777778,-0.59
22.905555555555555,-0.585
22.908333333333335,-0.59
22.91111111111111,-0.585
22.913888888888888,-0.57
22.916666666666668,-0.55
22.919444444444444,-0.555
22.92222222222222,-0.56
22.925,-0.55
22.927777777777777,-0.535
22.930555555555557,-0.52
22.933333333333334,-0.51
22.93611111111111,-0.52
22.93888888888889,-0.535
22.941666666666666,-0.53
22.944444444444443,-0.535
22.947222222222223,-0.53
22.95,-0.52
22.95277777777778,-0.52
22.955555555555556,-0.535
22.958333333333332,-0.535
22.961111111111112,-0.525
22.96388888888889,-0.5
22.966666666666665,-0.5
22.969444444444445,-0.505
22.97222222222222,-0.505
22.975,-0.52
22.977777777777778,-0.505
22.980555555555554,-0.5
22.983333333333334,-0.48
22.98611111111111,-0.51
22.988888888888887,-0.505
22.991666666666667,-0.51
22.994444444444444,-0.505
22.997222222222224,-0.485
23.0,-0.485
23.002777777777776,-0.515
23.005555555555556,-0.535
23.008333333333333,-0.53
23.011111111111113,-0.51
23.01388888888889,-0.475
23.016666666666666,-0.46
23.019444444444446,-0.405
23.022222222222222,-0.375
23.025,-0.355
23.02777777777778,-0.345
23.030555555555555,-0.39
23.033333333333335,-0.455
23.03611111111111,-0.505
23.038888888888888,-0.56
23.041666666666668,-0.57
23.044444444444444,-0.515
23.04722222222222,-0.41
23.05,-0.32
23.052777777777777,-0.295
23.055555555555557,-0.245
23.058333333333334,-0.09
23.06111111111111,0.18
23.06388888888889,0.485
23.066666666666666,0.725
23.069444444444443,0.855
23.072222222222223,0.925
23.075,0.995
23.07777777777778,1.135
23.080555555555556,1.285
23.083333333333332,1.36
23.086111111111112,1.375
23.08888888888889,1.38
23.091666666666665,1.375
23.094444444444445,1.335
23.09722222222222,1.245
23.1,1.09
23.102777777777778,0.925
23.105555555555554,0.785
23.108333333333334,0.62
23.11111111111111,0.395
23.113888888888887,0.165
23.116666666666667,-0.025
23.119444444444444,-0.24
23.122222222222224,-0.475
23.125,-0.62
23.127777777777776,-0.65
23.130555555555556,-0.65
23.133333333333333,-0.665
23.136111111111113,-0.685
23.13888888888889,-0.715
23.141666666666666,-0.735
23.144444444444446,-0.735
23.147222222222222,-0.745
23.15,-0.76
23.15277777777778,-0.77
23.155555555555555,-0.785
23.158333333333335,-0.805
23.16111111111111,-0.805
23.163888888888888,-0.81
23.166666666666668,-0.775
23.169444444444444,-0.805
23.17222222222222,-0.83
23.175,-0.82
23.177777777777777,-0.805
23.180555555555557,-0.795
23.183333333333334,-0.775
23.18611111111111,-0.8
23.18888888888889,-0.805
23.191666666666666,-0.795
23.194444444444443,-0.775
23.197222222222223,-0.785
23.2,-0.785
23.20277777777778,-0.78
23.205555555555556,-0.78
23.208333333333332,-0.77
23.211111111111112,-0.75
23.21388888888889,-0.745
23.216666666666665,-0.73
23.219444444444445,-0.72
23.22222222222222,-0.725
23.225,-0.72
23.227777777777778,-0.69
23.230555555555554,-0.67
23.233333333333334,-0.64
23.23611111111111,-0.635
23.238888888888887,-0.65
23.241666666666667,-0.64
23.244444444444444,-0.615
23.247222222222224,-0.605
23.25,-0.59
23.252777777777776,-0.6
23.255555555555556,-0.585
23.258333333333333,-0.58
23.261111111111113,-0.56
23.26388888888889,-0.55
23.266666666666666,-0.52
23.269444444444446,-0.49
23.272222222222222,-0.495
23.275,-0.485
23.27777777777778,-0.455
23.280555555555555,-0.42
23.283333333333335,-0.38
23.28611111111111,-0.38
23.288888888888888,-0.38
23.291666666666668,-0.355
23.294444444444444,-0.33
23.29722222222222,-0.31
23.3,-0.3
23.302777777777777,-0.29
23.305555555555557,-0.28
23.308333333333334,-0.285
23.31111111111111,-0.275
23.31388888888889,-0.25
23.316666666666666,-0.22
23.319444444444443,-0.225
23.322222222222223,-0.25
23.325,-0.265
23.32777777777778,-0.255
23.330555555555556,-0.23
23.333333333333332,-0.225
23.336111111111112,-0.23
23.33888888888889,-0.255
23.341666666666665,-0.255
23.344444444444445,-0.27
23.34722222222222,-0.245
23.35,-0.23
23.352777777777778,-0.25
23.355555555555554,-0.28
23.358333333333334,-0.285
23.36111111111111,-0.275
23.363888888888887,-0.26
23.366666666666667,-0.275
23.369444444444444,-0.285
23.372222222222224,-0.29
23.375,-0.305
23.377777777777776,-0.325
23.380555555555556,-0.31
23.383333333333333,-0.3
23.386111111111113,-0.315
23.38888888888889,-0.315
23.391666666666666,-0.345
23.394444444444446,-0.325
23.397222222222222,-0.3
23.4,-0.285
23.40277777777778,-0.29
23.405555555555555,-0.295
23.408333333333335,-0.3
23.41111111111111,-0.32
23.413888888888888,-0.305
23.416666666666668,-0.3
23.419444444444444,-0.305
23.42222222222222,-0.325
23.425,-0.33
23.427777777777777,-0.31
23.430555555555557,-0.275
23.433333333333334,-0.265
23.43611111111111,-0.255
23.43888888888889,-0.235
23.441666666666666,-0.235
23.444444444444443,-0.205
23.447222222222223,-0.195
23.45,-0.175
23.45277777777778,-0.17
23.455555555555556,-0.185
23.458333333333332,-0.19
23.461111111111112,-0.18
23.46388888888889,-0.155
23.466666666666665,-0.15
23.469444444444445,-0.17
23.47222222222222,-0.175
23.475,-0.17
23.477777777777778,-0.155
23.480555555555554,-0.14
23.483333333333334,-0.125
23.48611111111111,-0.13
23.488888888888887,-0.14
23.491666666666667,-0.15
23.494444444444444,-0.16
23.497222222222224,-0.125
23.5,-0.125
23.502777777777776,-0.13
23.505555555555556,-0.14
23.508333333333333,-0.15
23.511111111111113,-0.155
23.51388888888889,-0.145
23.516666666666666,-0.135
23.519444444444446,-0.15
23.522222222222222,-0.165
23.525,-0.195
23.52777777777778,-0.185
23.530555555555555,-0.145
23.533333333333335,-0.135
23.53611111111111,-0.155
23.538888888888888,-0.18
23.541666666666668,-0.2
23.544444444444444,-0.175
23.54722222222222,-0.17
23.55,-0.165
23.552777777777777,-0.17
23.555555555555557,-0.19
23.558333333333334,-0.185
23.56111111111111,-0.19
23.56388888888889,-0.15
23.566666666666666,-0.135
23.569444444444443,-0.15
23.572222222222223,-0.155
23.575,-0.16
23.57777777777778,-0.15
23.580555555555556,-0.14
23.583333333333332,-0.14
23.586111111111112,-0.125
23.58888888888889,-0.12
23.591666666666665,-0.12
23.594444444444445,-0.11
23.59722222222222,-0.095
23.6,-0.085
23.602777777777778,-0.055
23.605555555555554,-0.075
23.608333333333334,-0.085
23.61111111111111,-0.05
23.613888888888887,-0.03
23.616666666666667,-0.02
23.619444444444444,-0.03
23.622222222222224,-0.055
23.625,-0.04
23.627777777777776,-0.03
23.630555555555556,-0.005
23.633333333333333,0.025
23.636111111111113,0.0
23.63888888888889,-0.005
23.641666666666666,-0.005
23.644444444444446,0.005
23.647222222222222,0.005
23.65,0.035
23.65277777777778,0.025
23.655555555555555,0.03
23.658333333333335,0.02
23.66111111111111,0.045
23.663888888888888,0.055
23.666666666666668,0.07
23.669444444444444,0.115
23.67222222222222,0.16
23.675,0.185
23.677777777777777,0.215
23.680555555555557,0.28
23.683333333333334,0.375
23.68611111111111,0.475
23.68888888888889,0.535
23.691666666666666,0.585
23.694444444444443,0.65
23.697222222222223,0.76
23.7,0.895
23.70277777777778,1.085
23.705555555555556,1.325
23.708333333333332,1.565
23.711111111111112,1.775
23.71388888888889,1.87
23.716666666666665,1.91
23.719444444444445,1.925
23.72222222222222,1.98
23.725,2.015
23.727777777777778,1.985
23.730555555555554,1.945
23.733333333333334,1.85
23.73611111111111,1.7
23.738888888888887,1.51
23.741666666666667,1.335
23.744444444444444,1.155
23.747222222222224,0.95
23.75,0.735
23.752777777777776,0.485
23.755555555555556,0.295
23.758333333333333,0.135
23.761111111111113,-0.005
23.76388888888889,-0.09
23.766666666666666,-0.125
23.769444444444446,-0.13
23.772222222222222,-0.16
23.775,-0.175
23.77777777777778,-0.19
23.780555555555555,-0.215
23.783333333333335,-0.225
23.78611111111111,-0.245
23.788888888888888,-0.245
23.791666666666668,-0.27
23.794444444444444,-0.265
23.79722222222222,-0.265
23.8,-0.25
23.802777777777777,-0.255
23.805555555555557,-0.27
23.808333333333334,-0.28
23.81111111111111,-0.275
23.81388888888889,-0.25
23.816666666666666,-0.24
23.819444444444443,-0.255
23.822222222222223,-0.28
23.825,-0.29
23.82777777777778,-0.275
23.830555555555556,-0.28
23.833333333333332,-0.28
23.836111111111112,-0.29
23.83888888888889,-0.3
23.841666666666665,-0.3
23.844444444444445,-0.305
23.84722222222222,-0.3
23.85,-0.265
23.852777777777778,-0.26
23.855555555555554,-0.28
23.858333333333334,-0.305
23.86111111111111,-0.295
23.863888888888887,-0.27
23.866666666666667,-0.245
23.869444444444444,-0.255
23.872222222222224,-0.265
23.875,-0.265
23.877777777777776,-0.255
23.880555555555556,-0.25
23.883333333333333,-0.24
23.886111111111113,-0.25
23.88888888888889,-0.245
23.891666666666666,-0.235
23.894444444444446,-0.225
23.897222222222222,-0.205
23.9,-0.18
23.90277777777778,-0.165
23.905555555555555,-0.175
23.908333333333335,-0.18
23.91111111111111,-0.15
23.913888888888888,-0.12
23.916666666666668,-0.11
23.919444444444444,-0.11
23.92222222222222,-0.105
23.925,-0.09
23.927777777777777,-0.065
23.930555555555557,-0.045
23.933333333333334,-0.02
23.93611111111111,0.0
23.93888888888889,0.025
23.941666666666666,0.055
23.944444444444443,0.09
23.947222222222223,0.105
23.95,0.16
23.95277777777778,0.155
23.955555555555556,0.14
23.958333333333332,0.15
23.961111111111112,0.17
23.96388888888889,0.185
23.966666666666665,0.19
23.969444444444445,0.175
23.97222222222222,0.175
23.975,0.18
23.977777777777778,0.18
23.980555555555554,0.195
23.983333333333334,0.21
23.98611111111111,0.205
23.988888888888887,0.19
23.991666666666667,0.175
23.994444444444444,0.18
23.997222222222224,0.205
24.0,0.205
24.002777777777776,0.17
24.005555555555556,0.145
24.008333333333333,0.16
24.011111111111113,0.17
24.01388888888889,0.18
24.016666666666666,0.18
24.019444444444446,0.165
24.022222222222222,0.175
24.025,0.155
24.02777777777778,0.155
24.030555555555555,0.17
24.033333333333335,0.17
24.03611111111111,0.175
24.038888888888888,0.165
24.041666666666668,0.16
24.044444444444444,0.165
24.04722222222222,0.175
24.05,0.2
24.052777777777777,0.19
24.055555555555557,0.165
24.058333333333334,0.17
24.06111111111111,0.21
24.06388888888889,0.23
24.066666666666666,0.235
24.069444444444443,0.23
24.072222222222223,0.205
24.075,0.2
24.07777777777778,0.215
24.080555555555556,0.2
24.083333333333332,0.225
24.086111111111112,0.225
24.08888888888889,0.225
24.091666666666665,0.195
24.094444444444445,0.2
24.09722222222222,0.205
24.1,0.23
24.102777777777778,0.22
24.105555555555554,0.2
24.108333333333334,0.195
24.11111111111111,0.22
24.113888888888887,0.235
24.116666666666667,0.225
24.119444444444444,0.23
24.122222222222224,0.225
24.125,0.23
24.127777777777776,0.23
24.130555555555556,0.25
24.133333333333333,0.265
24.136111111111113,0.255
24.13888888888889,0.225
24.141666666666666,0.23
24.144444444444446,0.24
24.147222222222222,0.265
24.15,0.25
24.15277777777778,0.235
24.155555555555555,0.215
24.158333333333335,0.22
24.16111111111111,0.24
24.163888888888888,0.23
24.166666666666668,0.235
24.169444444444444,0.24
24.17222222222222,0.215
24.175,0.2
24.177777777777777,0.21
24.180555555555557,0.215
24.183333333333334,0.235
24.18611111111111,0.235
24.18888888888889,0.225
24.191666666666666,0.21
24.194444444444443,0.225
24.197222222222223,0.25
24.2,0.275
24.20277777777778,0.28
24.205555555555556,0.265
24.208333333333332,0.255
24.211111111111112,0.27
24.21388888888889,0.295
24.216666666666665,0.3
24.219444444444445,0.28
24.22222222222222,0.265
24.225,0.27
24.227777777777778,0.285
24.230555555555554,0.29
24.233333333333334,0.28
24.23611111111111,0.265
24.238888888888887,0.25
24.241666666666667,0.25
24.244444444444444,0.255
24.247222222222224,0.26
24.25,0.25
24.252777777777776,0.25
24.255555555555556,0.24
24.258333333333333,0.245
24.261111111111113,0.23
24.26388888888889,0.24
24.266666666666666,0.27
24.269444444444446,0.275
24.272222222222222,0.245
24.275,0.24
24.27777777777778,0.24
24.280555555555555,0.255
24.283333333333335,0.26
24.28611111111111,0.235
24.288888888888888,0.215
24.291666666666668,0.21
24.294444444444444,0.225
24.29722222222222,0.235
24.3,0.225
24.302777777777777,0.22
24.305555555555557,0.195
24.308333333333334,0.205
24.31111111111111,0.205
24.31388888888889,0.21
24.316666666666666,0.22
24.319444444444443,0.22
24.322222222222223,0.215
24.325,0.195
24.32777777777778,0.185
24.330555555555556,0.2
24.333333333333332,0.215
24.336111111111112,0.215
24.33888888888889,0.17
24.341666666666665,0.16
24.344444444444445,0.185
24.34722222222222,0.215
24.35,0.205
24.352777777777778,0.185
24.355555555555554,0.185
24.358333333333334,0.195
24.36111111111111,0.205
24.363888888888887,0.205
24.366666666666667,0.215
24.369444444444444,0.21
24.372222222222224,0.195
24.375,0.18
24.377777777777776,0.175
24.380555555555556,0.205
24.383333333333333,0.215
24.386111111111113,0.22
24.38888888888889,0.195
24.391666666666666,0.18
24.394444444444446,0.195
24.397222222222222,0.22
24.4,0.21
24.40277777777778,0.195
24.405555555555555,0.185
24.408333333333335,0.195
24.41111111111111,0.19
24.413888888888888,0.195
24.416666666666668,0.21
24.419444444444444,0.215
24.42222222222222,0.215
24.425,0.185
24.427777777777777,0.19
24.430555555555557,0.205
24.433333333333334,0.205
24.43611111111111,0.185
24.43888888888889,0.17
24.441666666666666,0.175
24.444444444444443,0.185
24.447222222222223,0.195
24.45,0.19
24.45277777777778,0.175
24.455555555555556,0.155
24.458333333333332,0.15
24.461111111111112,0.145
24.46388888888889,0.155
24.466666666666665,0.16
24.469444444444445,0.155
24.47222222222222,0.135
24.475,0.11
24.477777777777778,0.11
24.480555555555554,0.125
24.483333333333334,0.125
24.48611111111111,0.09
24.488888888888887,0.105
24.491666666666667,0.095
24.494444444444444,0.095
24.497222222222224,0.1
24.5,0.125
24.502777777777776,0.125
24.505555555555556,0.1
24.508333333333333,0.085
24.511111111111113,0.09
24.51388888888889,0.11
24.516666666666666,0.12
24.519444444444446,0.105
24.522222222222222,0.095
24.525,0.1
24.52777777777778,0.125
24.530555555555555,0.115
24.533333333333335,0.095
24.53611111111111,0.08
24.538888888888888,0.07
24.541666666666668,0.06
24.544444444444444,0.055
24.54722222222222,0.08
24.55,0.09
24.552777777777777,0.08
24.555555555555557,0.05
24.558333333333334,0.04
24.56111111111111,0.06
24.56388888888889,0.065
24.566666666666666,0.055
24.569444444444443,0.05
24.572222222222223,0.015
24.575,0.015
24.57777777777778,0.03
24.580555555555556,0.04
24.583333333333332,0.05
24.586111111111112,0.045
24.58888888888889,0.035
24.591666666666665,0.015
24.594444444444445,0.02
24.59722222222222,0.05
24.6,0.065
24.602777777777778,0.09
24.605555555555554,0.125
24.608333333333334,0.17
24.61111111111111,0.21
24.613888888888887,0.25
24.616666666666667,0.34
24.619444444444444,0.435
24.622222222222224,0.485
24.625,0.57
24.627777777777776,0.665
24.630555555555556,0.805
24.633333333333333,1.05
24.636111111111113,1.345
24.63888888888889,1.58
24.641666666666666,1.75
24.644444444444446,1.825
24.647222222222222,1.845
24.65,1.89
24.65277777777778,1.91
24.655555555555555,1.89
24.658333333333335,1.865
24.66111111111111,1.795
24.663888888888888,1.675
24.666666666666668,1.505
24.669444444444444,1.315
24.67222222222222,1.14
24.675,0.935
24.677777777777777,0.72
24.680555555555557,0.505
24.683333333333334,0.31
24.68611111111111,0.12
24.68888888888889,-0.065
24.691666666666666,-0.21
24.694444444444443,-0.285
24.697222222222223,-0.295
24.7,-0.3
24.70277777777778,-0.355
24.705555555555556,-0.43
24.708333333333332,-0.45
24.711111111111112,-0.46
24.71388888888889,-0.48
24.716666666666665,-0.49
24.719444444444445,-0.515
24.72222222222222,-0.535
24.725,-0.54
24.727777777777778,-0.54
24.730555555555554,-0.545
24.733333333333334,-0.53
24.73611111111111,-0.54
24.738888888888887,-0.565
24.741666666666667,-0.585
24.744444444444444,-0.59
24.747222222222224,-0.555
24.75,-0.55
24.752777777777776,-0.575
24.755555555555556,-0.6
24.758333333333333,-0.61
24.761111111111113,-0.585
24.76388888888889,-0.575
24.766666666666666,-0.57
24.769444444444446,-0.59
24.772222222222222,-0.605
24.775,-0.595
24.77777777777778,-0.6
24.780555555555555,-0.585
24.783333333333335,-0.58
24.78611111111111,-0.585
24.788888888888888,-0.585
24.791666666666668,-0.59
24.794444444444444,-0.605
24.79722222222222,-0.585
24.8,-0.58
24.802777777777777,-0.57
24.805555555555557,-0.575
24.808333333333334,-0.58
24.81111111111111,-0.57
24.81388888888889,-0.545
24.816666666666666,-0.52
24.819444444444443,-0.53
24.822222222222223,-0.55
24.825,-0.545
24.82777777777778,-0.53
24.830555555555556,-0.51
24.833333333333332,-0.515
24.836111111111112,-0.535
24.83888888888889,-0.54
24.841666666666665,-0.535
24.844444444444445,-0.515
24.84722222222222,-0.51
24.85,-0.515
24.852777777777778,-0.525
24.855555555555554,-0.51
24.858333333333334,-0.51
24.86111111111111,-0.495
24.863888888888887,-0.49
24.866666666666667,-0.47
24.869444444444444,-0.45
24.872222222222224,-0.47
24.875,-0.465
24.877777777777776,-0.445
24.880555555555556,-0.41
24.883333333333333,-0.375
24.886111111111113,-0.35
24.88888888888889,-0.36
24.891666666666666,-0.35
24.894444444444446,-0.325
24.897222222222222,-0.305
24.9,-0.28
24.90277777777778,-0.285
24.905555555555555,-0.295
24.908333333333335,-0.28
24.91111111111111,-0.275
24.913888888888888,-0.26
24.916666666666668,-0.275
24.919444444444444,-0.27
24.92222222222222,-0.27
24.925,-0.265
24.927777777777777,-0.29
24.930555555555557,-0.265
24.933333333333334,-0.255
24.93611111111111,-0.265
24.93888888888889,-0.27
24.941666666666666,-0.28
24.944444444444443,-0.28
24.947222222222223,-0.26
24.95,-0.27
24.95277777777778,-0.28
24.955555555555556,-0.28
24.958333333333332,-0.285
24.961111111111112,-0.275
24.96388888888889,-0.265
24.966666666666665,-0.265
24.969444444444445,-0.26
24.97222222222222,-0.275
24.975,-0.29
24.977777777777778,-0.29
24.980555555555554,-0.3
24.983333333333334,-0.28
24.98611111111111,-0.29
24.988888888888887,-0.31
24.991666666666667,-0.34
24.994444444444444,-0.33
24.997222222222224,-0.315
25.0,-0.315
25.002777777777776,-0.345
25.005555555555556,-0.35
25.008333333333333,-0.355
25.011111111111113,-0.355
25.01388888888889,-0.345
25.016666666666666,-0.355
25.019444444444446,-0.365
25.022222222222222,-0.365
25.025,-0.375
25.02777777777778,-0.37
25.030555555555555,-0.355
25.033333333333335,-0.34
25.03611111111111,-0.35
25.038888888888888,-0.37
25.041666666666668,-0.37
25.044444444444444,-0.36
25.04722222222222,-0.365
25.05,-0.35
25.052777777777777,-0.375
25.055555555555557,-0.385
25.058333333333334,-0.385
25.06111111111111,-0.385
25.06388888888889,-0.375
25.066666666666666,-0.37
25.069444444444443,-0.37
25.072222222222223,-0.375
25.075,-0.375
25.07777777777778,-0.38
25.080555555555556,-0.355
25.083333333333332,-0.345
25.086111111111112,-0.335
25.08888888888889,-0.345
25.091666666666665,-0.355
25.094444444444445,-0.325
25.09722222222222,-0.315
25.1,-0.33
25.102777777777778,-0.315
25.105555555555554,-0.34
25.108333333333334,-0.325
25.11111111111111,-0.335
25.113888888888887,-0.325
25.116666666666667,-0.32
25.119444444444444,-0.33
25.122222222222224,-0.355
25.125,-0.36
25.127777777777776,-0.35
25.130555555555556,-0.33
25.133333333333333,-0.335
25.136111111111113,-0.35
25.13888888888889,-0.37
25.141666666666666,-0.37
25.144444444444446,-0.36
25.147222222222222,-0.365
25.15,-0.37
25.15277777777778,-0.37
25.155555555555555,-0.38
25.158333333333335,-0.38
25.16111111111111,-0.39
25.163888888888888,-0.38
25.166666666666668,-0.365
25.169444444444444,-0.385
25.17222222222222,-0.395
25.175,-0.42
25.177777777777777,-0.395
25.180555555555557,-0.375
25.183333333333334,-0.385
25.18611111111111,-0.39
25.18888888888889,-0.4
25.191666666666666,-0.385
25.194444444444443,-0.385
25.197222222222223,-0.365
25.2,-0.365
25.20277777777778,-0.375
25.205555555555556,-0.37
25.208333333333332,-0.37
25.211111111111112,-0.37
25.21388888888889,-0.37
25.216666666666665,-0.33
25.219444444444445,-0.35
25.22222222222222,-0.335
25.225,-0.35
25.227777777777778,-0.34
25.230555555555554,-0.325
25.233333333333334,-0.3
25.23611111111111,-0.32
25.238888888888887,-0.34
25.241666666666667,-0.33
25.244444444444444,-0.315
25.247222222222224,-0.285
25.25,-0.27
25.252777777777776,-0.245
25.255555555555556,-0.205
25.258333333333333,-0.155
25.261111111111113,-0.115
25.26388888888889,-0.07
25.266666666666666,-0.04
25.269444444444446,0.03
25.272222222222222,0.13
25.275,0.21
25.27777777777778,0.285
25.280555555555555,0.355
25.283333333333335,0.445
25.28611111111111,0.555
25.288888888888888,0.695
25.291666666666668,0.875
25.294444444444444,1.135
25.29722222222222,1.405
25.3,1.61
25.302777777777777,1.745
25.305555555555557,1.8
25.308333333333334,1.795
25.31111111111111,1.815
25.31388888888889,1.87
25.316666666666666,1.89
25.319444444444443,1.83
25.322222222222223,1.745
25.325,1.635
25.32777777777778,1.485
25.330555555555556,1.335
25.333333333333332,1.15
25.336111111111112,0.96
25.33888888888889,0.755
25.341666666666665,0.53
25.344444444444445,0.3
25.34722222222222,0.11
25.35,-0.07
25.352777777777778,-0.25
25.355555555555554,-0.415
25.358333333333334,-0.505
25.36111111111111,-0.515
25.363888888888887,-0.505
25.366666666666667,-0.51
25.369444444444444,-0.55
25.372222222222224,-0.55
25.375,-0.58
25.377777777777776,-0.59
25.380555555555556,-0.6
25.383333333333333,-0.605
25.386111111111113,-0.595
25.38888888888889,-0.63
25.391666666666666,-0.645
25.394444444444446,-0.645
25.397222222222222,-0.635
25.4,-0.625
25.40277777777778,-0.635
25.405555555555555,-0.665
25.408333333333335,-0.66
25.41111111111111,-0.655
25.413888888888888,-0.625
25.416666666666668,-0.62
25.419444444444444,-0.65
25.42222222222222,-0.645
25.425,-0.64
25.427777777777777,-0.63
25.430555555555557,-0.615
25.433333333333334,-0.61
25.43611111111111,-0.6
25.43888888888889,-0.585
25.441666666666666,-0.59
25.444444444444443,-0.585
25.447222222222223,-0.56
25.45,-0.53
25.45277777777778,-0.525
25.455555555555556,-0.53
25.458333333333332,-0.525
25.461111111111112,-0.52
25.46388888888889,-0.485
25.466666666666665,-0.47
25.469444444444445,-0.48
25.47222222222222,-0.465
25.475,-0.465
25.477777777777778,-0.45
25.480555555555554,-0.43
25.483333333333334,-0.42
25.48611111111111,-0.405
25.488888888888887,-0.405
25.491666666666667,-0.385
25.494444444444444,-0.385
25.497222222222224,-0.365
25.5,-0.34
25.502777777777776,-0.335
25.505555555555556,-0.34
25.508333333333333,-0.325
25.511111111111113,-0.31
25.51388888888889,-0.27
25.516666666666666,-0.245
25.519444444444446,-0.23
25.522222222222222,-0.24
25.525,-0.245
25.52777777777778,-0.22
25.530555555555555,-0.16
25.533333333333335,-0.155
25.53611111111111,-0.145
25.538888888888888,-0.14
25.541666666666668,-0.125
25.544444444444444,-0.11
25.54722222222222,-0.095
25.55,-0.085
25.552777777777777,-0.07
25.555555555555557,-0.065
25.558333333333334,-0.09
25.56111111111111,-0.09
25.56388888888889,-0.07
25.566666666666666,-0.075
25.569444444444443,-0.095
25.572222222222223,-0.115
25.575,-0.115
25.57777777777778,-0.13
25.580555555555556,-0.115
25.583333333333332,-0.125
25.586111111111112,-0.14
25.58888888888889,-0.16
25.591666666666665,-0.155
25.594444444444445,-0.165
25.59722222222222,-0.16
25.6,-0.15
25.602777777777778,-0.175
25.605555555555554,-0.2
25.608333333333334,-0.22
25.61111111111111,-0.205
25.613888888888887,-0.2
25.616666666666667,-0.2
25.619444444444444,-0.225
25.622222222222224,-0.24
25.625,-0.25
25.627777777777776,-0.26
25.630555555555556,-0.25
25.633333333333333,-0.235
25.636111111111113,-0.25
25.63888888888889,-0.275
25.641666666666666,-0.285
25.644444444444446,-0.26
25.647222222222222,-0.22
25.65,-0.22
25.65277777777778,-0.23
25.655555555555555,-0.24
25.658333333333335,-0.235
25.66111111111111,-0.225
25.663888888888888,-0.21
25.666666666666668,-0.2
25.669444444444444,-0.2
25.67222222222222,-0.21
25.675,-0.2
25.677777777777777,-0.2
25.680555555555557,-0.18
25.683333333333334,-0.18
25.68611111111111,-0.185
25.68888888888889,-0.19
25.691666666666666,-0.18
25.694444444444443,-0.17
25.697222222222223,-0.155
25.7,-0.155
25.70277777777778,-0.175
25.705555555555556,-0.16
25.708333333333332,-0.15
25.711111111111112,-0.16
25.71388888888889,-0.14
25.716666666666665,-0.125
25.719444444444445,-0.12
25.72222222222222,-0.14
25.725,-0.15
25.727777777777778,-0.135
25.730555555555554,-0.12
25.733333333333334,-0.105
25.73611111111111,-0.115
25.738888888888887,-0.13
25.741666666666667,-0.125
25.744444444444444,-0.115
25.747222222222224,-0.105
25.75,-0.11
25.752777777777776,-0.125
25.755555555555556,-0.135
25.758333333333333,-0.155
25.761111111111113,-0.145
25.76388888888889,-0.08
25.766666666666666,-0.01
25.769444444444446,0.025
25.772222222222222,0.05
25.775,0.13
25.77777777777778,0.25
25.780555555555555,0.35
25.783333333333335,0.39
25.78611111111111,0.445
25.788888888888888,0.54
25.791666666666668,0.705
25.794444444444444,0.975
25.79722222222222,1.315
25.8,1.605
25.802777777777777,1.8
25.805555555555557,1.87
25.808333333333334,1.9
25.81111111111111,1.96
25.81388888888889,1.985
25.816666666666666,1.97
25.819444444444443,1.91
25.822222222222223,1.83
25.825,1.69
25.82777777777778,1.54
25.830555555555556,1.4
25.833333333333332,1.255
25.836111111111112,1.09
25.83888888888889,0.9
25.841666666666665,0.68
25.844444444444445,0.46
25.84722222222222,0.285
25.85,0.095
25.852777777777778,-0.075
25.855555555555554,-0.18
25.858333333333334,-0.205
25.86111111111111,-0.2
25.863888888888887,-0.2
25.866666666666667,-0.22
25.869444444444444,-0.26
25.872222222222224,-0.285
25.875,-0.305
25.877777777777776,-0.305
25.880555555555556,-0.3
25.883333333333333,-0.295
25.886111111111113,-0.315
25.88888888888889,-0.345
25.891666666666666,-0.35
25.894444444444446,-0.335
25.897222222222222,-0.335
25.9,-0.335
25.90277777777778,-0.35
25.905555555555555,-0.35
25.908333333333335,-0.37
25.91111111111111,-0.37
25.913888888888888,-0.36
25.916666666666668,-0.35
25.919444444444444,-0.35
25.92222222222222,-0.37
25.925,-0.385
25.927777777777777,-0.395
25.930555555555557,-0.37
25.933333333333334,-0.365
25.93611111111111,-0.37
25.93888888888889,-0.38
25.941666666666666,-0.385
25.944444444444443,-0.36
25.947222222222223,-0.345
25.95,-0.33
25.95277777777778,-0.335
25.955555555555556,-0.33
25.958333333333332,-0.32
25.961111111111112,-0.31
25.96388888888889,-0.275
25.966666666666665,-0.255
25.969444444444445,-0.24
25.97222222222222,-0.235
25.975,-0.25
25.977777777777778,-0.215
25.980555555555554,-0.19
25.983333333333334,-0.155
25.98611111111111,-0.155
25.988888888888887,-0.16
25.991666666666667,-0.135
25.994444444444444,-0.095
25.997222222222224,-0.075
26.0,-0.04
26.002777777777776,-0.025
26.005555555555556,-0.005
26.008333333333333,0.03
26.011111111111113,0.055
26.01388888888889,0.09
26.016666666666666,0.14
26.019444444444446,0.155
26.022222222222222,0.15
26.025,0.155
26.02777777777778,0.19
26.030555555555555,0.22
26.033333333333335,0.245
26.03611111111111,0.23
26.038888888888888,0.23
26.041666666666668,0.24
26.044444444444444,0.24
26.04722222222222,0.23
26.05,0.24
26.052777777777777,0.22
26.055555555555557,0.185
26.058333333333334,0.175
26.06111111111111,0.17
26.06388888888889,0.17
26.066666666666666,0.175
26.069444444444443,0.145
26.072222222222223,0.115
26.075,0.1
26.07777777777778,0.085
26.080555555555556,0.08
26.083333333333332,0.09
26.086111111111112,0.08
26.08888888888889,0.065
26.091666666666665,0.06
26.094444444444445,0.08
26.09722222222222,0.09
26.1,0.09
26.102777777777778,0.09
26.105555555555554,0.08
26.108333333333334,0.085
26.11111111111111,0.095
26.113888888888887,0.1
26.116666666666667,0.085
26.119444444444444,0.085
26.122222222222224,0.08
26.125,0.09
26.127777777777776,0.09
26.130555555555556,0.115
26.133333333333333,0.14
26.136111111111113,0.14
26.13888888888889,0.105
26.141666666666666,0.1
26.144444444444446,0.13
26.147222222222222,0.17
26.15,0.205
26.15277777777778,0.265
26.155555555555555,0.33
26.158333333333335,0.355
26.16111111111111,0.415
26.163888888888888,0.45
26.166666666666668,0.51
26.169444444444444,0.535
26.17222222222222,0.555
26.175,0.62
26.177777777777777,0.765
26.180555555555557,1.01
26.183333333333334,1.27
26.18611111111111,1.465
26.18888888888889,1.555
26.191666666666666,1.62
26.194444444444443,1.72
26.197222222222223,1.78
26.2,1.815
26.20277777777778,1.8
26.205555555555556,1.74
26.208333333333332,1.65
26.211111111111112,1.52
26.21388888888889,1.385
26.216666666666665,1.255
26.219444444444445,1.075
26.22222222222222,0.845
26.225,0.625
26.227777777777778,0.445
26.230555555555554,0.28
26.233333333333334,0.15
26.23611111111111,0.075
26.238888888888887,0.045
26.241666666666667,0.03
26.244444444444444,0.01
26.247222222222224,0.005
26.25,0.005
26.252777777777776,-0.025
26.255555555555556,-0.055
26.258333333333333,-0.07
26.261111111111113,-0.075
26.26388888888889,-0.06
26.266666666666666,-0.08
26.269444444444446,-0.095
26.272222222222222,-0.105
26.275,-0.12
26.27777777777778,-0.135
26.280555555555555,-0.125
26.283333333333335,-0.125
26.28611111111111,-0.115
26.288888888888888,-0.15
26.291666666666668,-0.15
26.294444444444444,-0.135
26.29722222222222,-0.11
26.3,-0.125
26.302777777777777,-0.15
26.305555555555557,-0.14
26.308333333333334,-0.12
26.31111111111111,-0.115
26.31388888888889,-0.115
26.316666666666666,-0.13
26.319444444444443,-0.14
26.322222222222223,-0.145
26.325,-0.125
26.32777777777778,-0.125
26.330555555555556,-0.13
26.333333333333332,-0.1
26.336111111111112,-0.09
26.33888888888889,-0.1
26.341666666666665,-0.105
26.344444444444445,-0.085
26.34722222222222,-0.04
26.35,-0.015
26.352777777777778,-0.025
26.355555555555554,-0.04
26.358333333333334,-0.02
26.36111111111111,0.005
26.363888888888887,0.03
26.366666666666667,0.05
26.369444444444444,0.03
26.372222222222224,0.03
26.375,0.03
26.377777777777776,0.085
26.380555555555556,0.115
26.383333333333333,0.14
26.386111111111113,0.15
26.38888888888889,0.16
26.391666666666666,0.15
26.394444444444446,0.17
26.397222222222222,0.215
26.4,0.25
26.40277777777778,0.285
26.405555555555555,0.285
26.408333333333335,0.29
26.41111111111111,0.34
26.413888888888888,0.38
26.416666666666668,0.39
26.419444444444444,0.37
26.42222222222222,0.355
26.425,0.34
26.427777777777777,0.36
26.430555555555557,0.36
26.433333333333334,0.355
26.43611111111111,0.345
26.43888888888889,0.345
26.441666666666666,0.33
26.444444444444443,0.305
26.447222222222223,0.31
26.45,0.32
26.45277777777778,0.31
26.455555555555556,0.28
26.458333333333332,0.255
26.461111111111112,0.26
26.46388888888889,0.295
26.466666666666665,0.29
26.469444444444445,0.275
26.47222222222222,0.255
26.475,0.265
26.477777777777778,0.27
26.480555555555554,0.255
26.483333333333334,0.255
26.48611111111111,0.27
26.488888888888887,0.26
26.491666666666667,0.26
26.494444444444444,0.26
26.497222222222224,0.27
26.5,0.29
26.502777777777776,0.28
26.505555555555556,0.275
26.508333333333333,0.255
26.511111111111113,0.285
26.51388888888889,0.295
26.516666666666666,0.29
26.519444444444446,0.255
26.522222222222222,0.26
26.525,0.255
26.52777777777778,0.27
26.530555555555555,0.245
26.533333333333335,0.255
26.53611111111111,0.255
26.538888888888888,0.235
26.541666666666668,0.2
26.544444444444444,0.22
26.54722222222222,0.235
26.55,0.24
26.552777777777777,0.23
26.555555555555557,0.2
26.558333333333334,0.205
26.56111111111111,0.23
26.56388888888889,0.255
26.566666666666666,0.245
26.569444444444443,0.25
26.572222222222223,0.25
26.575,0.245
26.57777777777778,0.255
26.580555555555556,0.265
26.583333333333332,0.285
26.586111111111112,0.275
26.58888888888889,0.25
26.591666666666665,0.24
26.594444444444445,0.25
26.59722222222222,0.26
26.6,0.255
26.602777777777778,0.245
26.605555555555554,0.26
26.608333333333334,0.245
26.61111111111111,0.255
26.613888888888887,0.26
26.616666666666667,0.25
26.619444444444444,0.25
26.622222222222224,0.215
26.625,0.215
26.627777777777776,0.215
26.630555555555556,0.225
26.633333333333333,0.21
26.636111111111113,0.22
26.63888888888889,0.2
26.641666666666666,0.2
26.644444444444446,0.2
26.647222222222222,0.195
26.65,0.215
26.65277777777778,0.215
26.655555555555555,0.18
26.658333333333335,0.18
26.66111111111111,0.2
26.663888888888888,0.205
26.666666666666668,0.2
26.669444444444444,0.185
26.67222222222222,0.185
26.675,0.185
26.677777777777777,0.175
26.680555555555557,0.18
26.683333333333334,0.195
26.68611111111111,0.18
26.68888888888889,0.155
26.691666666666666,0.14
26.694444444444443,0.18
26.697222222222223,0.2
26.7,0.185
26.70277777777778,0.175
26.705555555555556,0.175
26.708333333333332,0.18
26.711111111111112,0.19
26.71388888888889,0.195
26.716666666666665,0.195
26.719444444444445,0.21
26.72222222222222,0.185
26.725,0.2
26.727777777777778,0.205
26.730555555555554,0.24
26.733333333333334,0.25
26.73611111111111,0.235
26.738888888888887,0.23
26.741666666666667,0.23
26.744444444444444,0.25
26.747222222222224,0.23
26.75,0.22
26.752777777777776,0.215
26.755555555555556,0.195
26.758333333333333,0.18
26.761111111111113,0.205
26.76388888888889,0.23
26.766666666666666,0.23
26.769444444444446,0.22
26.772222222222222,0.21
26.775,0.21
26.77777777777778,0.22
26.780555555555555,0.225
26.783333333333335,0.23
26.78611111111111,0.215
26.788888888888888,0.21
26.791666666666668,0.205
26.794444444444444,0.22
26.79722222222222,0.225
26.8,0.215
26.802777777777777,0.195
26.805555555555557,0.18
26.808333333333334,0.165
26.81111111111111,0.19
26.81388888888889,0.245
26.816666666666666,0.305
26.819444444444443,0.34
26.822222222222223,0.37
26.825,0.42
26.82777777777778,0.545
26.830555555555556,0.64
26.833333333333332,0.7
26.836111111111112,0.735
26.83888888888889,0.805
26.841666666666665,0.945
26.844444444444445,1.185
26.84722222222222,1.45
26.85,1.675
26.852777777777778,1.825
26.855555555555554,1.855
26.858333333333334,1.87
26.86111111111111,1.925
26.863888888888887,1.985
26.866666666666667,1.985
26.869444444444444,1.955
26.872222222222224,1.885
26.875,1.745
26.877777777777776,1.595
26.880555555555556,1.455
26.883333333333333,1.29
26.886111111111113,1.055
26.88888888888889,0.825
26.891666666666666,0.595
26.894444444444446,0.395
26.897222222222222,0.235
26.9,0.07
26.90277777777778,-0.04
26.905555555555555,-0.08
26.908333333333335,-0.1
26.91111111111111,-0.09
26.913888888888888,-0.105
26.916666666666668,-0.125
26.919444444444444,-0.16
26.92222222222222,-0.2
26.925,-0.225
26.927777777777777,-0.22
26.930555555555557,-0.225
26.933333333333334,-0.22
26.93611111111111,-0.265
26.93888888888889,-0.295
26.941666666666666,-0.295
26.944444444444443,-0.305
26.947222222222223,-0.315
26.95,-0.32
26.95277777777778,-0.325
26.955555555555556,-0.33
26.958333333333332,-0.34
26.961111111111112,-0.335
26.96388888888889,-0.315
26.966666666666665,-0.32
26.969444444444445,-0.33
26.97222222222222,-0.345
26.975,-0.335
26.977777777777778,-0.33
26.980555555555554,-0.32
26.983333333333334,-0.315
26.98611111111111,-0.315
26.988888888888887,-0.315
26.991666666666667,-0.335
26.994444444444444,-0.33
26.997222222222224,-0.31
27.0,-0.295
27.002777777777776,-0.325
27.005555555555556,-0.32
27.008333333333333,-0.305
27.011111111111113,-0.285
27.01388888888889,-0.265
27.016666666666666,-0.24
27.019444444444446,-0.225
27.022222222222222,-0.21
27.025,-0.205
27.02777777777778,-0.195
27.030555555555555,-0.165
27.033333333333335,-0.15
27.03611111111111,-0.155
27.038888888888888,-0.175
27.041666666666668,-0.16
27.044444444444444,-0.135
27.04722222222222,-0.115
27.05,-0.11
27.052777777777777,-0.095
27.055555555555557,-0.075
27.058333333333334,-0.05
27.06111111111111,-0.02
27.06388888888889,0.015
27.066666666666666,0.035
27.069444444444443,0.035
27.072222222222223,0.03
27.075,0.06
27.07777777777778,0.09
27.080555555555556,0.11
27.083333333333332,0.12
27.086111111111112,0.12
27.08888888888889,0.105
27.091666666666665,0.105
27.094444444444445,0.1
27.09722222222222,0.11
27.1,0.115
27.102777777777778,0.1
27.105555555555554,0.075
27.108333333333334,0.08
27.11111111111111,0.085
27.113888888888887,0.09
27.116666666666667,0.065
27.119444444444444,0.065
27.122222222222224,0.055
27.125,0.055
27.127777777777776,0.045
27.130555555555556,0.075
27.133333333333333,0.07
27.136111111111113,0.045
27.13888888888889,0.01
27.141666666666666,0.025
27.144444444444446,0.03
27.147222222222222,0.03
27.15,0.045
27.15277777777778,0.045
27.155555555555555,0.065
27.158333333333335,0.06
27.16111111111111,0.07
27.163888888888888,0.095
27.166666666666668,0.13
27.169444444444444,0.14
27.17222222222222,0.12
27.175,0.13
27.177777777777777,0.15
27.180555555555557,0.145
27.183333333333334,0.17
27.18611111111111,0.155
27.18888888888889,0.165
27.191666666666666,0.135
27.194444444444443,0.14
27.197222222222223,0.15
27.2,0.175
27.20277777777778,0.16
27.205555555555556,0.14
27.208333333333332,0.13
27.211111111111112,0.14
27.21388888888889,0.15
27.216666666666665,0.155
27.219444444444445,0.16
27.22222222222222,0.145
27.225,0.125
27.227777777777778,0.13
27.230555555555554,0.14
27.233333333333334,0.15
27.23611111111111,0.12
27.238888888888887,0.085
27.241666666666667,0.075
27.244444444444444,0.09
27.247222222222224,0.09
27.25,0.09
27.252777777777776,0.07
27.255555555555556,0.07
27.258333333333333,0.04
27.261111111111113,0.055
27.26388888888889,0.065
27.266666666666666,0.07
27.269444444444446,0.06
27.272222222222222,0.035
27.275,0.04
27.27777777777778,0.05
27.280555555555555,0.045
27.283333333333335,0.065
27.28611111111111,0.055
27.288888888888888,0.05
27.291666666666668,0.03
27.294444444444444,0.025
27.29722222222222,0.02
27.3,0.05
27.302777777777777,0.045
27.305555555555557,0.01
27.308333333333334,0.02
27.31111111111111,0.04
27.31388888888889,0.07
27.316666666666666,0.07
27.319444444444443,0.04
27.322222222222223,0.035
27.325,0.03
27.32777777777778,0.055
27.330555555555556,0.05
27.333333333333332,0.055
27.336111111111112,0.055
27.33888888888889,0.055
27.341666666666665,0.06
27.344444444444445,0.06
27.34722222222222,0.055
27.35,0.065
27.352777777777778,0.05
27.355555555555554,0.035
27.358333333333334,0.03
27.36111111111111,0.035
27.363888888888887,0.055
27.366666666666667,0.065
27.369444444444444,0.04
27.372222222222224,0.03
27.375,0.035
27.377777777777776,0.045
27.380555555555556,0.055
27.383333333333333,0.045
27.386111111111113,0.035
27.38888888888889,0.04
27.391666666666666,0.03
27.394444444444446,0.025
27.397222222222222,0.035
27.4,0.05
27.40277777777778,0.025
27.405555555555555,-0.01
27.408333333333335,-0.035
27.41111111111111,-0.04
27.413888888888888,-0.025
27.416666666666668,-0.015
27.419444444444444,-0.045
27.42222222222222,-0.045
27.425,-0.05
27.427777777777777,-0.04
27.430555555555557,-0.05
27.433333333333334,-0.055
27.43611111111111,-0.055
27.43888888888889,-0.07
27.441666666666666,-0.08
27.444444444444443,-0.08
27.447222222222223,-0.065
27.45,-0.05
27.45277777777778,-0.06
27.455555555555556,-0.075
27.458333333333332,-0.08
27.461111111111112,-0.055
27.46388888888889,-0.05
27.466666666666665,-0.045
27.469444444444445,-0.05
27.47222222222222,-0.04
27.475,-0.045
27.477777777777778,-0.035
27.480555555555554,-0.01
27.483333333333334,0.01
27.48611111111111,0.0
27.488888888888887,-0.02
27.491666666666667,-0.025
27.494444444444444,-0.03
27.497222222222224,0.01
27.5,-0.005
27.502777777777776,-0.01
27.505555555555556,-0.025
27.508333333333333,-0.01
27.511111111111113,-0.005
27.51388888888889,0.005
27.516666666666666,0.01
27.519444444444446,-0.01
27.522222222222222,-0.01
27.525,-0.02
27.52777777777778,-0.01
27.530555555555555,0.01
27.533333333333335,0.015
27.53611111111111,-0.005
27.538888888888888,-0.015
27.541666666666668,-0.02
27.544444444444444,-0.01
27.54722222222222,-0.015
27.55,-0.005
27.552777777777777,-0.025
27.555555555555557,-0.02
27.558333333333334,-0.025
27.56111111111111,-0.03
27.56388888888889,-0.02
27.566666666666666,0.005
27.569444444444443,-0.01
27.572222222222223,-0.02
27.575,-0.025
27.57777777777778,-0.015
27.580555555555556,-0.025
27.583333333333332,-0.025
27.586111111111112,-0.04
27.58888888888889,-0.035
27.591666666666665,-0.02
27.594444444444445,0.03
27.59722222222222,0.095
27.6,0.15
27.602777777777778,0.17
27.605555555555554,0.21
27.608333333333334,0.295
27.61111111111111,0.405
27.613888888888887,0.495
27.616666666666667,0.565
27.619444444444444,0.68
27.622222222222224,0.88
27.625,1.16
27.627777777777776,1.465
27.630555555555556,1.67
27.633333333333333,1.745
27.636111111111113,1.76
27.63888888888889,1.785
27.641666666666666,1.825
27.644444444444446,1.8
27.647222222222222,1.74
27.65,1.605
27.65277777777778,1.41
27.655555555555555,1.245
27.658333333333335,1.035
27.66111111111111,0.82
27.663888888888888,0.6
27.666666666666668,0.375
27.669444444444444,0.175
27.67222222222222,-0.02
27.675,-0.185
27.677777777777777,-0.26
27.680555555555557,-0.275
27.683333333333334,-0.28
27.68611111111111,-0.32
27.68888888888889,-0.37
27.691666666666666,-0.395
27.694444444444443,-0.4
27.697222222222223,-0.4
27.7,-0.42
27.70277777777778,-0.43
27.705555555555556,-0.45
27.708333333333332,-0.47
27.711111111111112,-0.465
27.71388888888889,-0.445
27.716666666666665,-0.44
27.719444444444445,-0.465
27.72222222222222,-0.48
27.725,-0.495
27.727777777777778,-0.47
27.730555555555554,-0.45
27.733333333333334,-0.45
27.73611111111111,-0.455
27.738888888888887,-0.45
27.741666666666667,-0.445
27.744444444444444,-0.435
27.747222222222224,-0.42
27.75,-0.405
27.752777777777776,-0.395
27.755555555555556,-0.41
27.758333333333333,-0.4
27.761111111111113,-0.365
27.76388888888889,-0.37
27.766666666666666,-0.34
27.769444444444446,-0.34
27.772222222222222,-0.355
27.775,-0.37
27.77777777777778,-0.345
27.780555555555555,-0.34
27.783333333333335,-0.33
27.78611111111111,-0.365
27.788888888888888,-0.375
27.791666666666668,-0.375
27.794444444444444,-0.35
27.79722222222222,-0.33
27.8,-0.33
27.802777777777777,-0.345
27.805555555555557,-0.355
27.808333333333334,-0.36
27.81111111111111,-0.34
27.81388888888889,-0.335
27.816666666666666,-0.335
27.819444444444443,-0.32
27.822222222222223,-0.31
27.825,-0.32
27.82777777777778,-0.3
27.830555555555556,-0.285
27.833333333333332,-0.25
27.836111111111112,-0.245
27.83888888888889,-0.26
27.841666666666665,-0.265
27.844444444444445,-0.25
27.84722222222222,-0.205
27.85,-0.17
27.852777777777778,-0.18
27.855555555555554,-0.18
27.858333333333334,-0.155
27.86111111111111,-0.105
27.863888888888887,-0.09
27.866666666666667,-0.09
27.869444444444444,-0.105
27.872222222222224,-0.105
27.875,-0.095
27.877777777777776,-0.095
27.880555555555556,-0.1
27.883333333333333,-0.1
27.886111111111113,-0.115
27.88888888888889,-0.115
27.891666666666666,-0.145
27.894444444444446,-0.16
27.897222222222222,-0.13
27.9,-0.125
27.90277777777778,-0.12
27.905555555555555,-0.155
27.908333333333335,-0.165
27.91111111111111,-0.13
27.913888888888888,-0.11
27.916666666666668,-0.105
27.919444444444444,-0.11
27.92222222222222,-0.115
27.925,-0.115
27.927777777777777,-0.09
27.930555555555557,-0.08
27.933333333333334,-0.075
27.93611111111111,-0.075
27.93888888888889,-0.085
27.941666666666666,-0.1
27.944444444444443,-0.1
27.947222222222223,-0.075
27.95,-0.09
27.95277777777778,-0.1
27.955555555555556,-0.12
27.958333333333332,-0.11
27.961111111111112,-0.095
27.96388888888889,-0.09
27.966666666666665,-0.09
27.969444444444445,-0.105
27.97222222222222,-0.11
27.975,-0.115
27.977777777777778,-0.12
27.980555555555554,-0.095
27.983333333333334,-0.085
27.98611111111111,-0.11
27.988888888888887,-0.145
27.991666666666667,-0.155
27.994444444444444,-0.15
27.997222222222224,-0.14
28.0,-0.15
28.002777777777776,-0.16
28.005555555555556,-0.17
28.008333333333333,-0.175
28.011111111111113,-0.185
28.01388888888889,-0.185
28.016666666666666,-0.19
28.019444444444446,-0.195
28.022222222222222,-0.185
28.025,-0.21
28.02777777777778,-0.22
28.030555555555555,-0.19
28.033333333333335,-0.18
28.03611111111111,-0.2
28.038888888888888,-0.205
28.041666666666668,-0.2
28.044444444444444,-0.205
28.04722222222222,-0.205
28.05,-0.19
28.052777777777777,-0.195
28.055555555555557,-0.215
28.058333333333334,-0.22
28.06111111111111,-0.21
28.06388888888889,-0.195
28.066666666666666,-0.195
28.069444444444443,-0.22
28.072222222222223,-0.215
28.075,-0.225
28.07777777777778,-0.2
28.080555555555556,-0.195
28.083333333333332,-0.195
28.086111111111112,-0.205
28.08888888888889,-0.21
28.091666666666665,-0.215
28.094444444444445,-0.205
28.09722222222222,-0.175
28.1,-0.16
28.102777777777778,-0.175
28.105555555555554,-0.2
28.108333333333334,-0.185
28.11111111111111,-0.16
28.113888888888887,-0.16
28.116666666666667,-0.175
28.119444444444444,-0.16
28.122222222222224,-0.17
28.125,-0.19
28.127777777777776,-0.17
28.130555555555556,-0.16
28.133333333333333,-0.165
28.136111111111113,-0.18
28.13888888888889,-0.205
28.141666666666666,-0.2
28.144444444444446,-0.17
28.147222222222222,-0.16
28.15,-0.15
28.15277777777778,-0.165
28.155555555555555,-0.165
28.158333333333335,-0.17
28.16111111111111,-0.155
28.163888888888888,-0.14
28.166666666666668,-0.145
28.169444444444444,-0.18
28.17222222222222,-0.18
28.175,-0.165
28.177777777777777,-0.165
28.180555555555557,-0.16
28.183333333333334,-0.155
28.18611111111111,-0.14
28.18888888888889,-0.15
28.191666666666666,-0.145
28.194444444444443,-0.125
28.197222222222223,-0.05
28.2,-0.005
28.20277777777778,0.025
28.205555555555556,0.055
28.208333333333332,0.145
28.211111111111112,0.255
28.21388888888889,0.355
28.216666666666665,0.41
28.219444444444445,0.51
28.22222222222222,0.615
28.225,0.805
28.227777777777778,1.08
28.230555555555554,1.37
28.233333333333334,1.54
28.23611111111111,1.61
28.238888888888887,1.62
28.241666666666667,1.67
28.244444444444444,1.7
28.247222222222224,1.665
28.25,1.61
28.252777777777776,1.47
28.255555555555556,1.285
28.258333333333333,1.075
28.261111111111113,0.89
28.26388888888889,0.715
28.266666666666666,0.465
28.269444444444446,0.215
28.272222222222222,-0.01
28.275,-0.205
28.27777777777778,-0.34
28.280555555555555,-0.41
28.283333333333335,-0.405
28.28611111111111,-0.425
28.288888888888888,-0.455
28.291666666666668,-0.49
28.294444444444444,-0.51
28.29722222222222,-0.52
28.3,-0.515
28.302777777777777,-0.535
28.305555555555557,-0.57
28.308333333333334,-0.57
28.31111111111111,-0.575
28.31388888888889,-0.55
28.316666666666666,-0.57
28.319444444444443,-0.6
28.322222222222223,-0.63
28.325,-0.6
28.32777777777778,-0.59
28.330555555555556,-0.6
28.333333333333332,-0.6
28.336111111111112,-0.61
28.33888888888889,-0.615
28.341666666666665,-0.615
28.344444444444445,-0.62
28.34722222222222,-0.625
28.35,-0.625
28.352777777777778,-0.615
28.355555555555554,-0.62
28.358333333333334,-0.655
28.36111111111111,-0.635
28.363888888888887,-0.6
28.366666666666667,-0.59
28.369444444444444,-0.625
28.372222222222224,-0.645
28.375,-0.625
28.377777777777776,-0.6
28.380555555555556,-0.6
28.383333333333333,-0.595
28.386111111111113,-0.61
28.38888888888889,-0.59
28.391666666666666,-0.58
28.394444444444446,-0.575
28.397222222222222,-0.555
28.4,-0.53
28.40277777777778,-0.525
28.405555555555555,-0.525
28.408333333333335,-0.53
28.41111111111111,-0.505
28.413888888888888,-0.465
28.416666666666668,-0.44
28.419444444444444,-0.45
28.42222222222222,-0.465
28.425,-0.45
28.427777777777777,-0.42
28.430555555555557,-0.39
28.433333333333334,-0.375
28.43611111111111,-0.36
28.43888888888889,-0.335
28.441666666666666,-0.3
28.444444444444443,-0.27
28.447222222222223,-0.245
28.45,-0.2
28.45277777777778,-0.175
28.455555555555556,-0.185
28.458333333333332,-0.18
28.461111111111112,-0.155
28.46388888888889,-0.115
28.466666666666665,-0.095
28.469444444444445,-0.14
28.47222222222222,-0.155
28.475,-0.165
28.477777777777778,-0.14
28.480555555555554,-0.15
28.483333333333334,-0.175
28.48611111111111,-0.19
28.488888888888887,-0.205
28.491666666666667,-0.21
28.494444444444444,-0.225
28.497222222222224,-0.23
28.5,-0.245
28.502777777777776,-0.26
28.505555555555556,-0.285
28.508333333333333,-0.305
28.511111111111113,-0.305
28.51388888888889,-0.295
28.516666666666666,-0.305
28.519444444444446,-0.32
28.522222222222222,-0.35
28.525,-0.355
28.52777777777778,-0.35
28.530555555555555,-0.345
28.533333333333335,-0.36
28.53611111111111,-0.36
28.538888888888888,-0.365
28.541666666666668,-0.365
28.544444444444444,-0.39
28.54722222222222,-0.375
28.55,-0.375
28.552777777777777,-0.395
28.555555555555557,-0.43
28.558333333333334,-0.43
28.56111111111111,-0.42
28.56388888888889,-0.415
28.566666666666666,-0.42
28.569444444444443,-0.445
28.572222222222223,-0.465
28.575,-0.46
28.57777777777778,-0.455
28.580555555555556,-0.455
28.583333333333332,-0.47
28.586111111111112,-0.465
28.58888888888889,-0.49
28.591666666666665,-0.495
28.594444444444445,-0.465
28.59722222222222,-0.46
28.6,-0.445
28.602777777777778,-0.47
28.605555555555554,-0.48
28.608333333333334,-0.47
28.61111111111111,-0.47
28.613888888888887,-0.465
28.616666666666667,-0.455
28.619444444444444,-0.455
28.622222222222224,-0.475
28.625,-0.48
28.627777777777776,-0.46
28.630555555555556,-0.42
28.633333333333333,-0.425
28.636111111111113,-0.45
28.63888888888889,-0.455
28.641666666666666,-0.44
28.644444444444446,-0.41
28.647222222222222,-0.395
28.65,-0.4
28.65277777777778,-0.405
28.655555555555555,-0.42
28.658333333333335,-0.425
28.66111111111111,-0.425
28.663888888888888,-0.415
28.666666666666668,-0.41
28.669444444444444,-0.425
28.67222222222222,-0.44
28.675,-0.445
28.677777777777777,-0.43
28.680555555555557,-0.415
28.683333333333334,-0.435
28.68611111111111,-0.45
28.68888888888889,-0.445
28.691666666666666,-0.44
28.694444444444443,-0.45
28.697222222222223,-0.455
28.7,-0.45
28.70277777777778,-0.45
28.705555555555556,-0.46
28.708333333333332,-0.47
28.711111111111112,-0.465
28.71388888888889,-0.46
28.716666666666665,-0.445
28.719444444444445,-0.465
28.72222222222222,-0.47
28.725,-0.465
28.727777777777778,-0.455
28.730555555555554,-0.45
28.733333333333334,-0.46
28.73611111111111,-0.47
28.738888888888887,-0.48
28.741666666666667,-0.475
28.744444444444444,-0.48
28.747222222222224,-0.46
28.75,-0.45
28.752777777777776,-0.455
28.755555555555556,-0.465
28.758333333333333,-0.47
28.761111111111113,-0.455
28.76388888888889,-0.445
28.766666666666666,-0.435
28.769444444444446,-0.435
28.772222222222222,-0.45
28.775,-0.45
28.77777777777778,-0.445
28.780555555555555,-0.44
28.783333333333335,-0.415
28.78611111111111,-0.43
28.788888888888888,-0.455
28.791666666666668,-0.445
28.794444444444444,-0.405
28.79722222222222,-0.405
28.8,-0.41
28.802777777777777,-0.43
28.805555555555557,-0.415
28.808333333333334,-0.415
28.81111111111111,-0.405
28.81388888888889,-0.405
28.816666666666666,-0.405
28.819444444444443,-0.39
28.822222222222223,-0.405
28.825,-0.415
28.82777777777778,-0.42
28.830555555555556,-0.42
28.833333333333332,-0.41
28.836111111111112,-0.425
28.83888888888889,-0.44
28.841666666666665,-0.455
28.844444444444445,-0.455
28.84722222222222,-0.44
28.85,-0.435
28.852777777777778,-0.465
28.855555555555554,-0.475
28.858333333333334,-0.465
28.86111111111111,-0.445
28.863888888888887,-0.43
28.866666666666667,-0.425
28.869444444444444,-0.455
28.872222222222224,-0.465
28.875,-0.445
28.877777777777776,-0.44
28.880555555555556,-0.425
28.883333333333333,-0.43
28.886111111111113,-0.45
28.88888888888889,-0.45
28.891666666666666,-0.47
28.894444444444446,-0.46
28.897222222222222,-0.45
28.9,-0.45
28.90277777777778,-0.45
28.905555555555555,-0.49
28.908333333333335,-0.475
28.91111111111111,-0.455
28.913888888888888,-0.405
28.916666666666668,-0.42
28.919444444444444,-0.445
28.92222222222222,-0.455
28.925,-0.45
28.927777777777777,-0.435
28.930555555555557,-0.41
28.933333333333334,-0.42
28.93611111111111,-0.43
28.93888888888889,-0.445
28.941666666666666,-0.445
28.944444444444443,-0.435
28.947222222222223,-0.425
28.95,-0.41
28.95277777777778,-0.4
28.955555555555556,-0.415
28.958333333333332,-0.425
28.961111111111112,-0.415
28.96388888888889,-0.39
28.966666666666665,-0.395
28.969444444444445,-0.405
28.97222222222222,-0.435
28.975,-0.42
28.977777777777778,-0.405
28.980555555555554,-0.405
28.983333333333334,-0.42
28.98611111111111,-0.42
28.988888888888887,-0.43
28.991666666666667,-0.445
28.994444444444444,-0.43
28.997222222222224,-0.425
29.0,-0.41
29.002777777777776,-0.445
29.005555555555556,-0.46
29.008333333333333,-0.47
29.011111111111113,-0.445
29.01388888888889,-0.46
29.016666666666666,-0.445
29.019444444444446,-0.445
29.022222222222222,-0.45
29.025,-0.455
29.02777777777778,-0.445
29.030555555555555,-0.455
29.033333333333335,-0.435
29.03611111111111,-0.44
29.038888888888888,-0.475
29.041666666666668,-0.48
29.044444444444444,-0.46
29.04722222222222,-0.44
29.05,-0.44
29.052777777777777,-0.455
29.055555555555557,-0.475
29.058333333333334,-0.45
29.06111111111111,-0.43
29.06388888888889,-0.425
29.066666666666666,-0.42
29.069444444444443,-0.415
29.072222222222223,-0.425
29.075,-0.43
29.07777777777778,-0.415
29.080555555555556,-0.39
29.083333333333332,-0.385
29.086111111111112,-0.405
29.08888888888889,-0.42
29.091666666666665,-0.415
29.094444444444445,-0.39
29.09722222222222,-0.39
29.1,-0.395
29.102777777777778,-0.4
29.105555555555554,-0.39
29.108333333333334,-0.345
29.11111111111111,-0.3
29.113888888888887,-0.225
29.116666666666667,-0.175
29.119444444444444,-0.13
29.122222222222224,-0.065
29.125,0.025
29.127777777777776,0.14
29.130555555555556,0.235
29.133333333333333,0.32
29.136111111111113,0.45
29.13888888888889,0.695
29.141666666666666,0.98
29.144444444444446,1.235
29.147222222222222,1.405
29.15,1.465
29.15277777777778,1.48
29.155555555555555,1.52
29.158333333333335,1.56
29.16111111111111,1.53
29.163888888888888,1.49
29.166666666666668,1.365
29.169444444444444,1.145
29.17222222222222,0.93
29.175,0.695
29.177777777777777,0.435
29.180555555555557,0.17
29.183333333333334,-0.05
29.18611111111111,-0.3
29.18888888888889,-0.475
29.191666666666666,-0.565
29.194444444444443,-0.58
29.197222222222223,-0.58
29.2,-0.6
29.20277777777778,-0.645
29.205555555555556,-0.67
29.208333333333332,-0.69
29.211111111111112,-0.71
29.21388888888889,-0.71
29.216666666666665,-0.71
29.219444444444445,-0.745
29.22222222222222,-0.775
29.225,-0.79
29.227777777777778,-0.77
29.230555555555554,-0.765
29.233333333333334,-0.775
29.23611111111111,-0.805
29.238888888888887,-0.81
29.241666666666667,-0.81
29.244444444444444,-0.815
29.247222222222224,-0.8
29.25,-0.79
29.252777777777776,-0.8
29.255555555555556,-0.815
29.258333333333333,-0.825
29.261111111111113,-0.805
29.26388888888889,-0.785
29.266666666666666,-0.77
29.269444444444446,-0.78
29.272222222222222,-0.785
29.275,-0.77
29.27777777777778,-0.75
29.280555555555555,-0.74
29.283333333333335,-0.74
29.28611111111111,-0.745
29.288888888888888,-0.735
29.291666666666668,-0.735
29.294444444444444,-0.725
29.29722222222222,-0.69
29.3,-0.675
29.302777777777777,-0.69
29.305555555555557,-0.695
29.308333333333334,-0.695
29.31111111111111,-0.69
29.31388888888889,-0.69
29.316666666666666,-0.705
29.319444444444443,-0.685
29.322222222222223,-0.705
29.325,-0.69
29.32777777777778,-0.68
29.330555555555556,-0.66
29.333333333333332,-0.635
29.336111111111112,-0.625
29.33888888888889,-0.645
29.341666666666665,-0.65
29.344444444444445,-0.625
29.34722222222222,-0.6
29.35,-0.58
29.352777777777778,-0.575
29.355555555555554,-0.59
29.358333333333334,-0.56
29.36111111111111,-0.525
29.363888888888887,-0.48
29.366666666666667,-0.46
29.369444444444444,-0.46
29.372222222222224,-0.465
29.375,-0.44
29.377777777777776,-0.385
29.380555555555556,-0.375
29.383333333333333,-0.365
29.386111111111113,-0.37
29.38888888888889,-0.36
29.391666666666666,-0.35
29.394444444444446,-0.325
29.397222222222222,-0.32
29.4,-0.32
29.40277777777778,-0.33
29.405555555555555,-0.355
29.408333333333335,-0.37
29.41111111111111,-0.365
29.413888888888888,-0.34
29.416666666666668,-0.335
29.419444444444444,-0.365
29.42222222222222,-0.405
29.425,-0.38
29.427777777777777,-0.37
29.430555555555557,-0.345
29.433333333333334,-0.36
29.43611111111111,-0.36
29.43888888888889,-0.36
29.441666666666666,-0.34
29.444444444444443,-0.335
29.447222222222223,-0.33
29.45,-0.315
29.45277777777778,-0.325
29.455555555555556,-0.335
29.458333333333332,-0.32
29.461111111111112,-0.315
29.46388888888889,-0.285
29.466666666666665,-0.275
29.469444444444445,-0.29
29.47222222222222,-0.305
29.475,-0.305
29.477777777777778,-0.275
29.480555555555554,-0.25
29.483333333333334,-0.275
29.48611111111111,-0.275
29.488888888888887,-0.295
29.491666666666667,-0.275
29.494444444444444,-0.275
29.497222222222224,-0.27
29.5,-0.27
29.502777777777776,-0.28
29.505555555555556,-0.27
29.508333333333333,-0.285
29.511111111111113,-0.285
29.51388888888889,-0.265
29.516666666666666,-0.24
29.519444444444446,-0.265
29.522222222222222,-0.285
29.525,-0.305
29.52777777777778,-0.28
29.530555555555555,-0.255
29.533333333333335,-0.245
29.53611111111111,-0.275
29.538888888888888,-0.29
29.541666666666668,-0.285
29.544444444444444,-0.27
29.54722222222222,-0.275
29.55,-0.265
29.552777777777777,-0.265
29.555555555555557,-0.275
29.558333333333334,-0.285
29.56111111111111,-0.29
29.56388888888889,-0.28
29.566666666666666,-0.265
29.569444444444443,-0.285
29.572222222222223,-0.3
29.575,-0.305
29.57777777777778,-0.295
29.580555555555556,-0.25
29.583333333333332,-0.255
29.586111111111112,-0.28
29.58888888888889,-0.275
29.591666666666665,-0.27
29.594444444444445,-0.265
29.59722222222222,-0.265
29.6,-0.26
29.602777777777778,-0.26
29.605555555555554,-0.275
29.608333333333334,-0.285
29.61111111111111,-0.275
29.613888888888887,-0.25
29.616666666666667,-0.265
29.619444444444444,-0.3
29.622222222222224,-0.3
29.625,-0.295
29.627777777777776,-0.285
29.630555555555556,-0.265
29.633333333333333,-0.27
29.636111111111113,-0.28
29.63888888888889,-0.3
29.641666666666666,-0.29
29.644444444444446,-0.265
29.647222222222222,-0.26
29.65,-0.25
29.65277777777778,-0.27
29.655555555555555,-0.285
29.658333333333335,-0.275
29.66111111111111,-0.28
29.663888888888888,-0.275
29.666666666666668,-0.265
29.669444444444444,-0.255
29.67222222222222,-0.28
29.675,-0.28
29.677777777777777,-0.28
29.680555555555557,-0.27
29.683333333333334,-0.27
29.68611111111111,-0.285
29.68888888888889,-0.305
29.691666666666666,-0.31
29.694444444444443,-0.295
29.697222222222223,-0.265
29.7,-0.27
29.70277777777778,-0.3
29.705555555555556,-0.305
29.708333333333332,-0.3
29.711111111111112,-0.29
29.71388888888889,-0.285
29.716666666666665,-0.275
29.719444444444445,-0.275
29.72222222222222,-0.3
29.725,-0.315
29.727777777777778,-0.285
29.730555555555554,-0.285
29.733333333333334,-0.265
29.73611111111111,-0.27
29.738888888888887,-0.29
29.741666666666667,-0.29
29.744444444444444,-0.255
29.747222222222224,-0.24
29.75,-0.265
29.752777777777776,-0.28
29.755555555555556,-0.27
29.758333333333333,-0.27
29.761111111111113,-0.255
29.76388888888889,-0.24
29.766666666666666,-0.235
29.769444444444446,-0.225
29.772222222222222,-0.255
29.775,-0.25
29.77777777777778,-0.235
29.780555555555555,-0.21
29.783333333333335,-0.205
29.78611111111111,-0.22
29.788888888888888,-0.24
29.791666666666668,-0.215
29.794444444444444,-0.2
29.79722222222222,-0.19
29.8,-0.195
29.802777777777777,-0.215
29.805555555555557,-0.215
29.808333333333334,-0.22
29.81111111111111,-0.21
29.81388888888889,-0.195
29.816666666666666,-0.185
29.819444444444443,-0.21
29.822222222222223,-0.23
29.825,-0.24
29.82777777777778,-0.215
29.830555555555556,-0.2
29.833333333333332,-0.21
29.836111111111112,-0.23
29.83888888888889,-0.245
29.841666666666665,-0.225
29.844444444444445,-0.23
29.84722222222222,-0.22
29.85,-0.23
29.852777777777778,-0.235
29.855555555555554,-0.245
29.858333333333334,-0.27
29.86111111111111,-0.27
29.863888888888887,-0.255
29.866666666666667,-0.25
29.869444444444444,-0.28
29.872222222222224,-0.3
29.875,-0.3
29.877777777777776,-0.28
29.880555555555556,-0.265
29.883333333333333,-0.29
29.886111111111113,-0.31
29.88888888888889,-0.33
29.891666666666666,-0.305
29.894444444444446,-0.31
29.897222222222222,-0.29
29.9,-0.27
29.90277777777778,-0.265
29.905555555555555,-0.26
29.908333333333335,-0.265
29.91111111111111,-0.275
29.913888888888888,-0.245
29.916666666666668,-0.245
29.919444444444444,-0.25
29.92222222222222,-0.265
29.925,-0.27
29.927777777777777,-0.25
29.930555555555557,-0.23
29.933333333333334,-0.23
29.93611111111111,-0.25
29.93888888888889,-0.27
29.941666666666666,-0.26
29.944444444444443,-0.245
29.947222222222223,-0.225
29.95,-0.23
29.95277777777778,-0.245
29.955555555555556,-0.25
29.958333333333332,-0.26
29.961111111111112,-0.245
29.96388888888889,-0.225
29.966666666666665,-0.23
29.969444444444445,-0.215
29.97222222222222,-0.215
29.975,-0.225
29.977777777777778,-0.215
29.980555555555554,-0.2
29.983333333333334,-0.185
29.98611111111111,-0.215
29.988888888888887,-0.24
29.991666666666667,-0.225
29.994444444444444,-0.205
29.997222222222224,-0.19
